-- Adminer 4.8.1 MySQL 5.7.37-0ubuntu0.18.04.1 dump

SET NAMES utf8;
SET time_zone = '+00:00';
SET foreign_key_checks = 0;
SET sql_mode = 'NO_AUTO_VALUE_ON_ZERO';

TRUNCATE `ax_catalog_basket`;
INSERT INTO `ax_catalog_basket` (`id`, `user_id`, `catalog_product_id`, `document_order_id`, `currency_id`, `quantity`,
                                 `status`, `created_at`, `updated_at`, `deleted_at`)
VALUES (8, 11, 44, 5, NULL, 1, 1, 1657608927, 1657608930, NULL),
       (12, 6, 77, 6, NULL, 1, 1, 1664610894, 1664612863, NULL),
       (16, 20, 72, 7, NULL, 1, 1, 1666448303, 1666448335, NULL);

TRUNCATE `ax_catalog_category`;
INSERT INTO `ax_catalog_category` (`id`, `category_id`, `render_id`, `is_published`, `is_favourites`, `is_watermark`,
                                   `image`, `show_image`, `url`, `alias`, `title`, `title_short`, `description`,
                                   `preview_description`, `sort`, `created_at`, `updated_at`, `deleted_at`)
VALUES (2, NULL, NULL, 0, 0, 0, NULL, 0, 'razdelochnye-servirovochnye-doski', 'razdelochnye-servirovochnye-doski',
        'Разделочные | Сервировочные доски', NULL, NULL, NULL, NULL, 1651611600, 1651653211, NULL),
       (3, NULL, NULL, 0, 0, 0, NULL, 0, 'doska-kamen', 'doska-kamen', 'доска \"Камень\"', NULL, NULL, NULL, NULL,
        1651611600, 1651653234, NULL),
       (4, NULL, NULL, 0, 0, 0, NULL, 0, 'torcevye-doski', 'torcevye-doski', 'Торцевые доски', NULL, NULL, NULL, NULL,
        1651611600, 1651653255, NULL),
       (5, NULL, NULL, 0, 0, 0, NULL, 0, 'podnosy', 'podnosy', 'Подносы', NULL, NULL, NULL, NULL, 1651611600,
        1651653276, NULL),
       (6, NULL, NULL, 0, 0, 0, NULL, 0, 'podstavka-dlya-telefona', 'podstavka-dlya-telefona', 'Подставка для телефона',
        NULL, NULL, NULL, NULL, 1651611600, 1651653306, NULL),
       (7, NULL, NULL, 0, 0, 0, NULL, 0, 'soputstvuyushie-tovary', 'soputstvuyushie-tovary', 'Сопутствующие товары',
        NULL, NULL, NULL, NULL, 1651611600, 1651653413, NULL);


TRUNCATE `ax_catalog_delivery_status`;
INSERT INTO `ax_catalog_delivery_status` (`id`, `title`, `key`, `description`, `image`, `sort`, `created_at`,
                                          `updated_at`, `deleted_at`)
VALUES (1, 'В обработке', 'in_processing', NULL, NULL, 100, 1656279103, 1656279103, NULL),
       (2, 'Доставляется', 'is_delivered', NULL, NULL, 100, 1656279103, 1656279103, NULL),
       (3, 'Доставлен', 'delivered', NULL, NULL, 100, 1656279103, 1656279103, NULL);

TRUNCATE `ax_catalog_delivery_type`;
INSERT INTO `ax_catalog_delivery_type` (`id`, `is_active`, `title`, `alias`, `cost`, `description`, `image`, `sort`,
                                        `created_at`, `updated_at`, `deleted_at`)
VALUES (1, 1, 'Служба доставки СДЭК', 'sluzhba-dostavki-sdek', 350, NULL, NULL, 100, 1651608269, 1656279103, NULL),
       (2, 1, 'Курьером по г.Краснодару', 'kurerom-po-g-krasnodaru', 350, NULL, NULL, 100, 1651608269, 1656279103,
        NULL),
       (3, 1, 'Почта Россия', 'pochta-rossiya', 350, NULL, NULL, 100, 1651608269, 1656279103, NULL);

TRUNCATE `ax_catalog_payment_status`;
INSERT INTO `ax_catalog_payment_status` (`id`, `title`, `key`, `description`, `image`, `sort`, `created_at`,
                                         `updated_at`, `deleted_at`)
VALUES (1, 'Оплачен', 'paid', NULL, NULL, 100, 1656279103, 1656279103, NULL),
       (2, 'Не оплачен', 'not_paid', NULL, NULL, 100, 1656279103, 1656279103, NULL),
       (3, 'В обработке', 'in_processing', NULL, NULL, 100, 1656279103, 1656279103, NULL);

TRUNCATE `ax_catalog_payment_type`;
INSERT INTO `ax_catalog_payment_type` (`id`, `is_active`, `title`, `alias`, `description`, `image`, `sort`,
                                       `created_at`, `updated_at`, `deleted_at`)
VALUES (1, 1, 'Банковской картой', 'bankovskoj-kartoj', NULL, NULL, 100, 1651608269, 1651608269, NULL),
       (2, 0, 'Электронными деньгами', 'elektronnymi-dengami', NULL, NULL, 100, 1651608269, 1651608269, NULL),
       (3, 0, 'Переводом через интернет-банк', 'perevodom-cherez-internet-bank', NULL, NULL, 100, 1651608269,
        1651608269, NULL);

TRUNCATE `ax_catalog_product`;
INSERT INTO `ax_catalog_product` (`id`, `category_id`, `render_id`, `is_published`, `is_favourites`, `is_comments`,
                                  `is_watermark`, `is_single`, `media`, `url`, `alias`, `title`, `price`, `title_short`,
                                  `preview_description`, `description`, `show_date`, `image`, `hits`, `sort`, `stars`,
                                  `created_at`, `updated_at`, `deleted_at`)
VALUES (2, 3, NULL, 1, 0, 0, 0, 1, NULL, 'zakat', 'zakat', '✶ Закат ✶', 2000.00, NULL, NULL,
        '<p class=\"MsoNormal\" style=\"margin-left:-7.1pt\"><span style=\"font-size: 12pt; line-height: 107%; font-family: \" times=\"\" new=\"\" roman\",=\"\" serif;=\"\" background-image:=\"\" initial;=\"\" background-position:=\"\" background-size:=\"\" background-repeat:=\"\" background-attachment:=\"\" background-origin:=\"\" background-clip:=\"\" initial;\"=\"\">На кухне мы ежедневно используем посуду, доски и другие предметы. <o:p></o:p></span></p><p class=\"MsoNormal\" style=\"margin-left:-7.1pt\"><span style=\"font-size: 12pt; line-height: 107%; font-family: \" times=\"\" new=\"\" roman\",=\"\" serif;=\"\" background-image:=\"\" initial;=\"\" background-position:=\"\" background-size:=\"\" background-repeat:=\"\" background-attachment:=\"\" background-origin:=\"\" background-clip:=\"\" initial;\"=\"\">В основном мы готовим на них, еще на досках мы можем подавать любые нарезки, брускетты, фрукты, закуски.<o:p></o:p></span></p><p class=\"MsoNormal\" style=\"margin-left:-7.1pt\"><span style=\"font-size: 12pt; line-height: 107%; font-family: \" times=\"\" new=\"\" roman\",=\"\" serif;=\"\" background-image:=\"\" initial;=\"\" background-position:=\"\" background-size:=\"\" background-repeat:=\"\" background-attachment:=\"\" background-origin:=\"\" background-clip:=\"\" initial;\"=\"\">Эта доска выполнена из прекрасного дерева Абрикос и что бы вы на ней не подали, все будет выглядеть шикарно, как (в уютном ресторане).<o:p></o:p></span></p><p class=\"MsoNormal\" style=\"margin-left:-7.1pt\"><span style=\"font-size: 12pt; line-height: 107%; font-family: \" times=\"\" new=\"\" roman\",=\"\" serif;=\"\" background-image:=\"\" initial;=\"\" background-position:=\"\" background-size:=\"\" background-repeat:=\"\" background-attachment:=\"\" background-origin:=\"\" background-clip:=\"\" initial;\"=\"\">Друзья оценят такую подачу.<o:p></o:p></span></p><p class=\"MsoNormal\" style=\"margin-left:-7.1pt\"><span style=\"font-size: 12pt; line-height: 107%; font-family: \" times=\"\" new=\"\" roman\",=\"\" serif;=\"\" background-image:=\"\" initial;=\"\" background-position:=\"\" background-size:=\"\" background-repeat:=\"\" background-attachment:=\"\" background-origin:=\"\" background-clip:=\"\" initial;\"=\"\">Согласитесь, куда приятнее кушать красиво ведь это задает определенную атмосферу.</span><span style=\"font-size:12.0pt;line-height:107%;font-family:\" times=\"\" new=\"\" roman\",serif\"=\"\"><br> <br> <span style=\"background-image: initial; background-position: initial; background-size: initial; background-repeat: initial; background-attachment: initial; background-origin: initial; background-clip: initial;\">Создавая такие вещи, с умилением думаю как вы будете радоваться и рассказывать своим друзьям и близким как ее нашли, как в нее влюбились и теперь она ваша, и такая только у вас. <o:p></o:p></span></span></p><p><br></p>',
        1, '/upload/ax_catalog_product/zakat/I4M5AzlzUdEhSJM1zEVRyp0v0mJNPJogSPFIUVvp.jpeg', 0, 1, 0.00, 1651785420,
        1656279103, NULL),
       (3, 2, NULL, 1, 0, 0, 0, 1, NULL, 'rozmarin', 'rozmarin', '✶ Розмарин ✶', 1100.00, NULL, NULL,
        '<p class=\"MsoNormal\" style=\"margin-left:-7.1pt\"><span style=\"font-size: 16px;\">У Вас на кухне тоже есть доски разного калибра?</span></p><p class=\"MsoNormal\" style=\"margin-left:-7.1pt\"><span style=\"font-size: 16px;\">У меня, да.</span></p><p class=\"MsoNormal\" style=\"margin-left:-7.1pt\"><span style=\"font-size: 16px;\">Иногда, чтоб отрезать что-то небольшое, кусочек сыра, зелень нарезать или лимончик к чаю, совсем не хочется брать большую доску.</span></p><p class=\"MsoNormal\" style=\"margin-left:-7.1pt\"><span style=\"font-size: 16px;\">Именно для этих целей и делаю таких малышек. </span></p><p class=\"MsoNormal\" style=\"margin-left:-7.1pt\"><br></p>',
        1, '/upload/ax_catalog_product/rozmarin/LRdZmXFINVIPEINGeRVN5EH7fdqOSTcoJr1fkakF.jpeg', 0, 3, 0.00, 1651785360,
        1656279103, NULL),
       (4, 2, NULL, 1, 0, 0, 0, 1, NULL, 'kruassan', 'kruassan', '✶ Круассан ✶', 1800.00, NULL, NULL,
        '<h6 style=\"margin-left:-7.1pt\">Утро, вы выходите на террасу или балкон, у вас на доске стоит чашечка ароматного кофе и рядом пристроился круассан или бутерброд. </h6><h6 style=\"margin-left:-7.1pt\">Отличное начало дня, как встретишь утро так и проведешь день. </h6><h6 style=\"margin-left:-7.1pt\">Такая доска удобна как нарезки, так и для подачи.</h6><p style=\"margin-left: -7.1pt;\"><br></p>',
        1, '/upload/ax_catalog_product/kruassan/t1jUF8NpGuvCAmXgIJj0fVntf45wCZ8hp3G0BpTz.jpeg', 0, 6, 0.00, 1651784760,
        1656279103, NULL),
       (5, 2, NULL, 1, 0, 0, 0, 1, NULL, 'artishok', 'artishok', '✶ Артишок ✶', 2000.00, NULL, NULL,
        '<p class=\"MsoNormal\" style=\"margin-left:-7.1pt\"><span style=\"font-size: 16px;\">Режем все и много.</span></p><p class=\"MsoNormal\" style=\"margin-left:-7.1pt\"><span style=\"font-size: 16px;\">Один из удобных размеров для работы на кухне.</span></p>',
        1, '/upload/ax_catalog_product/artishok/Y1URWayGpmI4z7kR7Q9Jfgahbvy2IwMoTVo48N79.jpeg', 0, 6, 0.00, 1651785120,
        1656279103, NULL),
       (6, 2, NULL, 1, 0, 0, 0, 1, NULL, 'morkov', 'morkov', '✶ Морковь ✶', 2000.00, NULL, NULL,
        '<p class=\"MsoNormal\" style=\"margin-left:-7.1pt\"><span style=\"font-size: 16px;\">Все готовим и режем.</span></p><p class=\"MsoNormal\" style=\"margin-left:-7.1pt\"><span style=\"font-size: 16px;\">А еще и подаем красиво.</span></p><p class=\"MsoNormal\" style=\"margin-left:-7.1pt\"><span style=\"font-size: 16px;\">На одной стороне режем, другую оставляем без порезов для красивой подачи.</span></p><p class=\"MsoNormal\" style=\"margin-left:-7.1pt\"><br></p>',
        1, '/upload/ax_catalog_product/morkov/sY4zEEhOmWFgk8cTkoQXQoXBP9oNF4hKpwtIriF5.jpeg', 0, 7, 0.00, 1651786080,
        1656279103, NULL),
       (7, 2, NULL, 1, 0, 0, 0, 1, NULL, 'syr', 'syr', '✶ Сыр ✶', 2200.00, NULL, NULL,
        '<p class=\"MsoNormal\" style=\"margin-left:-7.1pt\"><span style=\"font-size: 16px;\">Когда места надо много. </span></p><p class=\"MsoNormal\" style=\"margin-left:-7.1pt\"><span style=\"font-size: 16px;\">Режем большой сыр. </span></p>',
        1, '/upload/ax_catalog_product/syr/HFlK4SUANdyRRFtEa6hVHZQlW32vXqUQzJgGVZJ4.jpeg', 0, 12, 0.00, 1651784940,
        1656279103, NULL),
       (8, 3, NULL, 1, 0, 0, 0, 1, NULL, 'vorobushek', 'vorobushek', '✶ Воробушек ✶', 2500.00, NULL, NULL,
        '<p><span style=\"font-size: 16px;\">Когда хочется необычного на кухне. Например доску нетрадиционного вида.</span></p><p><span style=\"font-size: 16px;\"> Доска создавалась как для нарезки, так и для интересной сервировки. </span></p><p><span style=\"font-size: 16px;\">Мне нравится такая форма доски, доска \"камушек\". </span></p><p><span style=\"font-size: 16px;\">Поверьте, она удивит ваших гостей. </span></p>',
        1, '/upload/ax_catalog_product/vorobushek/iz9EGYTYvTpEW0zFY7M1JjbLFD4K4OFqSKmlteRq.jpeg', 0, 8, 0.00,
        1651784880, 1656279103, NULL),
       (9, 2, NULL, 1, 0, 0, 0, 1, NULL, 'forel', 'forel', '✶ Форель ✶', 2800.00, NULL, NULL,
        '<p><span style=\"font-size: 16px;\">Вы тоже используете для каждых продуктов свою доску?</span></p><p><span style=\"font-size: 16px;\">Это правильно и удобно.</span></p>',
        1, '/upload/ax_catalog_product/forel/M0CR8f6T8xlLuBJpz7eyco5JTVoR6cawebs3ZmOJ.jpeg', 0, 9, 0.00, 1651785720,
        1656279103, NULL),
       (10, 2, NULL, 1, 0, 0, 0, 1, NULL, 'shtopor', 'shtopor', '✶ Штопор ✶', 2300.00, NULL, NULL,
        '<p><span style=\"font-size: 16px;\">Идеальный намёк на чудесный вечер.</span></p>', 1,
        '/upload/ax_catalog_product/shtopor/3kjaLFGThRo7azz2oSutNqUlatUnvlr2elROpTUa.jpeg', 0, 11, 0.00, 1651785900,
        1656279103, NULL),
       (11, 2, NULL, 1, 0, 0, 0, 1, NULL, 'paporotnik', 'paporotnik', '✶ Папоротник ✶', 1500.00, NULL, NULL,
        '<p><span style=\"font-size: 16px;\">Готовим вкусно, подаем красиво.</span></p>', 1,
        '/upload/ax_catalog_product/paporotnik/DJiOIvhybxRTee79lp5j914jUfb2ai4dMCXNFXAy.jpeg', 0, 2, 0.00, 1651784700,
        1656279103, NULL),
       (12, 3, NULL, 1, 0, 0, 0, 1, NULL, 'glaz-zebry', 'glaz-zebry', '✶ Глаз зебры ✶', 1600.00, NULL, NULL,
        '<p><span style=\"font-size: 16px;\">Интересная получилась доска. </span></p><p><span style=\"font-size: 16px;\">Годовые кольца дерева затушевала пирографом, подчеркнула природную красоту и вуаля. </span></p><p><span style=\"font-size: 16px;\">Идеальна для подачи. </span></p><p><span style=\"font-size: 16px;\">Помним, что одну сторону используем для нарезки, другую для подачи.</span></p><p><br></p>',
        1, '/upload/ax_catalog_product/glaz-zebry/MII1UI6mHTDd1oEoS827cFoJF8KSd7X0u0DXLaV7.jpeg', 0, 5, 0.00,
        1651784640, 1656279103, NULL),
       (13, 2, NULL, 1, 0, 0, 0, 1, NULL, 'morskaya-zvezda', 'morskaya-zvezda', '✶ Морская Звезда ✶', 1100.00, NULL,
        NULL,
        '<p><span style=\"font-size: 16px;\">Звёздочка, доска-малышка будет прекрасным напоминанием и лете и море. </span></p><p><br></p><p><br></p>',
        1, '/upload/ax_catalog_product/morskaya-zvezda/i2uYlN5T2j0pAm2d7VGhXxHhm5tIDzZtEVHKmLcW.jpeg', 0, NULL, 0.00,
        1651787520, 1656279103, NULL),
       (14, 2, NULL, 1, 0, 0, 0, 1, NULL, 'solnce', 'solnce', '✶ Солнышко ✶', 1200.00, NULL, NULL,
        '<p><span style=\"font-size: 16px;\">Для любителей досок потолще. </span></p><p><span style=\"font-size: 16px;\">Небольшая но толстенькая доска прекрасно приживется у вас на кухне. </span></p><p><span style=\"font-size: 16px;\">А солнышко всегда будут радовать и наполнять ваш стол лучиками света и тепла. </span></p>',
        1, '/upload/ax_catalog_product/solnce/nPmsGwtsUM9CJZellFeISOmWiZpo6tNvTs4yw2Pe.jpeg', 0, NULL, 0.00, 1651784580,
        1656279103, NULL),
       (15, 2, NULL, 1, 0, 0, 0, 1, NULL, 'bambuk', 'bambuk', '✶ Бамбук ✶', 1000.00, NULL, NULL,
        '<p><span style=\"font-size: 16px;\">Небольшие доски прекрасные помощницы на кухне.</span></p><p><span style=\"font-size: 16px;\">У досочки неповторимая текстура и прекрасный рисунок. </span></p><p><span style=\"font-size: 16px;\">Мы же помним, на одной стороне режим, на другой подаем. </span></p><p><br></p>',
        1, '/upload/ax_catalog_product/bambuk/7G60T1lkNIn2Ncel5ddOv3ANtkS1jJqaTvFDtUaN.jpeg', 0, NULL, 0.00, 1651784520,
        1656279103, NULL),
       (16, 2, NULL, 1, 0, 0, 0, 1, NULL, 'solnce-1', 'solnce-1', '✶ Солнце ✶', 1200.00, NULL, NULL,
        '<p><span style=\"font-size: 16px;\">Доска Солнце, небольшая, лёгкая, удобная для повседневной работы и подачи.</span><br></p>',
        1, '/upload/ax_catalog_product/solnce-1/trjbrIit2qcSB5VGTZ1Ght1N49Lx5k3LnHkmLNKB.jpeg', 0, NULL, 0.00,
        1651785600, 1656279103, NULL),
       (17, 2, NULL, 1, 0, 0, 0, 1, NULL, 'luna', 'luna', '✶ Луна ✶', 1200.00, NULL, NULL,
        '<p><span style=\"font-size: 16px;\">Доска Луна, небольшая, лёгкая, удобная для повседневной работы и подачи.</span><br></p>',
        1, '/upload/ax_catalog_product/luna/BHsXgprlPbEdLjVUz1Kxt7g7KyUjWMqmbVtk59xv.jpeg', 0, NULL, 0.00, 1651787160,
        1656279103, NULL),
       (18, 2, NULL, 1, 0, 0, 0, 1, NULL, 'shokoladnaya-karamel', 'shokoladnaya-karamel', '✶ Шоколадная Карамель ✶',
        1200.00, NULL, NULL,
        '<p><span style=\"font-size: 16px;\">Есть доски красивы сами по себе, самодостаточны, не хочется дополнять их рисунком. </span></p><p><span style=\"font-size: 16px;\">Как эта, из яркого и фактурного ясеня.</span><br></p>',
        1, '/upload/ax_catalog_product/shokoladnaya-karamel/cf6oShTigUpraezMoAXESwefkeP1IayHG7xqIJx4.jpeg', 0, NULL,
        0.00, 1651784460, 1656279103, NULL),
       (19, 3, NULL, 1, 0, 0, 0, 1, NULL, 'lodochka', 'lodochka', '✶ Лодочка ✶', 1200.00, NULL, NULL,
        '<p><span style=\"font-size: 16px;\">Доска Лодочка HARMONIE будет однозначно привлекать внимание на вашем столе с любой нарезкой.</span><br></p>',
        1, '/upload/ax_catalog_product/lodochka/O6Tpw32brf1I987nOzV55ITkW734vmGkOkNM07Q3.jpeg', 0, NULL, 0.00,
        1651786020, 1656279103, NULL),
       (20, 3, NULL, 1, 0, 0, 0, 1, NULL, 'lodochka-1', 'lodochka-1', '✶ Лодочка ◉ ✶', 1200.00, NULL, NULL,
        '<p><span style=\"font-size: 16px;\">Доска Лодочка HARMONIE с небольшим сучком, будет однозначно привлекать внимание на вашем столе с любой нарезкой.</span><br></p>',
        1, '/upload/ax_catalog_product/lodochka-1/vQ9A0b7vvtFjV38zLVt0RKRNvN253jsLNyh4f0TG.jpeg', 0, NULL, 0.00,
        1651786740, 1656279103, NULL),
       (21, 3, NULL, 1, 0, 0, 0, 1, NULL, 'lodochka-mini', 'lodochka-mini', '✶ Лодочка mini ◉ ✶', 600.00, NULL, NULL,
        '<p><span style=\"font-size: 16px;\">Доска Лодочка mini HARMONIE с маленьким сучком, будет помощницей на вашей кухне. </span></p><p><span style=\"font-size: 16px;\">Или прекрасно будет смотреться со свечой на вашем столе, создавая романтическое настроение.</span><br></p>',
        1, '/upload/ax_catalog_product/lodochka-mini/qil8sk5AIJPu3Ff53uZx7xlTG1WGZVUYXvgF65ex.jpeg', 0, NULL, 0.00,
        1651785660, 1656279103, NULL),
       (22, 3, NULL, 1, 0, 0, 0, 1, NULL, 'lodochka-mini-1', 'lodochka-mini-1', '✶ Лодочка mini ✶', 600.00, NULL, NULL,
        '<p style=\"font-size: 12.8px;\"><span style=\"font-size: 16px;\">Доска Лодочка mini HARMONIE будет помощницей на вашей кухне.</span></p><p style=\"font-size: 12.8px;\"><span style=\"font-size: 16px;\">Или прекрасно будет смотреться со свечой на вашем столе, создавая романтическое настроение.</span></p>',
        1, '/upload/ax_catalog_product/lodochka-mini-1/3yY7fW0w0KIL3tRvwa7J58WRbjfimMTA2h4faJee.jpeg', 0, NULL, 0.00,
        1651786980, 1656279103, NULL),
       (23, 2, NULL, 1, 0, 0, 0, 1, NULL, 'ahoy', 'ahoy', '✶ AHOY ✶', 1400.00, NULL, NULL,
        '<p><span style=\"font-size: 16px;\">Доска с забавной рыбкой, всегда будет поднимать вам настроение и помогать на кухне.</span><br></p>',
        1, '/upload/ax_catalog_product/ahoy/OtIEoNibq4BOK0ayJvZRPZMlgoIOTyn3NvrDob1m.jpeg', 0, NULL, 0.00, 1651786800,
        1656279103, NULL),
       (24, 2, NULL, 1, 0, 0, 0, 1, NULL, 'listik-pyoryshko', 'listik-pyoryshko', '✶ Листик-Пёрышко ✶', 1000.00, NULL,
        NULL,
        '<p><span style=\"font-size: 16px;\">Листик или Пёрышко? </span></p><p><span style=\"font-size: 16px;\">Вот так, начинаешь выжигать один рисунок а выходит другой. </span></p><p><span style=\"font-size: 16px;\">Получилась изящная доска, красивый сучок и элегантный лист. </span><br></p>',
        1, '/upload/ax_catalog_product/listik-pyoryshko/LvyYJP4QGHa3zzkyOA4FQewTnYWeWgIoxWyhGyfF.jpeg', 0, NULL, 0.00,
        1651787280, 1656279103, NULL),
       (25, 2, NULL, 1, 0, 0, 0, 1, NULL, 'avokado', 'avokado', '✶ Авокадо ✶', 1300.00, NULL, NULL,
        '<p><span style=\"font-size: 16px;\">Доска с изящной ручкой и рисунком Авокадо, идеально подойдёт для нарезки небольших овощей.</span><br></p>',
        1, '/upload/ax_catalog_product/avokado/9WxM6Vo4QUD3NKbaLmpb0BrI9V88wwFKJNNPMCkU.jpeg', 0, NULL, 0.00,
        1651786440, 1656279103, NULL),
       (26, 2, NULL, 1, 0, 0, 0, 1, NULL, 'ukrop', 'ukrop', '✶ Укроп ✶', 1600.00, NULL, NULL,
        '<p><span style=\"font-size: 16px;\">Доска с изящной ручкой и укропчиком, напомнит что тут мы режим зелень и овощи. </span><br></p>',
        1, '/upload/ax_catalog_product/ukrop/sPaxCuGHHKEETmssd0uB96HQ3Q0kOMxNikgPI5wG.jpeg', 0, NULL, 0.00, 1651785180,
        1656279103, NULL),
       (27, 2, NULL, 1, 0, 0, 0, 1, NULL, 'plamya-fitilka', 'plamya-fitilka', '✶ Пламя фитилька ✶', 1000.00, NULL, NULL,
        '<p style=\"font-size: 12.8px;\"><span style=\"font-size: 16px;\">Есть доски красивы сами по себе, самодостаточны, не хочется дополнять их рисунком.</span></p><p style=\"font-size: 12.8px;\"><span style=\"font-size: 16px;\">Как эта, из яркого и фактурного ясеня с изящной ручкой.</span></p>',
        1, '/upload/ax_catalog_product/plamya-fitilka/HrAYjd2F01MlxJXvDeRAzOsGQlV9J6HFxbpsDgZu.jpeg', 0, NULL, 0.00,
        1651785060, 1656279103, NULL),
       (28, 2, NULL, 1, 0, 0, 0, 1, NULL, 'kolokaziya', 'kolokaziya', '✶ Колоказия ✶', 1500.00, NULL, NULL,
        '<p><span style=\"font-size: 16px;\">Доска с изящным листом цветка Колоказия, будет радовать ваш взор, ведь такая есть только у вас.</span><br></p>',
        1, '/upload/ax_catalog_product/kolokaziya/bDAf2b5fQljgNNrroHDO88W6pRD5ZnXIQkGG51xo.jpeg', 0, NULL, 0.00,
        1651786380, 1656279103, NULL),
       (29, 2, NULL, 1, 0, 0, 0, 1, NULL, 'obereg', 'obereg', '✶ Оберег ✶', 1000.00, NULL, NULL,
        '<p><span style=\"font-size: 16px;\">Еще одна доска для любителей потолще. </span></p><p><span style=\"font-size: 16px;\">Изящные перышки в виде оберега помогут вам создавать шедевры на вашей кухне. </span><br></p>',
        1, '/upload/ax_catalog_product/obereg/kqdZUPBaHXWmxHdIbFrFNT2N4O82GSswUAbEWSKp.jpeg', 0, NULL, 0.00, 1651786860,
        1656279103, NULL),
       (30, 3, NULL, 1, 0, 0, 0, 1, NULL, 'karamel-max', 'karamel-max', '✶ Карамель max ✶', 2500.00, NULL, NULL,
        '<p><span style=\"font-size: 16px;\">Удивите ваших гостей необычной подачей, они будут в восторге.</span></p><p><br></p>',
        1, '/upload/ax_catalog_product/karamel-max/9SjDUIdV13SMyqHHRGxNbsIFqO5O25Txdi09ZG6H.jpeg', 0, NULL, 0.00,
        1651786920, 1656279103, NULL),
       (31, 3, NULL, 1, 0, 0, 0, 1, NULL, 'karamel-max-1', 'karamel-max-1', '✶ Карамель max ◉ ✶', 2500.00, NULL, NULL,
        '<p><span style=\"font-size: 16px;\">Удивите ваших гостей необычной подачей, они будут в восторге.</span><br></p>',
        1, '/upload/ax_catalog_product/karamel-max-1/cfp5dz8SAcR18dzNDD67grqOdVSCBeXGf4Wb5F8P.jpeg', 0, NULL, 0.00,
        1651786680, 1656279103, NULL),
       (32, 2, NULL, 1, 0, 0, 0, 1, NULL, 'lukovka', 'lukovka', '✶ Луковка ✶', 1100.00, NULL, NULL,
        '<p><span style=\"font-size: 16px;\">У каждого вида продуктов своя доска.</span><br></p>', 1,
        '/upload/ax_catalog_product/lukovka/K9ttcfu8qbSUApw5rVEF3pCbb6gtZrjJAjkKwx78.jpeg', 0, NULL, 0.00, 1651787100,
        1656279103, NULL),
       (33, 2, NULL, 1, 0, 0, 0, 1, NULL, 'fuksiya', 'fuksiya', '✶ Фуксия ✶', 1600.00, NULL, NULL,
        '<p><span style=\"font-size: 16px;\">Универсальная доска. Для каких продуктов и подачи чего, выбирать вам.</span><br></p>',
        1, '/upload/ax_catalog_product/fuksiya/8cU8p5hwfflkg0l7OeSkwVCheFyi5ahPjoK2HsOC.jpeg', 0, NULL, 0.00,
        1651785960, 1656279103, NULL),
       (34, 2, NULL, 1, 0, 0, 0, 1, NULL, 'zebra', 'zebra', '✶ Зебра ✶', 1800.00, NULL, NULL,
        '<p><span style=\"font-size: 16px;\">Яркая, выразительная доска. </span></p><p><span style=\"font-size: 16px;\">А эта зебра всегда будет </span><span style=\"font-size: 16px;\">вас</span><span style=\"font-size: 16px;\"> радовать и ассоциироваться с самыми приятными и веселыми моментами.</span></p>',
        1, '/upload/ax_catalog_product/zebra/nqIT8DkYd2Z0wMpfZATmzpwWNFEcxrM0rfMVBKOY.jpeg', 0, NULL, 0.00, 1651787040,
        1656279103, NULL),
       (35, 2, NULL, 1, 0, 0, 0, 1, NULL, 'babochka', 'babochka', '✶ Бабочка ✶', 1200.00, NULL, NULL,
        '<p><span style=\"font-size: 16px;\">На доске с бабочкой будет прекрасно смотреться любая нарезка. </span></p><p><span style=\"font-size: 16px;\">А другую сторону используем по назначению, режем.</span><br></p>',
        1, '/upload/ax_catalog_product/babochka/hBsyCCIFrm9rfVPpOwx01Y1j3yJ0k87HWk9hMKqI.jpeg', 0, NULL, 0.00,
        1651786500, 1656279103, NULL),
       (36, 2, NULL, 1, 0, 0, 0, 1, NULL, 'baguette', 'baguette', '✶ Baguette ✶', 2800.00, NULL, NULL,
        '<p><span style=\"font-size: 16px;\">Хлебная доска Baguette прекрасно подойдет для нарезки батона, колбас да всего чего захотите.</span></p>',
        1, '/upload/ax_catalog_product/baguette/Y4PuPO4IjIH33b3GLWoS3eMkvSFBOeIAJvKbnVMw.jpeg', 0, NULL, 0.00,
        1651786260, 1656279103, NULL),
       (37, 2, NULL, 1, 0, 0, 0, 1, NULL, 'limon', 'limon', '✶ Лимон ✶', 2700.00, NULL, NULL,
        '<p><span style=\"font-size: 16px;\">Один из самых удобных размеров для работы с любыми продуктами. </span></p><p><span style=\"font-size: 16px;\">Она станет прекрасной помощницей на вашей кухне. </span><br></p>',
        1, '/upload/ax_catalog_product/limon/y1XaroBOiG2bpEwbtMUeDmZvK8tbH2yaQopZeFyk.jpeg', 0, NULL, 0.00, 1651785840,
        1656279103, NULL),
       (38, 2, NULL, 1, 0, 0, 0, 1, NULL, 'sinij-kit', 'sinij-kit', '✶ Синий Кит ✶', 2700.00, NULL, NULL,
        '<p><span style=\"font-size: 16px;\">Доска из серии самых удобных размеров на кухне.</span><br></p>', 1,
        '/upload/ax_catalog_product/sinij-kit/iyFc6uUzI5olqrcrRbwzY0fbT4yA9Y9W7PQGJs0L.jpeg', 0, NULL, 0.00, 1651786560,
        1656279103, NULL),
       (39, 2, NULL, 1, 0, 0, 0, 1, NULL, 'forel-karandashom', 'forel-karandashom', '✶ Форель карандашом ✶', 3000.00,
        NULL, NULL, '<p><span style=\"font-size: 16px;\">Режем много и всё сразу.</span><br></p>', 1,
        '/upload/ax_catalog_product/forel-karandashom/TYfjuvxL4v56Mo11uLrgR3smzpeRLYAkpdpIzLLu.jpeg', 0, NULL, 0.00,
        1651786200, 1656279103, NULL),
       (40, 2, NULL, 1, 0, 0, 0, 1, NULL, 'cvetok-mandala', 'cvetok-mandala', '✶ Цветок Мандала ✶', 1600.00, NULL, NULL,
        '<p><span style=\"font-size: 16px;\">Еще один экземпляр для любителей толстеньких досок.</span><br></p>', 1,
        '/upload/ax_catalog_product/cvetok-mandala/izZNiM0o2dGF6iRzvAdaiWQ8Vl0YHJxzp0TYjCK9.jpeg', 0, NULL, 0.00,
        1651786140, 1656279103, NULL),
       (41, 2, NULL, 1, 0, 0, 0, 1, NULL, 'izyashnyj-rozmarin', 'izyashnyj-rozmarin', '✶ Изящный Розмарин ✶', 2000.00,
        NULL, NULL,
        '<p><span style=\"font-size: 16px;\">Доска  живыми краями и легким рисунком розмарина прекрасно впишется в любой интерьер кухни.</span><br></p>',
        1, '/upload/ax_catalog_product/izyashnyj-rozmarin/IJ228m0P6Lyx82kuIZczlXJdIo1VCqZw5Rq1ShDn.jpeg', 0, NULL, 0.00,
        1651787220, 1656279103, NULL),
       (42, 2, NULL, 1, 0, 0, 0, 1, NULL, 'neptuneya', 'neptuneya', '✶ Нептунея ✶', 1500.00, NULL, NULL,
        '<p><span style=\"font-size: 16px;\">Доска с моллюском Нептунея напомнит вам о лете и море.</span><br></p>', 1,
        '/upload/ax_catalog_product/neptuneya/LYnvItD79YTfSvtkVjxZIlL4BltSpjmeFp8RFRKH.jpeg', 0, NULL, 0.00, 1651786620,
        1656279103, NULL),
       (43, 2, NULL, 1, 0, 0, 0, 1, NULL, 'nautilida', 'nautilida', '✶ Наутилида ✶', 1000.00, NULL, NULL,
        '<p><span style=\"font-size: 16px;\">Доска с ракушкой Наутилида напомнит вам о лете и море.</span><br></p>', 1,
        '/upload/ax_catalog_product/nautilida/VhCoI6tPEiff6IiRFCzR3VVeqZAoP2TFyFMgLwUR.jpeg', 0, NULL, 0.00, 1651787400,
        1656279103, NULL),
       (44, 2, NULL, 1, 0, 0, 0, 1, NULL, 'ryby-ryby', 'ryby-ryby', '✶ Рыбы-Рыбы ✶', 1300.00, NULL, NULL,
        '<p><span style=\"font-size: 16px;\">Как в том мультике, арменфильм, \"В синем море....\". </span></p><p><span style=\"font-size: 16px;\">При взгляде на эту доску она будет вызывать у вас улыбку.</span><br></p>',
        1, '/upload/ax_catalog_product/ryby-ryby/4gvvWxM4BCqAaIL2efCGojOaPi0gpyDeQg2wZXYX.jpeg', 0, NULL, 0.00,
        1651787340, 1656279103, NULL),
       (45, 2, NULL, 1, 0, 0, 0, 1, NULL, 'trubach', 'trubach', '✶ Трубач ✶', 500.00, NULL, NULL,
        '<p><span style=\"font-size: 16px;\">Доска - малышка с изящной ручкой, прекрасно подойдет для того чтоб отрезать лимончик к чаю.  </span><br></p>',
        1, '/upload/ax_catalog_product/trubach/adrWjsc211tO4JHUT0J7nNCOjEG6FsfuoF1kEd4A.jpeg', 0, NULL, 0.00,
        1651787580, 1656279103, NULL),
       (46, 2, NULL, 1, 0, 0, 0, 1, NULL, 'kubiki-lda', 'kubiki-lda', '✶ Кубики Льда ✶', 400.00, NULL, NULL,
        '<p><span style=\"font-size: 16px;\">Еще доска - малышка.  </span></p><p><span style=\"font-size: 16px;\">Отлично подойдет для небольшой нарезки или для свечи, чтоб создать уют у вас дома.</span><br></p>',
        1, '/upload/ax_catalog_product/kubiki-lda/RYtrt8ym4Byy6vulHk6LHCcCtscLa24UPmglpZBp.jpeg', 0, NULL, 0.00,
        1651786320, 1656279103, NULL),
       (47, 2, NULL, 1, 0, 0, 0, 1, NULL, 'sardiny-moryachki', 'sardiny-moryachki', '✶ Сардины Морячки ✶', 1400.00,
        NULL, NULL, '<p><span style=\"font-size: 16px;\">Выбираем доску под настроение.  </span><br></p>', 1,
        '/upload/ax_catalog_product/sardiny-moryachki/NacrXeIxJYsha5F5LZanmePGVRCs4DzISqOK0rjy.jpeg', 0, NULL, 0.00,
        1651787460, 1656279103, NULL),
       (48, 2, NULL, 1, 0, 0, 0, 1, NULL, 'lisichki', 'lisichki', '✶ Лисички ✶', 1300.00, NULL, NULL,
        '<p><span style=\"font-size: 16px;\">Овальная форма доски с отверстием под пальчик, очень удобна для подачи.  </span></p><p><span style=\"font-size: 16px;\">И конечно же не забываем о прямом назначении.</span><br></p>',
        1, '/upload/ax_catalog_product/lisichki/qrQ7TnUYb8OfgOZiAiWtiGslhI6L0yNeaacqaG9s.jpeg', 0, NULL, 0.00,
        1653339600, 1656279103, NULL),
       (49, 3, NULL, 1, 0, 0, 0, 1, NULL, 'lev', 'lev', '✶ Лев ✶', 2200.00, NULL, NULL,
        '<p><span style=\"font-size: 16px;\">Доска - камень притянет внимание ваших гостей, это точно. </span></p><p><span style=\"font-size: 16px;\">Мясная и сырная нарезка на ней дополнит чудесный вечер.</span></p><p><span style=\"font-size: 16px;\">А так-же необычная, для дома, подача роллов. </span><br></p>',
        1, '/upload/ax_catalog_product/lev/N6ZkpUPZLNzHnl5XJwJ6018xT3VnWVUDLCU6h5m8.jpeg', 0, NULL, 0.00, 1653339600,
        1656279103, NULL),
       (50, 2, NULL, 1, 0, 0, 0, 1, NULL, 'mollyuski', 'mollyuski', '✶ Моллюски ✶', 2000.00, NULL, NULL,
        '<p><span style=\"font-size: 16px;\">Такая доска подойдет как для подачи так и нарезки.</span><br></p>', 1,
        '/upload/ax_catalog_product/mollyuski/uLkEuvVp18KzXiezwzGPaCcrRInzMpeAw7eIxeQh.jpeg', 0, NULL, 0.00, 1653339600,
        1656279103, NULL),
       (51, 2, NULL, 1, 0, 0, 0, 1, NULL, 'baton', 'baton', '✶ Батон ✶', 2000.00, NULL, NULL,
        '<p><span style=\"font-size: 16px;\">Хлебная доска прекрасно подойдет для нарезки батона, колбас да всего чего захотите.</span><br></p>',
        1, '/upload/ax_catalog_product/baton/8rQZhcxkl2KBKfNFltHZZyGWfltimFL0G8waf7su.jpeg', 0, NULL, 0.00, 1653339600,
        1656279103, NULL),
       (52, 3, NULL, 1, 0, 0, 0, 1, NULL, 'ezhevika', 'ezhevika', '✶ Ежевика ✶', 1300.00, NULL, NULL,
        '<p><span style=\"font-size: 16px;\">Доска - камушек, красиво подаем или красиво ставим. </span></p><p><span style=\"font-size: 16px;\">И конечно-же на другой стороне режем.</span><br></p>',
        1, '/upload/ax_catalog_product/ezhevika/nv1szLGy6F1JPif5xmHeaRdqrz9fJ0JITP9TIiH9.jpeg', 0, NULL, 0.00,
        1653339600, 1656279103, NULL),
       (53, 7, NULL, 1, 0, 0, 0, 0, NULL, 'maslo-vosk', 'maslo-vosk', 'Масло-Воск', 180.00, NULL, NULL,
        '<p><span style=\"font-size: 16px;\">Масло-воск для обработки разделочных досок.</span></p><p><span style=\"font-size: 16px;\"> </span></p><p><span style=\"font-size: 16px;\">Подходит для всех видов деревянных досок.</span></p><p><span style=\"font-size: 16px;\">В его состав входит пчелиный воск и масло медицинское вазелиновое.</span><br></p>',
        1, '/upload/ax_catalog_product/maslo-vosk/HPRQqBH66Rd5rR2GJoxpd3yDXlgWLeohurnYMd8c.jpeg', 0, NULL, 0.00,
        1656324912, 1656324912, NULL),
       (54, 2, NULL, 1, 0, 0, 0, 1, NULL, 'izyashnyj-bambuk', 'izyashnyj-bambuk', '✶ Изящный Бамбук ✶', 1800.00, NULL,
        NULL,
        '<p><span style=\"font-size: 16px;\">Доска с элегантной ручкой и изящным рисунком прекрасно будет смотреться в любом интерьере кухни.</span><br></p>',
        1, '/upload/ax_catalog_product/izyashnyj-bambuk/aPUJ9xd7Xw71TiWdwYgmXp9neDrqbTtp6N8XghLz.jpeg', 0, NULL, 0.00,
        1653339600, 1656279103, NULL),
       (55, 7, NULL, 1, 0, 0, 0, 1, NULL, 'test', 'test', 'test', 1.00, NULL, NULL, NULL, 1,
        '/upload/ax_catalog_product/test/hebyxkM9FT70LsTCeHgw5bm21jijMhoDhHthpgqp.png', 0, NULL, 0.00, 1656331784,
        1656331784, NULL),
       (56, 2, NULL, 1, 0, 0, 0, 1, NULL, 'baklan', 'baklan', '✶ Баклан ✶', 2200.00, NULL, NULL,
        '<p>Доска с птичкой - Баклан поднимет вам настроение и окунет в воспоминание о лете.<br></p>', 1,
        '/upload/ax_catalog_product/baklan/SIOjpDmymx9obaRtBeu6MwHHQHeJZ8o5wNYdUbVe.jpeg', 0, NULL, 0.00, 1656338677,
        1656338677, NULL),
       (57, 2, NULL, 1, 0, 0, 0, 1, NULL, 'shmel', 'shmel', '✶ Шмель ✶', 2900.00, NULL, NULL,
        '<p>Доска из категории одних из удобных размеров. </p><p>Идеальна для каждодневного использования и еще удобна для подачи закусок на большую компанию.</p>',
        1, '/upload/ax_catalog_product/shmel/QhR7WtFBso5JUc0JOJ3QN2RINuc40AhFHxpubnqB.jpeg', 0, NULL, 0.00, 1656277200,
        1656331543, NULL),
       (58, 3, NULL, 1, 0, 0, 0, 1, NULL, 'syr A.', 'syr A.', '✶ Сыр А. ✶', 2700.00, NULL, NULL,
        '<p>Подаем красиво и удивляем гостей.</p><p>Помним наше правило, на одной стороне режем, на другой подаем. </p><p>Так мы используем доску по назначению а вторая сторона остается без царапин для красивой подачи.</p><p>Особые ценители, которым жалко использовать по назначению, используют их в интерьере, для свечей и всего что придумают. </p>',
        1, '/upload/ax_catalog_product/syr-1/T5k3qfUj90DDMdLP4iWTkdxMq3uLS9fpf4Ccu8gp.jpeg', 0, NULL, 0.00, 1656487025,
        1656487025, NULL),
       (59, 2, NULL, 1, 0, 0, 0, 1, NULL, 'brokkoli', 'brokkoli', '✶ Брокколи ✶', 3200.00, NULL, NULL,
        '<p>Широкая доска удобна, особенно когда надо резать много или большие овощи.</p><p>Маркированная доска - для овощей. Точно уже не перепутаете.</p><p>Не просто так говорят что надо иметь разные доски для разных категорий продуктов.</p>',
        1, '/upload/ax_catalog_product/brokkoli/9tPC7MZ0s8bIIiA0AewdTVxiOewLyFvN84A01J1m.jpeg', 0, NULL, 0.00,
        1656277200, 1656331543, NULL),
       (60, 3, NULL, 1, 0, 0, 0, 1, NULL, 'h-akazie', 'h-akazie', '✶ H. Akazie ✶', 800.00, NULL, NULL,
        '<p>Камушек для легкой, небольшой, романтической подачи. </p><p><br></p>', 1,
        '/upload/ax_catalog_product/h-akazie/pZjJSch0JWpSe1ksMKOHsSWV2nmdCgqhGzON3XVR.jpeg', 0, NULL, 0.00, 1656277200,
        1656331543, NULL),
       (61, 3, NULL, 1, 0, 0, 0, 1, NULL, 'bazilik', 'bazilik', '✶ Базилик ✶', 2800.00, NULL, NULL,
        '<p><span style=\"font-size: 12.8px;\">Массив акации невероятно красив, цвет вообще бесподобен.</span><br></p><p>Края обработаны так, как будто вы держите в руках морской камушек, который годами оттесывало море.</p><p>Доска такая же гладкая, приятная, не хочется выпускать из рук.</p><p><span style=\"font-size: 12.8px;\">Удобная доска-камень как для подачи так и для использования в быту.</span><br></p>',
        1, '/upload/ax_catalog_product/bazilik/X7vjmolDqLreA6wB2HPi8smyCs1nHD4SrYUzY95O.jpeg', 0, NULL, 0.00,
        1656277200, 1656331543, NULL),
       (62, 3, NULL, 1, 0, 0, 0, 1, NULL, 'ananas', 'ananas', '✶ Ананас ✶', 1300.00, NULL, NULL,
        '<p>Яркая и красивая подача обеспечена.</p>', 1,
        '/upload/ax_catalog_product/ananas/T9ZYEeIeAPTrOaFvTwkk20NDel1MorRWhQrRbLox.jpeg', 0, NULL, 0.00, 1656277200,
        1656331543, NULL),
       (63, 3, NULL, 1, 0, 0, 0, 1, NULL, 'lastochka', 'lastochka', '✶ Ласточка ✶', 2700.00, NULL, NULL,
        '<p>Широкая, красивая, удобная доска.</p><p>Режем и красиво подаем.</p>', 1,
        '/upload/ax_catalog_product/lastochka/mQyCT8CAa3dMYyvTSxfIzPNIY8dCGKhByLzYZ3gg.jpeg', 0, NULL, 0.00, 1656277200,
        1656331543, NULL),
       (64, 4, NULL, 1, 0, 0, 0, 1, NULL, 'bezmyatezhnost', 'bezmyatezhnost', '✶ Безмятежность ✶', 4500.00, NULL, NULL,
        '<p>Торцевая разделочная доска - доска шеф-поваров, прочная, не тупит ножи, настоящий долгожитель на кухне.</p><p>Доска односторонняя, оснащена черными силиконовыми ножками. </p><p>Устойчиво стоит на поверхности стола.</p>',
        1, '/upload/ax_catalog_product/bezmyatezhnost/TntMhqHG0LvJ4BY9XXxQyNjJc01Fy5MDAhScOup0.jpeg', 0, NULL, 0.00,
        1656277200, 1656339698, NULL),
       (65, 4, NULL, 1, 0, 0, 0, 1, NULL, 'sado-m', 'sado-m', '✶ Садо\'м ✶', 3700.00, NULL, NULL,
        '<p>Доска с хаотичным рисунком не даёт воображению покоя, каждый раз смотришь на нее и каждый раз видишь разный рисунок или образ созданный природой.</p><p>Две стороны позволяют доску использовать под разные продукты или одну сторону использовать для подачи.</p>',
        1, '/upload/ax_catalog_product/sado-m/X6dPenD7Cu3TTdmZ2PfAW3vKJl7Xwol1LkVGl3ZW.jpeg', 0, NULL, 0.00, 1656277200,
        1656339698, NULL),
       (66, 3, NULL, 1, 0, 0, 0, 1, NULL, 'lotus', 'lotus', '✶ Lotus ✶', 2500.00, NULL, NULL,
        '<p>Абрикос на столе, не только вкусно но и красиво.</p><p>Необычная подача закусок будет радовать не только гостей но вас.</p><p><br></p>',
        1, '/upload/ax_catalog_product/lotus/HFuEiZN44SK7qvThYzK12YnufvDTEWdvDgEceDfa.jpeg', 0, NULL, 0.00, 1659906000,
        1659981285, NULL),
       (67, 2, NULL, 1, 0, 0, 0, 1, NULL, 'list-monstery', 'list-monstery', '✶ Лист Монстеры ✶', 1600.00, NULL, NULL,
        '<p>Доска не только для нарезки, но и для подачи.</p><p>Подать можно все что угодно, от бутербродов на завтрак до закуски к приятному вечеру.</p>',
        1, '/upload/ax_catalog_product/list-monstery/hKZTf9YgTzDAqORuhQApLEEFxZ3SQeMsA6GQZinL.jpeg', 0, NULL, 0.00,
        1659906000, 1659981285, NULL),
       (68, 2, NULL, 1, 0, 0, 0, 1, NULL, 'orange-mini', 'orange-mini', '✶ Orange mini ✶', 1600.00, NULL, NULL,
        'Ваша помощница на кухне для повседневного творения шедевров.', 1,
        '/upload/ax_catalog_product/orange-mini/IZu34NMRbUXKTgG2d1GvoPh1y89RQYWGq24FS9Jh.jpeg', 0, NULL, 0.00,
        1659906000, 1659981285, NULL),
       (69, 2, NULL, 1, 0, 0, 0, 1, NULL, 'myata', 'myata', '✶ Мята ✶', 1600.00, NULL, NULL, NULL, 1,
        '/upload/ax_catalog_product/myata/5sqzVqGjojJxGyKVRxMJ81HFeoN3ArRivsiIo2y1.jpeg', 0, NULL, 0.00, 1659906000,
        1659981285, NULL),
       (70, 2, NULL, 1, 0, 0, 0, 1, NULL, 'evkalipt', 'evkalipt', '✶ Эвкалипт ✶', 1600.00, NULL, NULL, NULL, 1,
        '/upload/ax_catalog_product/evkalipt/nKOEBTcSZQplTZxxZmVKt2P0G3FOcWrJHjmE83wf.jpeg', 0, NULL, 0.00, 1659906000,
        1659981285, NULL),
       (71, 2, NULL, 1, 0, 0, 0, 1, NULL, 'ptero', 'ptero', '✶ Ptero ✶', 1600.00, NULL, NULL, NULL, 1,
        '/upload/ax_catalog_product/ptero/CVsa4a8nCrNnJy4031FWWScrAgfxO6MJ3HC0n10I.jpeg', 0, NULL, 0.00, 1659906000,
        1659981285, NULL),
       (72, 2, NULL, 1, 0, 0, 0, 1, NULL, 'list-banana', 'list-banana', '✶ Лист банана ✶', 1499.00, NULL, NULL, NULL, 1,
        '/upload/ax_catalog_product/list-banana/GPG5Dl36TGELyCFTUwW9tqujAQsNituzyEpoMYmP.jpeg', 0, NULL, 0.00,
        1659906000, 1659981285, NULL),
       (73, 2, NULL, 1, 0, 0, 0, 1, NULL, 'list-mons', 'list-mons', '✶ Лист Mons ✶', 1000.00, NULL, NULL, NULL, 1,
        '/upload/ax_catalog_product/list-mons/G0rSNoeFzm6pZ9DqQ6OkeWgl4xrimc3xmxBwSTb5.jpeg', 0, NULL, 0.00, 1659906000,
        1659981285, NULL),
       (74, 2, NULL, 1, 0, 0, 0, 1, NULL, 'sannabis', 'sannabis', '✶ Сannabis ✶', 2100.00, NULL, NULL, NULL, 1,
        '/upload/ax_catalog_product/sannabis/QBRW2Kv7flg3WqO11a93ZKxVJn7U9aq7jyaREUtR.jpeg', 0, NULL, 0.00, 1666956048,
        1666956048, NULL),
       (75, 2, NULL, 1, 0, 0, 0, 1, NULL, 'bananovyj-list', 'bananovyj-list', '✶ Банановый лист✶', 1300.00, NULL, NULL,
        NULL, 1, '/upload/ax_catalog_product/bananovyj-list/ciLp2gh0dOkjggAiZpnX09ptUsf6yYgNcxXNp0If.jpeg', 0, NULL,
        0.00, 1659906000, 1659981285, NULL),
       (76, 2, NULL, 1, 0, 0, 0, 1, NULL, 'chaj', 'chaj', '✶ Чай ✶', 1600.00, NULL, NULL, NULL, 1,
        '/upload/ax_catalog_product/chaj/IPABlhUrdUNky5RqsZhX6A41CFS89b6b6BHtWiTN.jpeg', 0, NULL, 0.00, 1659906000,
        1659981285, NULL),
       (77, 4, NULL, 1, 0, 0, 0, 0, NULL, 'mulberry-walnut', 'mulberry-walnut', '✶ Mulberry & Walnut ✶', 50000.00, NULL,
        NULL,
        '<p>Невероятно красивая доска из редких пород дерева.</p><p>Такая эксклюзивная доска будут только у вас.</p>',
        1, '/upload/ax_catalog_product/mulberry-walnut/uWFstri71mC9ZYylr7hexZYG9j26gn6mkrmxucIf.jpeg', 0, NULL, 0.00,
        1664571600, 1664609162, NULL),
       (78, 2, NULL, 1, 0, 0, 0, 0, NULL, 'test1', 'test1', 'Тест1', 1.00, NULL, NULL, NULL, 1, NULL, 0, NULL, 0.00,
        1666381933, 1666381933, NULL),
       (79, 2, NULL, 1, 0, 0, 0, 1, NULL, 'test-2', 'test-2', 'test 2', 1.00, NULL, NULL, NULL, 1,
        '/upload/ax_catalog_product/test-2/MQoCOHFFzJPW7uot4yMbbk7KKnLUn14CIliRzCMh.jpeg', 0, NULL, 0.00, 1666299600,
        1666382524, NULL),
       (80, 2, NULL, 1, 0, 0, 0, 1, NULL, 'chaj-cejlon', 'chaj-cejlon', '✶ Чай Цейлон ✶', 900.00, NULL, NULL, NULL, 1,
        '/upload/ax_catalog_product/chaj-cejlon/gusT9Qu9gWAM33XDqaExRzFXb7qmm10RN6Eni9Sx.jpeg', 0, NULL, 0.00,
        1667336400, 1667386554, NULL),
       (81, 2, NULL, 1, 0, 0, 0, 1, NULL, 'hlopok', 'hlopok', '✶ Хлопок ✶', 1900.00, NULL, NULL, NULL, 1,
        '/upload/ax_catalog_product/hlopok/73DXGMpWKvdVY2VdElbf46F28cSpBKIb53bNM5Et.jpeg', 0, NULL, 0.00, 1667336400,
        1667386554, NULL),
       (82, 5, NULL, 1, 0, 0, 0, 1, NULL, 'chashechka-chaya', 'chashechka-chaya', '✶ Чашечка чая ✶', 2500.00, NULL,
        NULL, NULL, 1, '/upload/ax_catalog_product/chashechka-chaya/LCGy1TawbUwV97yxKOfhwSmOVPJViK7Nixyn6H7F.jpeg', 0,
        NULL, 0.00, 1667336400, 1667386554, NULL),
       (83, 2, NULL, 1, 0, 0, 0, 1, NULL, 'morskaya-zvyozdochka', 'morskaya-zvyozdochka', '✶ Морская звёздочка ✶',
        1300.00, NULL, NULL, NULL, 1,
        '/upload/ax_catalog_product/morskaya-zvyozdochka/SbJgafbqrKexOsW76RivMcSisFGkZ2BktOA5lET5.jpeg', 0, NULL, 0.00,
        1667336400, 1667386554, NULL),
       (84, 2, NULL, 1, 0, 0, 0, 1, NULL, 'monstera', 'monstera', '✶ Monstera ✶', 2100.00, NULL, NULL, NULL, 1,
        '/upload/ax_catalog_product/monstera/tDMhSI1pwTQC50S2UkQcl0gGo1JbFenYJNKV51Im.jpeg', 0, NULL, 0.00, 1667336400,
        1667386554, NULL),
       (85, 2, NULL, 1, 0, 0, 0, 1, NULL, 'kot-slastyona', 'kot-slastyona', '✶ Кот сластёна ✶', 1600.00, NULL, NULL,
        NULL, 1, '/upload/ax_catalog_product/kot-slastyona/qpgKglPMG0qLQOXh5hIMtt5762m0cW3N2CfgTd5H.jpeg', 0, NULL,
        0.00, 1667336400, 1667386554, NULL),
       (86, 2, NULL, 1, 0, 0, 0, 1, NULL, 'kot-podozrevaka', 'kot-podozrevaka', '✶ Кот подозревака ✶', 1700.00, NULL,
        NULL, NULL, 1, '/upload/ax_catalog_product/kot-podozrevaka/qYsvDaY0Yw2id2MXBv1LM4Od0er2zEEtqGMAMCNM.jpeg', 0,
        NULL, 0.00, 1667336400, 1667386554, NULL),
       (87, 2, NULL, 1, 0, 0, 0, 1, NULL, 'kvadratik-syra', 'kvadratik-syra', '✶ Квадратик сыра ✶', 1400.00, NULL, NULL,
        NULL, 1, '/upload/ax_catalog_product/kvadratik-syra/VhDiepzL1O1ZxPm2pAAOTggFBRPvn81ceAyh12gb.jpeg', 0, NULL,
        0.00, 1667336400, 1667386554, NULL),
       (88, 2, NULL, 1, 0, 0, 0, 1, NULL, 'lomtiki-syry', 'lomtiki-syry', '✶ Ломтики сыры ✶', 1600.00, NULL, NULL, NULL,
        1, '/upload/ax_catalog_product/lomtiki-syry/oLCr9DK1Gr3vJN5LMHkAy6BpnyPgpceARdAvxa1x.jpeg', 0, NULL, 0.00,
        1667336400, 1667386554, NULL),
       (91, 2, NULL, 1, 0, 0, 0, 1, NULL, 'stepnoj-shmel', 'stepnoj-shmel', '✶ Степной шмель ✶', 3500.00, NULL, NULL,
        NULL, 1, '/upload/ax_catalog_product/stepnoj-shmel/GPCa90rUvW5JrkBgrJQsKfg040vgIeS6Zsf2UlDs.jpeg', 0, NULL,
        0.00, 1667336400, 1667386554, NULL),
       (92, 4, NULL, 1, 0, 0, 0, 1, NULL, 'max-oak', 'max-oak', '✶ Max oak ✶', 6200.00, NULL, NULL, NULL, 1,
        '/upload/ax_catalog_product/max-oak/n2KjFHyhoGeyhQCQzMLPNhcgJXGBiTxZaL6ISaou.jpeg', 0, NULL, 0.00, 1667336400,
        1667386554, NULL),
       (93, 2, NULL, 1, 0, 0, 0, 1, NULL, 'plyush', 'plyush', '✶ Плющ ✶', 1500.00, NULL, NULL, NULL, 1,
        '/upload/ax_catalog_product/plyush/zuG4APgRIMDD8kiWg6FDwavp2swQ2gKEnXmAu7pK.jpeg', 0, NULL, 0.00, 1667336400,
        1667386554, NULL),
       (94, 2, NULL, 1, 0, 0, 0, 1, NULL, 'ruskus', 'ruskus', '✶ Рускус✶', 1700.00, NULL, NULL, NULL, 1,
        '/upload/ax_catalog_product/ruskus/ECF1LRhIOVFWanc73sjOeWIgVotJ9qRgeHFQxLmp.jpeg', 0, NULL, 0.00, 1667336400,
        1667386554, NULL),
       (95, 2, NULL, 1, 0, 0, 0, 1, NULL, 'dzhomolungma', 'dzhomolungma', '✶ Джомолунгма ✶', 1600.00, NULL, NULL, NULL,
        1, '/upload/ax_catalog_product/dzhomolungma/vlUecy3QInVTelQCnubO6yZCt4tAF0UQrGNPwJRP.jpeg', 0, NULL, 0.00,
        1667336400, 1667386554, NULL),
       (96, 2, NULL, 1, 0, 0, 0, 1, NULL, 'korolevna', 'korolevna', '✶ Королевна ✶', 2200.00, NULL, NULL, NULL, 1,
        '/upload/ax_catalog_product/korolevna/k4ysugMSD5PRb8RsvXMtOhBMQOKvmldeVbQ1Jq1m.jpeg', 0, NULL, 0.00, 1667336400,
        1667386554, NULL),
       (97, 2, NULL, 1, 0, 0, 0, 1, NULL, 'listopad', 'listopad', '✶ Листопад ✶', 1700.00, NULL, NULL, NULL, 1,
        '/upload/ax_catalog_product/listopad/COqFh9cDspMdJwRotNSSggtfwPhHuzFFZwtjIcln.jpeg', 0, NULL, 0.00, 1667336400,
        1667386554, NULL),
       (98, 2, NULL, 1, 0, 0, 0, 1, NULL, 'ginkgo', 'ginkgo', '✶ Гинкго ✶', 1600.00, NULL, NULL, NULL, 1,
        '/upload/ax_catalog_product/ginkgo/0wIghCIg6fHTjYxUNPPh9vpaLIkCeNZZ0xtsOSur.jpeg', 0, NULL, 0.00, 1667336400,
        1667386554, NULL),
       (99, 2, NULL, 1, 0, 0, 0, 1, NULL, 'monstera-delicat', 'monstera-delicat', '✶ Monstera delicat ✶', 2100.00, NULL,
        NULL, NULL, 1, '/upload/ax_catalog_product/monstera-delicat/ayr8I6cft7YItqsXJWRsdWjjSFjYPKc4HBfgyb8O.jpeg', 0,
        NULL, 0.00, 1667336400, 1667386554, NULL),
       (100, 2, NULL, 1, 0, 0, 0, 1, NULL, 'kalateya-misti', 'kalateya-misti', '✶ Калатея Мисти ✶', 2400.00, NULL, NULL,
        NULL, 1, '/upload/ax_catalog_product/kalateya-misti/QlMXDpQSXOFppuSNBVFO4u2CVp7GEmrJxAVfaYmq.jpeg', 0, NULL,
        0.00, 1667336400, 1667386554, NULL),
       (101, 2, NULL, 1, 0, 0, 0, 1, NULL, 'art-1', 'art-1', '✶ Арт 1 ✶', 2100.00, NULL, NULL, NULL, 1,
        '/upload/ax_catalog_product/art-1/D9Q7xt0u8Ng1J9cQLdIyQcMoJ67iPJawSn4UzZf4.jpeg', 0, NULL, 0.00, 1667336400,
        1667386554, NULL),
       (102, 2, NULL, 1, 0, 0, 0, 1, NULL, 'tigr', 'tigr', '✶ Тигр ✶', 2200.00, NULL, NULL, NULL, 1,
        '/upload/ax_catalog_product/tigr/l7znyoE40HiK1WDCHtGyDUCX2tLHqq9BcFypnRpX.jpeg', 0, NULL, 0.00, 1667336400,
        1667386554, NULL),
       (103, 2, NULL, 1, 0, 0, 0, 1, NULL, 'lisichka', 'lisichka', '✶ Лисичка ✶', 1100.00, NULL, NULL, NULL, 1,
        '/upload/ax_catalog_product/lisichka/O2XXHIaDShjECkmKDUZRLmSVcIupnMGKiFhDWy7x.jpeg', 0, NULL, 0.00, 1667336400,
        1667386554, NULL),
       (104, 2, NULL, 1, 0, 0, 0, 1, NULL, 'kofe-vetv', 'kofe-vetv', '✶ Кофе ветвь ✶', 1800.00, NULL, NULL, NULL, 1,
        '/upload/ax_catalog_product/kofe-vetv/4qbWFmIFET7BmjEhbWyQSpdzwHQZzvfBD5yXU9Js.jpeg', 0, NULL, 0.00, 1667336400,
        1667386554, NULL),
       (105, 2, NULL, 1, 0, 0, 0, 1, NULL, 'kolosok', 'kolosok', '✶ Колосок ✶', 1300.00, NULL, NULL, NULL, 1,
        '/upload/ax_catalog_product/kolosok/nETPYsg84kqjO0C3zUNzHNhFyWiwUXdV5NqzRpvA.jpeg', 0, NULL, 0.00, 1667336400,
        1667386554, NULL),
       (106, 2, NULL, 1, 0, 0, 0, 1, NULL, 'kruassan-shtrih', 'kruassan-shtrih', '✶ Круассан штрих ✶', 1300.00, NULL,
        NULL, NULL, 1, '/upload/ax_catalog_product/kruassan-shtrih/9sDX7zVTamUvnK9vfk6soUzSMMjtnMhrm2gDQjUA.jpeg', 0,
        NULL, 0.00, 1667336400, 1667386554, NULL),
       (108, 2, NULL, 1, 0, 0, 0, 1, NULL, 'myata-vetochka', 'myata-vetochka', '✶ Мята веточка ✶', 2200.00, NULL, NULL,
        NULL, 1, '/upload/ax_catalog_product/myata-vetochka/KxvyW5lDLDcYSS8PiKCBlw52ueMfkAOsICRuThva.jpeg', 0, NULL,
        0.00, 1667336400, 1667386554, NULL),
       (109, 2, NULL, 1, 0, 0, 0, 1, NULL, 'krapiva', 'krapiva', '✶ Крапива ✶', 1600.00, NULL, NULL, NULL, 1,
        '/upload/ax_catalog_product/krapiva/mJSQzU4XqXuXvQem3GY55WzyUW8IYaqVVbp3STjQ.jpeg', 0, NULL, 0.00, 1667336400,
        1667386554, NULL),
       (110, 2, NULL, 1, 0, 0, 0, 1, NULL, 'zebra-print', 'zebra-print', '✶ Зебра принт✶', 2000.00, NULL, NULL, NULL, 1,
        '/upload/ax_catalog_product/zebra-print/fFSKNN9UNcKsZt3tF6QpS92KUTDvW2cGfEtxji8c.jpeg', 0, NULL, 0.00,
        1667336400, 1667386554, NULL),
       (111, 2, NULL, 1, 0, 0, 0, 1, NULL, 'liliya', 'liliya', '✶ Лилия ✶', 1900.00, NULL, NULL, NULL, 1,
        '/upload/ax_catalog_product/liliya/LaslYvZWHk5z4BKcwGfkoAoEXhs7WXCV85FsqyJd.jpeg', 0, NULL, 0.00, 1667336400,
        1667386554, NULL),
       (112, 2, NULL, 1, 0, 0, 0, 1, NULL, 'fistashka', 'fistashka', '✶ Фисташка ✶', 2000.00, NULL, NULL, NULL, 1,
        '/upload/ax_catalog_product/fistashka/XcBeEZc1MWz40v7R2AlnsMXo1Y6LblIsUBUpTBJb.jpeg', 0, NULL, 0.00, 1667336400,
        1667386554, NULL),
       (113, 2, NULL, 1, 0, 0, 0, 1, NULL, '4-pyoryshka', '4-pyoryshka', '✶ 4 Пёрышка ✶', 1700.00, NULL, NULL, NULL, 1,
        '/upload/ax_catalog_product/4-pyoryshka/X8tkugoYm0Oxxr4Z31aROxxzFkN88o4ERnPd5pOH.jpeg', 0, NULL, 0.00,
        1667336400, 1667386554, NULL),
       (114, 2, NULL, 1, 0, 0, 0, 1, NULL, 'shef', 'shef', '✶ Шеф ✶', 3000.00, NULL, NULL, NULL, 1,
        '/upload/ax_catalog_product/shef/8lg3du35TPvmYcF5QVAVyrdgppeiMfaFiuEaJ6bo.jpeg', 0, NULL, 0.00, 1667336400,
        1667386554, NULL),
       (115, 2, NULL, 1, 0, 0, 0, 1, NULL, 'enot', 'enot', '✶ Енот ✶', 2100.00, NULL, NULL, NULL, 1,
        '/upload/ax_catalog_product/enot/05f86fM2vcgxwUNCwe6YulPDzwLBOTYjbORVCdLk.jpeg', 0, NULL, 0.00, 1667336400,
        1667386554, NULL),
       (116, 2, NULL, 1, 0, 0, 0, 1, NULL, 'kinza', 'kinza', '✶ Кинза ✶', 2300.00, NULL, NULL, NULL, 1,
        '/upload/ax_catalog_product/kinza/42g6RDj1HEpAIXk9h97okqTwO2aljshLhGpx707K.jpeg', 0, NULL, 0.00, 1667336400,
        1667386554, NULL),
       (118, 2, NULL, 1, 0, 0, 0, 1, NULL, 'paporotnik-hilla', 'paporotnik-hilla', '✶ Папоротник Хилла ✶', 1900.00,
        NULL, NULL, NULL, 1,
        '/upload/ax_catalog_product/paporotnik-hilla/Sz7v59CR4zh5eHlK4bqfEJOrzmzHlwGnaykLNNPQ.jpeg', 0, NULL, 0.00,
        1667336400, 1667386554, NULL),
       (119, 2, NULL, 1, 0, 0, 0, 1, NULL, 'art-2', 'art-2', '✶ Арт 2 ✶', 2500.00, NULL, NULL, NULL, 1,
        '/upload/ax_catalog_product/art-2/rUpnISDklbT7exmudFkbikbysStKZTbp6ZxzoGxi.jpeg', 0, NULL, 0.00, 1667336400,
        1667386554, NULL),
       (120, 2, NULL, 1, 0, 0, 0, 1, NULL, 'karp', 'karp', '✶ Карп ✶', 3100.00, NULL, NULL, NULL, 1,
        '/upload/ax_catalog_product/karp/ScIAWzH1npaIPnBouh79g5h6enYmUgM9AapJ3vWg.jpeg', 0, NULL, 0.00, 1667336400,
        1667386554, NULL),
       (121, 3, NULL, 1, 0, 0, 0, 1, NULL, 'duet', 'duet', '✶ Дуэт ✶', 5000.00, NULL, NULL,
        '<p>Комплект камушков из дуба \"Дуэт\"</p><p>Размеры первого камушка, большого:</p><p>Длина: 33 см.</p><p>Ширина сверху: 18 см.</p><p>Ширина снизу: 16 см.</p><p>Толщина: 4 см.</p><p>Вес: 1467 г.</p><p>Размеры второго камушка:</p>',
        1, '/upload/ax_catalog_product/duet/QcKqKvjZM7qSV2NCl5jpukGAgNj1n1Bhg3j64aqQ.jpeg', 0, NULL, 0.00, 1667415723,
        1667415723, NULL),
       (122, 3, NULL, 1, 0, 0, 0, 1, NULL, 'akaciya-oreo', 'akaciya-oreo', '✶ Акация Орео ✶', 2500.00, NULL, NULL, NULL,
        1, '/upload/ax_catalog_product/akaciya-oreo/FjsN4GkJNCVy080NyQRDpJhQjiuQjmfgJLN7mC0i.jpeg', 0, NULL, 0.00,
        1667336400, 1667414715, NULL),
       (123, 3, NULL, 1, 0, 0, 0, 1, NULL, 'akaciya-pyata', 'akaciya-pyata', '✶ Акация Пята ✶', 1500.00, NULL, NULL,
        NULL, 1, '/upload/ax_catalog_product/akaciya-pyata/NmiETzqSrvgCYAF7PHK3rz36cZUbFGGJMTWf43hV.jpeg', 0, NULL,
        0.00, 1667336400, 1667414715, NULL),
       (124, 3, NULL, 1, 0, 0, 0, 1, NULL, 'abrikos-ozero', 'abrikos-ozero', '✶ Абрикос Озеро ✶', 2500.00, NULL, NULL,
        '<p><span style=\"color: rgb(119, 119, 119); font-family: \"Open Sans\", Arial, sans-serif; font-size: 15px;\">Цвета на мониторе могут отличаться от реальных цветов!</span></p><p><span style=\"color: rgb(119, 119, 119); font-family: \"Open Sans\", Arial, sans-serif; font-size: 15px;\">Я сделала всё возможное, чтобы цвета изделий на экране компьютера или мобильного устройства соответствовали действительности. Однако цвета на экране могут изменяться в зависимости от настроек цветового профиля и разрешения монитора. </span></p><p><span style=\"color: rgb(119, 119, 119); font-family: \"Open Sans\", Arial, sans-serif; font-size: 15px;\">Поэтому при выборе товара нельзя полагаться исключительно на те цвета, которые вы видите на сайте!</span></p>',
        1, '/upload/ax_catalog_product/abrikos-ozero/X4Gon1qNoX3LGX2yA4LVqaQQn0D60t2ygYDTmT3k.jpeg', 0, NULL, 0.00,
        1667336400, 1667414715, NULL),
       (125, 3, NULL, 1, 0, 0, 0, 1, NULL, 'akaciya-max', 'akaciya-max', '✶ Акация MAX ✶', 2700.00, NULL, NULL, NULL, 1,
        '/upload/ax_catalog_product/akaciya-max/hXBIXejvzL0rh492T70enXmjRPcEtphYxiFPuUUS.jpeg', 0, NULL, 0.00,
        1667336400, 1667414715, NULL),
       (126, 3, NULL, 1, 0, 0, 0, 1, NULL, 'abrikos-set', 'abrikos-set', '✶ Абрикос Сет ✶', 3200.00, NULL, NULL, NULL,
        1, '/upload/ax_catalog_product/abrikos-set/TWwBJSEyA1d9TEUVmla4ostB2zvO8fdj3G76VHqs.jpeg', 0, NULL, 0.00,
        1667336400, 1667414715, NULL);

TRUNCATE `ax_catalog_product_has_currency`;

TRUNCATE `ax_catalog_product_has_value_decimal`;
INSERT INTO `ax_catalog_product_has_value_decimal` (`id`, `catalog_product_id`, `catalog_property_id`,
                                                    `catalog_property_unit_id`, `value`, `sort`, `created_at`,
                                                    `updated_at`, `deleted_at`)
VALUES (1, 2, 5, 2, 33.00, 2, 1651665295, 1652124088, NULL),
       (2, 2, 4, 2, 18.50, 3, 1651665295, 1652124088, NULL),
       (3, 2, 3, 2, 2.80, 4, 1651665295, 1652124088, NULL),
       (8, 8, 5, 2, 37.00, 2, 1651687835, 1653291077, NULL),
       (9, 8, 4, 2, 17.00, 3, 1651687835, 1653291077, NULL),
       (10, 3, 5, 2, 20.00, 2, 1651693957, 1653286089, NULL),
       (11, 3, 4, 2, 15.00, 3, 1651693957, 1653286089, NULL),
       (12, 4, 5, 2, 30.00, 2, 1651694072, 1653290775, NULL),
       (13, 4, 4, 2, 16.00, 3, 1651694072, 1653290775, NULL),
       (16, 5, 5, 2, 33.00, 2, 1651694389, 1653290895, NULL),
       (17, 5, 4, 2, 18.00, 3, 1651694389, 1653290895, NULL),
       (18, 6, 5, 2, 32.00, 2, 1651694563, 1653290933, NULL),
       (19, 6, 4, 2, 18.00, 3, 1651694563, 1653290933, NULL),
       (20, 7, 5, 2, 32.00, 2, 1651694793, 1653285769, NULL),
       (21, 7, 4, 2, 20.00, 3, 1651694793, 1653285769, NULL),
       (22, 9, 5, 2, 45.00, 2, 1651696120, 1653291150, NULL),
       (23, 9, 4, 2, 18.00, 3, 1651696120, 1653291150, NULL),
       (24, 10, 5, 2, 44.00, 2, 1651696887, 1653291221, NULL),
       (25, 10, 4, 2, 16.00, 3, 1651696887, 1653291221, NULL),
       (26, 11, 5, 2, 33.00, 2, 1651697509, 1653291401, NULL),
       (27, 11, 4, 2, 13.00, 3, 1651697509, 1653291401, NULL),
       (28, 12, 5, 2, 34.00, 2, 1651698934, 1653287309, NULL),
       (29, 12, 4, 2, 13.00, 3, 1651698934, 1653287309, NULL),
       (30, 13, 5, 2, 19.50, 2, 1653288715, 1653290560, NULL),
       (31, 13, 4, 2, 13.00, 3, 1653288715, 1653290560, NULL),
       (32, 14, 5, 2, 25.00, 2, 1653290119, 1653292439, NULL),
       (33, 14, 4, 2, 11.00, 3, 1653290119, 1653292439, NULL),
       (34, 14, 3, 2, 2.90, 4, 1653290119, 1653292439, NULL),
       (35, 13, 3, 2, 2.50, 4, 1653290516, 1653290560, NULL),
       (36, 4, 3, 2, 2.70, 4, 1653290751, 1653290775, NULL),
       (37, 5, 3, 2, 2.60, 6, 1653290895, 1653290895, NULL),
       (38, 6, 3, 2, 3.00, 4, 1653290933, 1653290933, NULL),
       (39, 8, 3, 2, 4.00, 4, 1653291077, 1653291077, NULL),
       (40, 9, 3, 2, 2.60, 4, 1653291150, 1653291150, NULL),
       (41, 10, 3, 2, 2.60, 4, 1653291222, 1653291222, NULL),
       (42, 11, 3, 2, 2.70, 5, 1653291401, 1653291401, NULL),
       (43, 15, 5, 2, 23.00, 2, 1653292160, 1653297093, NULL),
       (45, 15, 3, 2, 2.30, 5, 1653292160, 1653297093, NULL),
       (46, 16, 5, 2, 25.50, 2, 1653293717, 1653296857, NULL),
       (48, 16, 3, 2, 1.90, 5, 1653293717, 1653296857, NULL),
       (49, 17, 5, 2, 25.50, 2, 1653294751, 1653296998, NULL),
       (51, 17, 3, 2, 1.90, 5, 1653294751, 1653296998, NULL),
       (52, 18, 5, 2, 31.00, 2, 1653295313, 1653302211, NULL),
       (54, 18, 3, 2, 2.20, 5, 1653295313, 1653302211, NULL),
       (56, 16, 8, 2, 9.00, 3, 1653296857, 1653296857, NULL),
       (57, 16, 7, 2, 11.00, 4, 1653296857, 1653296857, NULL),
       (58, 17, 8, 2, 9.00, 3, 1653296998, 1653296998, NULL),
       (59, 17, 7, 2, 11.00, 4, 1653296998, 1653296998, NULL),
       (60, 15, 8, 2, 10.50, 3, 1653297093, 1653297093, NULL),
       (61, 15, 7, 2, 12.00, 4, 1653297093, 1653297093, NULL),
       (62, 19, 5, 2, 20.00, 2, 1653297753, 1653297794, NULL),
       (63, 19, 4, 2, 14.00, 3, 1653297753, 1653297794, NULL),
       (64, 19, 3, 2, 2.30, 4, 1653297753, 1653297794, NULL),
       (65, 20, 5, 2, 20.00, 2, 1653298136, 1653298136, NULL),
       (66, 20, 4, 2, 14.00, 3, 1653298136, 1653298136, NULL),
       (67, 20, 3, 2, 4.00, 4, 1653298136, 1653298136, NULL),
       (68, 21, 5, 2, 17.00, 2, 1653298828, 1653298828, NULL),
       (69, 21, 4, 2, 11.00, 3, 1653298828, 1653298828, NULL),
       (70, 21, 3, 2, 2.30, 4, 1653298828, 1653298828, NULL),
       (71, 22, 5, 2, 17.00, 2, 1653299413, 1653299413, NULL),
       (72, 22, 4, 2, 11.00, 3, 1653299413, 1653299413, NULL),
       (73, 22, 3, 2, 2.30, 4, 1653299413, 1653299413, NULL),
       (74, 23, 5, 2, 23.50, 2, 1653300004, 1653300004, NULL),
       (75, 23, 4, 2, 14.00, 3, 1653300004, 1653300004, NULL),
       (76, 23, 3, 2, 2.60, 4, 1653300004, 1653300004, NULL),
       (77, 24, 5, 2, 22.50, 2, 1653300798, 1653300832, NULL),
       (78, 24, 8, 2, 10.00, 3, 1653300798, 1653300832, NULL),
       (79, 24, 7, 2, 11.50, 4, 1653300798, 1653300832, NULL),
       (80, 24, 3, 2, 2.00, 5, 1653300798, 1653300832, NULL),
       (81, 25, 5, 2, 28.00, 2, 1653301239, 1653301239, NULL),
       (82, 25, 4, 2, 12.50, 3, 1653301239, 1653301239, NULL),
       (83, 25, 3, 2, 2.00, 4, 1653301239, 1653301239, NULL),
       (84, 26, 5, 2, 30.50, 2, 1653301580, 1653301580, NULL),
       (85, 26, 4, 2, 12.00, 3, 1653301580, 1653301580, NULL),
       (86, 26, 3, 2, 2.30, 4, 1653301580, 1653301580, NULL),
       (87, 27, 5, 2, 28.50, 2, 1653302115, 1653302115, NULL),
       (88, 27, 4, 2, 14.00, 3, 1653302115, 1653302115, NULL),
       (89, 27, 3, 2, 3.00, 4, 1653302115, 1653302115, NULL),
       (90, 18, 8, 2, 11.00, 3, 1653302211, 1653302211, NULL),
       (91, 18, 7, 2, 12.00, 4, 1653302211, 1653302211, NULL),
       (92, 28, 5, 2, 35.00, 2, 1653303010, 1653303010, NULL),
       (93, 28, 4, 2, 13.00, 3, 1653303010, 1653303010, NULL),
       (94, 28, 3, 2, 2.70, 4, 1653303010, 1653303010, NULL),
       (95, 29, 5, 2, 23.00, 2, 1653367609, 1653367609, NULL),
       (96, 29, 4, 2, 14.00, 3, 1653367609, 1653367609, NULL),
       (97, 29, 3, 2, 3.00, 4, 1653367609, 1653367609, NULL),
       (98, 30, 5, 2, 34.00, 2, 1653369320, 1653369320, NULL),
       (99, 30, 4, 2, 14.50, 3, 1653369320, 1653369320, NULL),
       (100, 30, 3, 2, 4.40, 4, 1653369320, 1653369320, NULL),
       (101, 31, 5, 2, 31.00, 2, 1653369906, 1653369971, NULL),
       (102, 31, 4, 2, 14.50, 3, 1653369906, 1653369971, NULL),
       (103, 31, 3, 2, 4.40, 4, 1653369906, 1653369971, NULL),
       (104, 32, 5, 2, 26.00, 2, 1653371682, 1653371682, NULL),
       (105, 32, 8, 2, 10.00, 3, 1653371682, 1653371682, NULL),
       (106, 32, 7, 2, 11.50, 4, 1653371682, 1653371682, NULL),
       (107, 32, 3, 2, 2.00, 5, 1653371682, 1653371682, NULL),
       (108, 33, 5, 2, 40.00, 2, 1653372215, 1653372215, NULL),
       (109, 33, 4, 2, 13.00, 3, 1653372215, 1653372215, NULL),
       (110, 33, 3, 2, 2.50, 4, 1653372215, 1653372215, NULL),
       (111, 34, 5, 2, 39.00, 2, 1653373045, 1653373045, NULL),
       (112, 34, 4, 2, 13.50, 3, 1653373045, 1653373045, NULL),
       (113, 34, 3, 2, 3.30, 4, 1653373045, 1653373045, NULL),
       (114, 35, 5, 2, 28.50, 2, 1653373820, 1653373820, NULL),
       (115, 35, 4, 2, 14.00, 3, 1653373820, 1653373820, NULL),
       (116, 35, 3, 2, 3.00, 4, 1653373820, 1653373820, NULL),
       (117, 36, 5, 2, 50.00, 2, 1653374302, 1653374302, NULL),
       (118, 36, 4, 2, 15.00, 3, 1653374302, 1653374302, NULL),
       (119, 36, 3, 2, 2.40, 4, 1653374302, 1653374302, NULL),
       (120, 37, 5, 2, 23.50, 2, 1653375243, 1653375243, NULL),
       (121, 37, 4, 2, 26.00, 3, 1653375243, 1653375243, NULL),
       (122, 37, 3, 2, 2.40, 4, 1653375243, 1653375243, NULL),
       (123, 38, 5, 2, 27.00, 2, 1653376122, 1653376122, NULL),
       (124, 38, 4, 2, 26.00, 3, 1653376122, 1653376122, NULL),
       (125, 38, 3, 2, 2.50, 4, 1653376122, 1653376122, NULL),
       (126, 39, 5, 2, 30.00, 2, 1653377011, 1653377011, NULL),
       (127, 39, 4, 2, 26.50, 3, 1653377011, 1653377011, NULL),
       (128, 39, 3, 2, 3.00, 4, 1653377011, 1653377011, NULL),
       (129, 40, 5, 2, 36.00, 2, 1653377639, 1653377639, NULL),
       (130, 40, 4, 2, 16.50, 3, 1653377639, 1653377639, NULL),
       (131, 40, 3, 2, 3.70, 4, 1653377639, 1653377639, NULL),
       (132, 41, 5, 2, 39.00, 2, 1653379570, 1653379570, NULL),
       (133, 41, 8, 2, 13.00, 3, 1653379570, 1653379570, NULL),
       (134, 41, 7, 2, 16.00, 4, 1653379570, 1653379570, NULL),
       (135, 41, 3, 2, 2.70, 5, 1653379570, 1653379570, NULL),
       (136, 42, 5, 2, 29.00, 2, 1653381142, 1653381142, NULL),
       (137, 42, 8, 2, 14.00, 3, 1653381142, 1653381142, NULL),
       (138, 42, 7, 2, 13.00, 4, 1653381142, 1653381142, NULL),
       (139, 42, 3, 2, 2.50, 5, 1653381142, 1653381142, NULL),
       (140, 43, 5, 2, 19.00, 2, 1653381908, 1653381908, NULL),
       (141, 43, 8, 2, 10.00, 3, 1653381908, 1653381908, NULL),
       (142, 43, 7, 2, 11.00, 4, 1653381908, 1653381908, NULL),
       (143, 43, 3, 2, 2.40, 5, 1653381908, 1653381908, NULL),
       (144, 44, 5, 2, 25.00, 2, 1653382697, 1653382697, NULL),
       (145, 44, 8, 2, 10.50, 3, 1653382697, 1653382697, NULL),
       (146, 44, 7, 2, 11.00, 4, 1653382697, 1653382697, NULL),
       (147, 44, 3, 2, 3.10, 5, 1653382697, 1653382697, NULL),
       (148, 45, 5, 2, 19.00, 2, 1653383699, 1653383699, NULL),
       (149, 45, 4, 2, 12.00, 3, 1653383699, 1653383699, NULL),
       (150, 45, 3, 2, 2.60, 4, 1653383699, 1653383699, NULL),
       (151, 46, 5, 2, 18.00, 2, 1653384501, 1653384501, NULL),
       (152, 46, 8, 2, 9.50, 3, 1653384502, 1653384502, NULL),
       (153, 46, 7, 2, 10.50, 4, 1653384502, 1653384502, NULL),
       (154, 46, 3, 2, 2.80, 5, 1653384502, 1653384502, NULL),
       (155, 47, 5, 2, 22.00, 2, 1653385050, 1653385050, NULL),
       (156, 47, 4, 2, 15.50, 3, 1653385050, 1653385050, NULL),
       (157, 47, 3, 2, 2.60, 4, 1653385050, 1653385050, NULL),
       (158, 48, 5, 2, 25.00, 2, 1653385494, 1653385494, NULL),
       (159, 48, 4, 2, 13.00, 3, 1653385494, 1653385494, NULL),
       (160, 48, 3, 2, 2.70, 4, 1653385494, 1653385494, NULL),
       (161, 49, 5, 2, 52.00, 2, 1653388341, 1653388341, NULL),
       (162, 49, 4, 2, 13.00, 3, 1653388341, 1653388341, NULL),
       (163, 49, 3, 2, 2.50, 4, 1653388341, 1653388341, NULL),
       (164, 50, 5, 2, 43.50, 2, 1653388971, 1653388971, NULL),
       (165, 50, 8, 2, 10.00, 3, 1653388971, 1653388971, NULL),
       (166, 50, 7, 2, 11.50, 4, 1653388971, 1653388971, NULL),
       (167, 50, 3, 2, 2.70, 5, 1653388971, 1653388971, NULL),
       (168, 51, 5, 2, 43.50, 2, 1653390063, 1653390063, NULL),
       (169, 51, 4, 2, 11.50, 3, 1653390063, 1653390063, NULL),
       (170, 51, 3, 2, 2.60, 4, 1653390063, 1653390063, NULL),
       (171, 52, 5, 2, 28.00, 2, 1653390495, 1653390495, NULL),
       (172, 52, 4, 2, 12.50, 3, 1653390495, 1653390495, NULL),
       (173, 52, 3, 2, 4.00, 4, 1653390495, 1653390495, NULL),
       (174, 54, 5, 2, 50.00, 2, 1653391682, 1653391682, NULL),
       (175, 54, 4, 2, 10.00, 3, 1653391682, 1653391682, NULL),
       (176, 54, 3, 2, 2.20, 4, 1653391682, 1653391682, NULL),
       (177, 56, 5, 2, 26.50, 2, 1656326085, 1656338677, NULL),
       (178, 56, 4, 2, 20.00, 3, 1656326085, 1656338677, NULL),
       (179, 56, 3, 2, 2.60, 4, 1656326085, 1656338677, NULL),
       (180, 57, 5, 2, 26.00, 2, 1656327069, 1656327069, NULL),
       (181, 57, 4, 2, 26.00, 3, 1656327069, 1656327069, NULL),
       (182, 57, 3, 2, 2.90, 4, 1656327069, 1656327069, NULL),
       (183, 58, 5, 2, 35.50, 2, 1656327903, 1656487025, NULL),
       (184, 58, 4, 2, 14.00, 3, 1656327903, 1656487025, NULL),
       (185, 58, 3, 2, 3.90, 4, 1656327903, 1656487025, NULL),
       (186, 59, 5, 2, 29.50, 2, 1656328324, 1656328324, NULL),
       (187, 59, 8, 2, 27.00, 3, 1656328324, 1656328324, NULL),
       (188, 59, 7, 2, 28.00, 4, 1656328324, 1656328324, NULL),
       (189, 59, 3, 2, 3.10, 5, 1656328324, 1656328324, NULL),
       (190, 60, 5, 2, 25.00, 2, 1656329296, 1656329296, NULL),
       (191, 60, 8, 2, 6.00, 3, 1656329296, 1656329296, NULL),
       (192, 60, 7, 2, 9.70, 4, 1656329296, 1656329296, NULL),
       (193, 60, 3, 2, 3.90, 5, 1656329296, 1656329296, NULL),
       (194, 61, 5, 2, 40.00, 2, 1656329802, 1656329802, NULL),
       (195, 61, 4, 2, 17.00, 3, 1656329802, 1656329802, NULL),
       (196, 61, 3, 2, 4.20, 14, 1656329802, 1656329802, NULL),
       (198, 62, 5, 1, 27.00, 2, 1656330555, 1656330555, NULL),
       (199, 62, 4, 2, 13.50, 3, 1656330555, 1656330555, NULL),
       (200, 62, 3, 2, 3.90, 4, 1656330555, 1656330555, NULL),
       (202, 63, 5, 2, 37.50, 2, 1656331248, 1656331248, NULL),
       (203, 63, 4, 2, 18.00, 3, 1656331248, 1656331248, NULL),
       (204, 63, 3, 2, 3.40, 4, 1656331248, 1656331248, NULL),
       (206, 64, 5, 2, 40.00, 2, 1656339124, 1656339124, NULL),
       (207, 64, 4, 2, 27.50, 3, 1656339124, 1656339124, NULL),
       (208, 64, 3, 2, 2.80, 4, 1656339124, 1656339124, NULL),
       (209, 65, 5, 2, 34.50, 2, 1656339649, 1656339649, NULL),
       (210, 65, 4, 2, 26.50, 3, 1656339649, 1656339649, NULL),
       (211, 65, 3, 2, 3.00, 4, 1656339649, 1656339649, NULL),
       (212, 66, 5, 2, 34.00, 2, 1659976602, 1659976958, NULL),
       (213, 66, 8, 2, 13.00, 3, 1659976602, 1659976958, NULL),
       (214, 66, 7, 2, 16.50, 4, 1659976602, 1659976958, NULL),
       (215, 66, 3, 2, 2.70, 5, 1659976602, 1659976958, NULL),
       (216, 67, 5, 2, 38.00, 2, 1659976943, 1659976943, NULL),
       (217, 67, 4, 2, 13.50, 3, 1659976943, 1659976943, NULL),
       (218, 67, 3, 2, 3.30, 4, 1659976943, 1659976943, NULL),
       (219, 68, 5, 2, 29.50, 2, 1659977608, 1659977608, NULL),
       (220, 68, 4, 2, 15.00, 3, 1659977608, 1659977608, NULL),
       (221, 68, 3, 2, 3.00, 4, 1659977608, 1659977608, NULL),
       (222, 69, 5, 2, 31.00, 2, 1659977888, 1659977888, NULL),
       (223, 69, 8, 2, 15.00, 3, 1659977888, 1659977888, NULL),
       (224, 69, 7, 2, 13.00, 4, 1659977888, 1659977888, NULL),
       (225, 69, 3, 2, 3.10, 5, 1659977888, 1659977888, NULL),
       (226, 70, 5, 2, 30.00, 2, 1659978247, 1659978247, NULL),
       (227, 70, 8, 2, 10.00, 3, 1659978247, 1659978247, NULL),
       (228, 70, 7, 2, 15.00, 4, 1659978247, 1659978247, NULL),
       (229, 70, 3, 2, 3.20, 5, 1659978247, 1659978247, NULL),
       (230, 71, 5, 2, 33.00, 2, 1659978712, 1659978712, NULL),
       (231, 71, 4, 2, 14.00, 3, 1659978712, 1659978712, NULL),
       (232, 71, 3, 2, 3.20, 4, 1659978712, 1659978712, NULL),
       (233, 72, 5, 2, 32.50, 2, 1659978904, 1659978904, NULL),
       (234, 72, 4, 2, 12.50, 3, 1659978904, 1659978904, NULL),
       (235, 72, 3, 2, 3.00, 4, 1659978904, 1659978904, NULL),
       (236, 73, 5, 2, 29.00, 2, 1659979509, 1659979509, NULL),
       (237, 73, 4, 2, 11.00, 3, 1659979509, 1659979509, NULL),
       (238, 73, 3, 2, 3.00, 4, 1659979509, 1659979509, NULL),
       (239, 74, 5, 2, 31.50, 2, 1659979681, 1666956048, NULL),
       (240, 74, 8, 2, 17.00, 3, 1659979681, 1666956048, NULL),
       (241, 74, 7, 2, 16.00, 4, 1659979681, 1666956048, NULL),
       (242, 74, 3, 2, 2.90, 5, 1659979681, 1666956048, NULL),
       (243, 75, 5, 2, 30.00, 2, 1659979847, 1659979847, NULL),
       (244, 75, 4, 2, 12.50, 3, 1659979847, 1659979847, NULL),
       (245, 75, 3, 2, 3.00, 4, 1659979847, 1659979847, NULL),
       (246, 76, 5, 2, 29.50, 2, 1659980279, 1659980279, NULL),
       (247, 76, 4, 2, 15.00, 3, 1659980279, 1659980279, NULL),
       (248, 76, 3, 2, 3.00, 4, 1659980279, 1659980279, NULL),
       (249, 77, 5, 2, 52.00, 2, 1664609162, 1664609162, NULL),
       (250, 77, 4, 2, 32.00, 3, 1664609162, 1664609162, NULL),
       (251, 77, 3, 2, 5.50, 4, 1664609162, 1664609162, NULL),
       (252, 80, 5, 2, 17.50, 2, 1667374276, 1667374276, NULL),
       (253, 80, 4, 2, 10.50, 3, 1667374276, 1667374276, NULL),
       (254, 80, 3, 2, 2.70, 4, 1667374276, 1667374276, NULL),
       (255, 81, 5, 2, 25.00, 2, 1667374562, 1667374562, NULL),
       (256, 81, 8, 2, 19.00, 3, 1667374562, 1667374562, NULL),
       (257, 81, 7, 2, 21.50, 4, 1667374562, 1667374562, NULL),
       (258, 81, 3, 2, 2.50, 5, 1667374562, 1667374562, NULL),
       (259, 82, 5, 2, 36.00, 2, 1667374812, 1667374812, NULL),
       (260, 82, 4, 2, 20.00, 3, 1667374812, 1667374812, NULL),
       (261, 82, 3, 2, 2.50, 4, 1667374812, 1667374812, NULL),
       (262, 83, 5, 2, 21.00, 2, 1667375010, 1667375010, NULL),
       (263, 83, 4, 2, 16.00, 3, 1667375010, 1667375010, NULL),
       (264, 83, 3, 2, 2.40, 4, 1667375010, 1667375010, NULL),
       (265, 84, 5, 2, 31.00, 2, 1667375269, 1667375269, NULL),
       (266, 84, 4, 2, 16.00, 3, 1667375269, 1667375269, NULL),
       (267, 84, 3, 2, 3.30, 4, 1667375269, 1667375269, NULL),
       (268, 85, 5, 2, 29.50, 2, 1667375549, 1667375549, NULL),
       (269, 85, 4, 2, 15.50, 3, 1667375549, 1667375549, NULL),
       (270, 85, 3, 2, 3.20, 4, 1667375549, 1667375549, NULL),
       (271, 86, 5, 2, 30.50, 2, 1667375790, 1667375790, NULL),
       (272, 86, 8, 2, 13.00, 3, 1667375790, 1667375790, NULL),
       (273, 86, 7, 2, 17.00, 4, 1667375790, 1667375790, NULL),
       (274, 86, 3, 2, 2.70, 5, 1667375790, 1667375790, NULL),
       (275, 87, 5, 2, 20.00, 2, 1667376017, 1667376017, NULL),
       (276, 87, 8, 2, 15.00, 3, 1667376017, 1667376017, NULL),
       (277, 87, 7, 2, 16.00, 4, 1667376017, 1667376017, NULL),
       (278, 87, 3, 2, 2.80, 5, 1667376017, 1667376017, NULL),
       (279, 88, 5, 2, 23.50, 2, 1667376219, 1667376219, NULL),
       (280, 88, 8, 2, 16.00, 3, 1667376219, 1667376219, NULL),
       (281, 88, 7, 2, 17.00, 4, 1667376219, 1667376219, NULL),
       (282, 88, 3, 2, 2.90, 5, 1667376219, 1667376219, NULL),
       (283, 91, 5, 2, 35.50, 2, 1667377514, 1667377514, NULL),
       (284, 91, 4, 2, 25.00, 3, 1667377514, 1667377514, NULL),
       (285, 91, 3, 2, 2.80, 4, 1667377514, 1667377514, NULL),
       (286, 92, 5, 2, 45.00, 2, 1667377799, 1667377799, NULL),
       (287, 92, 4, 2, 31.00, 3, 1667377799, 1667377799, NULL),
       (288, 92, 3, 2, 3.70, 4, 1667377799, 1667377799, NULL),
       (289, 93, 5, 2, 33.50, 2, 1667378053, 1667378053, NULL),
       (290, 93, 8, 2, 11.00, 3, 1667378053, 1667378053, NULL),
       (291, 93, 7, 2, 13.00, 4, 1667378053, 1667378053, NULL),
       (292, 93, 3, 2, 2.40, 5, 1667378053, 1667378053, NULL),
       (293, 94, 5, 2, 35.50, 2, 1667378703, 1667378703, NULL),
       (294, 94, 4, 2, 11.50, 3, 1667378703, 1667378703, NULL),
       (295, 94, 3, 2, 2.80, 4, 1667378703, 1667378703, NULL),
       (296, 95, 5, 2, 22.00, 2, 1667379095, 1667379095, NULL),
       (297, 95, 8, 2, 15.00, 3, 1667379095, 1667379095, NULL),
       (298, 95, 7, 2, 17.50, 4, 1667379095, 1667379095, NULL),
       (299, 95, 3, 2, 2.90, 5, 1667379095, 1667379095, NULL),
       (300, 96, 5, 2, 27.00, 2, 1667379303, 1667379303, NULL),
       (301, 96, 4, 2, 17.00, 3, 1667379303, 1667379303, NULL),
       (302, 96, 3, 2, 2.90, 4, 1667379303, 1667379303, NULL),
       (303, 97, 5, 2, 25.00, 2, 1667379524, 1667379524, NULL),
       (304, 97, 8, 2, 15.50, 3, 1667379524, 1667379524, NULL),
       (305, 97, 7, 2, 16.50, 4, 1667379524, 1667379524, NULL),
       (306, 97, 3, 2, 2.80, 5, 1667379524, 1667379524, NULL),
       (307, 98, 5, 2, 28.00, 2, 1667379796, 1667379796, NULL),
       (308, 98, 8, 2, 12.50, 3, 1667379796, 1667379796, NULL),
       (309, 98, 7, 2, 13.50, 4, 1667379796, 1667379796, NULL),
       (310, 98, 3, 2, 3.10, 5, 1667379796, 1667379796, NULL),
       (311, 99, 5, 2, 31.00, 2, 1667380233, 1667380233, NULL),
       (312, 99, 4, 2, 15.50, 3, 1667380233, 1667380233, NULL),
       (313, 99, 3, 2, 3.10, 4, 1667380233, 1667380233, NULL),
       (314, 100, 5, 2, 24.50, 2, 1667380438, 1667380438, NULL),
       (315, 100, 8, 2, 24.00, 3, 1667380438, 1667380438, NULL),
       (316, 100, 7, 2, 25.50, 4, 1667380438, 1667380438, NULL),
       (317, 100, 3, 2, 2.70, 5, 1667380438, 1667380438, NULL),
       (318, 101, 5, 2, 31.50, 2, 1667380850, 1667380850, NULL),
       (319, 101, 4, 2, 16.00, 3, 1667380850, 1667380850, NULL),
       (320, 101, 3, 2, 3.00, 4, 1667380850, 1667380850, NULL),
       (321, 102, 5, 2, 33.00, 2, 1667381105, 1667381105, NULL),
       (322, 102, 8, 2, 15.00, 3, 1667381105, 1667381105, NULL),
       (323, 102, 7, 2, 17.00, 4, 1667381105, 1667381105, NULL),
       (324, 102, 3, 2, 3.00, 5, 1667381105, 1667381105, NULL),
       (325, 103, 5, 2, 17.50, 2, 1667381270, 1667381270, NULL),
       (326, 103, 4, 2, 12.00, 3, 1667381270, 1667381270, NULL),
       (327, 103, 3, 2, 2.70, 4, 1667381270, 1667381270, NULL),
       (328, 104, 5, 2, 23.50, 2, 1667381593, 1667381593, NULL),
       (329, 104, 8, 2, 17.00, 3, 1667381593, 1667381593, NULL),
       (330, 104, 7, 2, 18.00, 4, 1667381593, 1667381593, NULL),
       (331, 104, 3, 2, 3.20, 5, 1667381593, 1667381593, NULL),
       (332, 105, 5, 2, 24.00, 2, 1667381764, 1667381764, NULL),
       (333, 105, 8, 2, 12.00, 3, 1667381764, 1667381764, NULL),
       (334, 105, 7, 2, 13.00, 4, 1667381764, 1667381764, NULL),
       (335, 105, 3, 2, 2.70, 5, 1667381764, 1667381764, NULL),
       (336, 106, 5, 2, 28.00, 2, 1667382059, 1667382059, NULL),
       (337, 106, 4, 2, 14.00, 3, 1667382059, 1667382059, NULL),
       (338, 106, 3, 2, 2.70, 4, 1667382059, 1667382059, NULL),
       (339, 108, 5, 2, 30.00, 2, 1667382297, 1667382297, NULL),
       (340, 108, 4, 2, 17.00, 3, 1667382297, 1667382297, NULL),
       (341, 108, 3, 2, 3.20, 4, 1667382297, 1667382297, NULL),
       (342, 109, 5, 2, 31.00, 2, 1667382556, 1667382556, NULL),
       (343, 109, 8, 2, 14.00, 3, 1667382556, 1667382556, NULL),
       (344, 109, 7, 2, 15.00, 4, 1667382556, 1667382556, NULL),
       (345, 109, 3, 2, 2.70, 5, 1667382556, 1667382556, NULL),
       (346, 110, 5, 2, 30.00, 2, 1667382801, 1667382801, NULL),
       (347, 110, 8, 2, 15.00, 3, 1667382801, 1667382801, NULL),
       (348, 110, 7, 2, 14.50, 4, 1667382801, 1667382801, NULL),
       (349, 110, 3, 2, 2.90, 5, 1667382801, 1667382801, NULL),
       (350, 111, 5, 2, 28.00, 2, 1667382937, 1667382937, NULL),
       (351, 111, 4, 2, 15.00, 3, 1667382937, 1667382937, NULL),
       (352, 111, 3, 2, 2.80, 4, 1667382937, 1667382937, NULL),
       (353, 112, 5, 2, 32.00, 2, 1667383211, 1667383211, NULL),
       (354, 112, 8, 2, 12.00, 3, 1667383211, 1667383211, NULL),
       (355, 112, 7, 2, 15.00, 4, 1667383211, 1667383211, NULL),
       (356, 112, 3, 2, 2.80, 5, 1667383211, 1667383211, NULL),
       (357, 113, 5, 2, 28.50, 2, 1667383453, 1667383453, NULL),
       (358, 113, 4, 2, 13.00, 3, 1667383453, 1667383453, NULL),
       (359, 113, 3, 2, 3.00, 4, 1667383453, 1667383453, NULL),
       (360, 114, 5, 2, 37.00, 2, 1667383640, 1667383640, NULL),
       (361, 114, 8, 2, 20.00, 3, 1667383640, 1667383640, NULL),
       (362, 114, 7, 2, 21.50, 4, 1667383640, 1667383640, NULL),
       (363, 114, 3, 2, 2.30, 5, 1667383640, 1667383640, NULL),
       (364, 115, 5, 2, 27.00, 2, 1667383806, 1667383806, NULL),
       (365, 115, 8, 2, 17.50, 3, 1667383806, 1667383806, NULL),
       (366, 115, 7, 2, 18.00, 4, 1667383806, 1667383806, NULL),
       (367, 115, 3, 2, 2.90, 5, 1667383806, 1667383806, NULL),
       (368, 116, 5, 2, 37.00, 2, 1667383945, 1667383945, NULL),
       (369, 116, 8, 2, 12.50, 3, 1667383945, 1667383945, NULL),
       (370, 116, 7, 2, 19.00, 4, 1667383945, 1667383945, NULL),
       (371, 116, 3, 2, 2.70, 5, 1667383945, 1667383945, NULL),
       (372, 118, 5, 2, 31.50, 2, 1667384251, 1667384251, NULL),
       (373, 118, 4, 2, 13.50, 3, 1667384251, 1667384251, NULL),
       (374, 118, 3, 2, 3.00, 4, 1667384251, 1667384251, NULL),
       (375, 119, 5, 2, 32.00, 2, 1667384405, 1667384405, NULL),
       (376, 119, 8, 2, 17.00, 3, 1667384405, 1667384405, NULL),
       (377, 119, 7, 2, 21.50, 4, 1667384405, 1667384405, NULL),
       (378, 119, 3, 2, 3.00, 5, 1667384405, 1667384405, NULL),
       (379, 120, 5, 2, 44.50, 2, 1667384621, 1667384621, NULL),
       (380, 120, 8, 2, 18.50, 3, 1667384621, 1667384621, NULL),
       (381, 120, 7, 2, 22.50, 4, 1667384621, 1667384621, NULL),
       (382, 120, 3, 2, 3.70, 5, 1667384621, 1667384621, NULL),
       (383, 121, 5, 2, 22.00, 8, 1667412921, 1667415723, NULL),
       (384, 121, 8, 2, 17.00, 9, 1667412921, 1667415723, NULL),
       (385, 121, 7, 2, 10.00, 10, 1667412921, 1667415723, NULL),
       (386, 121, 3, 2, 4.00, 11, 1667412921, 1667415723, NULL),
       (387, 122, 5, 2, 32.00, 2, 1667413219, 1667413219, NULL),
       (388, 122, 8, 2, 11.50, 3, 1667413219, 1667413219, NULL),
       (389, 122, 7, 2, 14.00, 4, 1667413219, 1667413219, NULL),
       (390, 122, 3, 2, 3.00, 5, 1667413219, 1667413219, NULL),
       (391, 123, 5, 2, 25.00, 2, 1667413424, 1667413424, NULL),
       (392, 123, 4, 2, 12.00, 3, 1667413424, 1667413424, NULL),
       (393, 123, 3, 2, 2.40, 4, 1667413424, 1667413424, NULL),
       (394, 124, 5, 2, 29.00, 2, 1667413938, 1667413938, NULL),
       (395, 124, 8, 2, 11.50, 3, 1667413938, 1667413938, NULL),
       (396, 124, 7, 2, 14.00, 4, 1667413938, 1667413938, NULL),
       (397, 124, 3, 2, 2.80, 5, 1667413938, 1667413938, NULL),
       (398, 125, 5, 2, 31.50, 2, 1667414188, 1667414188, NULL),
       (399, 125, 8, 2, 15.00, 3, 1667414188, 1667414188, NULL),
       (400, 125, 7, 2, 19.00, 4, 1667414188, 1667414188, NULL),
       (401, 125, 3, 2, 3.00, 5, 1667414188, 1667414188, NULL),
       (402, 126, 5, 2, 42.50, 2, 1667414462, 1667414462, NULL),
       (403, 126, 8, 2, 15.00, 3, 1667414462, 1667414462, NULL),
       (404, 126, 7, 2, 13.00, 4, 1667414462, 1667414462, NULL),
       (405, 126, 3, 2, 2.70, 5, 1667414462, 1667414462, NULL);

TRUNCATE `ax_catalog_product_has_value_int`;
INSERT INTO `ax_catalog_product_has_value_int` (`id`, `catalog_product_id`, `catalog_property_id`,
                                                `catalog_property_unit_id`, `value`, `sort`, `created_at`, `updated_at`,
                                                `deleted_at`)
VALUES (1, 80, 6, 4, 348, 5, 1667374276, 1667374276, NULL),
       (2, 81, 6, 4, 887, 6, 1667374562, 1667374562, NULL),
       (3, 82, 6, 4, 1356, 5, 1667374812, 1667374812, NULL),
       (4, 83, 6, 4, 557, 5, 1667375010, 1667375010, NULL),
       (5, 84, 6, 4, 1130, 5, 1667375269, 1667375269, NULL),
       (6, 85, 6, 4, 1031, 5, 1667375549, 1667375549, NULL),
       (7, 86, 6, 4, 956, 6, 1667375790, 1667375790, NULL),
       (8, 87, 6, 4, 646, 6, 1667376017, 1667376017, NULL),
       (9, 88, 6, 4, 833, 6, 1667376219, 1667376219, NULL),
       (10, 91, 6, 4, 1901, 5, 1667377514, 1667377514, NULL),
       (11, 92, 6, 4, 4082, 5, 1667377799, 1667377799, NULL),
       (12, 93, 6, 4, 513, 6, 1667378053, 1667378053, NULL),
       (13, 94, 6, 4, 764, 5, 1667378703, 1667378703, NULL),
       (14, 95, 6, 4, 766, 6, 1667379095, 1667379095, NULL),
       (15, 96, 6, 4, 1016, 5, 1667379303, 1667379303, NULL),
       (16, 97, 6, 4, 839, 6, 1667379524, 1667379524, NULL),
       (17, 98, 6, 4, 815, 6, 1667379796, 1667379796, NULL),
       (18, 99, 6, 4, 1005, 5, 1667380233, 1667380233, NULL),
       (19, 100, 6, 4, 1212, 6, 1667380438, 1667380438, NULL),
       (20, 101, 6, 4, 1128, 5, 1667380850, 1667380850, NULL),
       (21, 102, 6, 4, 1187, 6, 1667381105, 1667381105, NULL),
       (22, 103, 6, 4, 422, 5, 1667381270, 1667381270, NULL),
       (23, 104, 6, 4, 1026, 6, 1667381593, 1667381593, NULL),
       (24, 105, 6, 4, 581, 6, 1667381764, 1667381764, NULL),
       (25, 106, 6, 4, 767, 5, 1667382059, 1667382059, NULL),
       (26, 108, 6, 4, 1289, 5, 1667382297, 1667382297, NULL),
       (27, 109, 6, 4, 954, 6, 1667382556, 1667382556, NULL),
       (28, 110, 6, 4, 942, 6, 1667382801, 1667382801, NULL),
       (29, 111, 6, 4, 842, 5, 1667382937, 1667382937, NULL),
       (30, 112, 6, 4, 887, 6, 1667383211, 1667383211, NULL),
       (31, 113, 6, 4, 823, 5, 1667383453, 1667383453, NULL),
       (32, 114, 6, 4, 1273, 6, 1667383640, 1667383640, NULL),
       (33, 115, 6, 4, 1078, 6, 1667383806, 1667383806, NULL),
       (34, 116, 6, 4, 1169, 6, 1667383945, 1667383945, NULL),
       (35, 118, 6, 4, 854, 5, 1667384251, 1667384251, NULL),
       (36, 119, 6, 4, 1414, 6, 1667384405, 1667384405, NULL),
       (37, 120, 6, 4, 2163, 6, 1667384621, 1667384621, NULL),
       (38, 121, 6, 4, 821, 12, 1667412921, 1667415723, NULL),
       (39, 122, 6, 4, 851, 5, 1667413219, 1667413219, NULL),
       (40, 123, 6, 4, 457, 5, 1667413424, 1667413424, NULL),
       (41, 124, 6, 4, 706, 6, 1667413938, 1667413938, NULL),
       (42, 125, 6, 4, 1194, 6, 1667414188, 1667414188, NULL),
       (43, 126, 6, 4, 981, 6, 1667414462, 1667414462, NULL);

TRUNCATE `ax_catalog_product_has_value_text`;

TRUNCATE `ax_catalog_product_has_value_varchar`;
INSERT INTO `ax_catalog_product_has_value_varchar` (`id`, `catalog_product_id`, `catalog_property_id`,
                                                    `catalog_property_unit_id`, `value`, `sort`, `created_at`,
                                                    `updated_at`, `deleted_at`)
VALUES (2, 2, 1, NULL, 'Абрикос', 1, 1651660444, 1652124088, NULL),
       (3, 3, 1, NULL, 'Дуб', 1, 1651686459, 1653286088, NULL),
       (4, 4, 1, NULL, 'Дуб', 1, 1651686895, 1653290775, NULL),
       (8, 8, 1, NULL, 'Ясень', 1, 1651687835, 1653291077, NULL),
       (9, 5, 1, NULL, 'Дуб', 1, 1651694263, 1653290895, NULL),
       (10, 6, 1, NULL, 'Дуб', 1, 1651694563, 1653290933, NULL),
       (11, 7, 1, NULL, 'Дуб', 1, 1651694793, 1653285769, NULL),
       (12, 9, 1, NULL, 'Дуб', 1, 1651696120, 1653291150, NULL),
       (13, 10, 1, NULL, 'Дуб', 1, 1651696887, 1653291221, NULL),
       (14, 11, 1, NULL, 'Дуб', 1, 1651697509, 1653291401, NULL),
       (15, 12, 1, NULL, 'Акация', 1, 1651698934, 1653287309, NULL),
       (16, 13, 1, NULL, 'Дуб', 1, 1653288715, 1653290560, NULL),
       (17, 14, 1, NULL, 'Дуб', 1, 1653290119, 1653292439, NULL),
       (18, 15, 1, NULL, 'Ясень', 1, 1653292160, 1653297093, NULL),
       (19, 16, 1, NULL, 'Дуб', 1, 1653293717, 1653296857, NULL),
       (20, 17, 1, NULL, 'Дуб', 1, 1653294751, 1653296998, NULL),
       (21, 18, 1, NULL, 'Ясень', 1, 1653295313, 1653302211, NULL),
       (22, 19, 1, NULL, 'Дуб', 1, 1653297753, 1653297794, NULL),
       (23, 20, 1, NULL, 'Дуб', 1, 1653298136, 1653298136, NULL),
       (24, 21, 1, NULL, 'Дуб', 1, 1653298828, 1653298828, NULL),
       (25, 22, 1, NULL, 'Дуб', 1, 1653299413, 1653299413, NULL),
       (26, 23, 1, NULL, 'Дуб', 1, 1653300004, 1653300004, NULL),
       (27, 24, 1, NULL, 'Ясень', 1, 1653300798, 1653300832, NULL),
       (28, 25, 1, NULL, 'Дуб', 1, 1653301239, 1653301239, NULL),
       (29, 26, 1, NULL, 'Дуб', 1, 1653301580, 1653301580, NULL),
       (30, 27, 1, NULL, 'Ясень', 1, 1653302115, 1653302115, NULL),
       (31, 28, 1, NULL, 'Дуб', 1, 1653303010, 1653303010, NULL),
       (32, 29, 1, NULL, 'Ясень', 1, 1653367609, 1653367609, NULL),
       (33, 30, 1, NULL, 'Ясень', 1, 1653369320, 1653369320, NULL),
       (34, 31, 1, NULL, 'Ясень', 1, 1653369906, 1653369971, NULL),
       (35, 32, 1, NULL, 'Ясень', 1, 1653371682, 1653371682, NULL),
       (36, 33, 1, NULL, 'Дуб', 1, 1653372215, 1653372215, NULL),
       (37, 34, 1, NULL, 'Ясень', 1, 1653373045, 1653373045, NULL),
       (38, 35, 1, NULL, 'Ясень', 1, 1653373820, 1653373820, NULL),
       (39, 36, 1, NULL, 'Дуб', 1, 1653374302, 1653374302, NULL),
       (40, 37, 1, NULL, 'Дуб', 1, 1653375243, 1653375243, NULL),
       (41, 38, 1, NULL, 'Дуб', 1, 1653376122, 1653376122, NULL),
       (42, 39, 1, NULL, 'Дуб', 1, 1653377011, 1653377011, NULL),
       (43, 40, 1, NULL, 'Ясень', 1, 1653377639, 1653377639, NULL),
       (44, 41, 1, NULL, 'Дуб', 1, 1653379570, 1653379570, NULL),
       (45, 42, 1, NULL, 'Дуб', 1, 1653381142, 1653381142, NULL),
       (46, 43, 1, NULL, 'Дуб', 1, 1653381908, 1653381908, NULL),
       (47, 44, 1, NULL, 'Дуб', 1, 1653382697, 1653382697, NULL),
       (48, 45, 1, NULL, 'Дуб', 1, 1653383699, 1653383699, NULL),
       (49, 46, 1, NULL, 'Дуб', 1, 1653384501, 1653384501, NULL),
       (50, 47, 1, NULL, 'Дуб', 1, 1653385050, 1653385050, NULL),
       (51, 48, 1, NULL, 'Дуб', 1, 1653385494, 1653385494, NULL),
       (52, 49, 1, NULL, 'Черешня', 1, 1653388341, 1653388341, NULL),
       (53, 50, 1, NULL, 'Дуб', 1, 1653388971, 1653388971, NULL),
       (54, 51, 1, NULL, 'Дуб', 1, 1653390063, 1653390063, NULL),
       (55, 52, 1, NULL, 'Орех', 1, 1653390495, 1653390495, NULL),
       (56, 54, 1, NULL, 'Дуб', 1, 1653391682, 1653391682, NULL),
       (57, 56, 1, NULL, 'Дуб', 1, 1656326085, 1656338677, NULL),
       (58, 57, 1, NULL, 'Дуб', 1, 1656327069, 1656327069, NULL),
       (59, 58, 1, NULL, 'Акация', 1, 1656327903, 1656487025, NULL),
       (60, 59, 1, NULL, 'Дуб', 1, 1656328324, 1656328324, NULL),
       (61, 60, 1, NULL, 'Акация', 1, 1656329296, 1656329296, NULL),
       (62, 61, 1, NULL, 'Акация', 1, 1656329802, 1656329802, NULL),
       (63, 62, 1, NULL, 'Акация', 1, 1656330555, 1656330555, NULL),
       (64, 63, 1, NULL, 'Черешня', 1, 1656331248, 1656331248, NULL),
       (65, 64, 1, NULL, 'Дуб', 1, 1656339124, 1656339124, NULL),
       (66, 65, 1, NULL, 'Дуб', 1, 1656339649, 1656339649, NULL),
       (67, 66, 1, NULL, 'Абрикос', 1, 1659976602, 1659976958, NULL),
       (68, 67, 1, NULL, 'Дуб', 1, 1659976943, 1659976943, NULL),
       (69, 68, 1, NULL, 'Дуб', 1, 1659977608, 1659977608, NULL),
       (70, 69, 1, NULL, 'Дуб', 1, 1659977888, 1659977888, NULL),
       (71, 70, 1, NULL, 'Дуб', 1, 1659978247, 1659978247, NULL),
       (72, 71, 1, NULL, 'Дуб', 1, 1659978712, 1659978712, NULL),
       (73, 72, 1, NULL, 'Дуб', 1, 1659978904, 1659978904, NULL),
       (74, 73, 1, NULL, 'Дуб', 1, 1659979509, 1659979509, NULL),
       (75, 74, 1, NULL, 'Дуб', 1, 1659979681, 1666956048, NULL),
       (76, 75, 1, NULL, 'Дуб', 1, 1659979847, 1659979847, NULL),
       (77, 76, 1, NULL, 'Дуб', 1, 1659980279, 1659980279, NULL),
       (78, 77, 1, NULL, 'Шелковица + Орех', 1, 1664609162, 1664609162, NULL),
       (79, 79, 1, NULL, '1', NULL, 1666382524, 1666382524, NULL),
       (80, 80, 1, NULL, 'Дуб', 1, 1667374276, 1667374276, NULL),
       (81, 81, 1, NULL, 'Ясень', 1, 1667374562, 1667374562, NULL),
       (82, 82, 1, NULL, 'Бук', 1, 1667374812, 1667374812, NULL),
       (83, 83, 1, NULL, 'Ясень', 1, 1667375010, 1667375010, NULL),
       (84, 84, 1, NULL, 'Дуб', 1, 1667375269, 1667375269, NULL),
       (85, 85, 1, NULL, 'Дуб', 11, 1667375549, 1667375549, NULL),
       (86, 86, 1, NULL, 'Дуб', 1, 1667375790, 1667375790, NULL),
       (87, 87, 1, NULL, 'Дуб', 1, 1667376017, 1667376017, NULL),
       (88, 88, 1, NULL, 'Дуб', 1, 1667376219, 1667376219, NULL),
       (89, 91, 1, NULL, 'Дуб', 1, 1667377514, 1667377514, NULL),
       (90, 92, 1, NULL, 'Дуб', 1, 1667377799, 1667377799, NULL),
       (91, 93, 1, NULL, 'Ясень', 1, 1667378053, 1667378053, NULL),
       (92, 94, 1, NULL, 'Ясень', 1, 1667378703, 1667378703, NULL),
       (93, 95, 1, NULL, 'Дуб', 1, 1667379095, 1667379095, NULL),
       (94, 96, 1, NULL, 'Дуб', 1, 1667379303, 1667379303, NULL),
       (95, 97, 1, NULL, 'Дуб', 1, 1667379524, 1667379524, NULL),
       (96, 98, 1, NULL, 'Дуб', 1, 1667379796, 1667379796, NULL),
       (97, 99, 1, NULL, 'Дуб', 1, 1667380233, 1667380233, NULL),
       (98, 100, 1, NULL, 'Дуб', 1, 1667380438, 1667380438, NULL),
       (99, 101, 1, NULL, 'Дуб', 1, 1667380849, 1667380849, NULL),
       (100, 102, 1, NULL, 'Дуб', 1, 1667381105, 1667381105, NULL),
       (101, 103, 1, NULL, 'Дуб', 1, 1667381270, 1667381270, NULL),
       (102, 104, 1, NULL, 'Дуб', 1, 1667381593, 1667381593, NULL),
       (103, 105, 1, NULL, 'Дуб', 1, 1667381764, 1667381764, NULL),
       (104, 106, 1, NULL, 'Дуб', 1, 1667382059, 1667382059, NULL),
       (105, 108, 1, NULL, 'Дуб', 1, 1667382297, 1667382297, NULL),
       (106, 109, 1, NULL, 'Дуб', 1, 1667382556, 1667382556, NULL),
       (107, 110, 1, NULL, 'Дуб', 1, 1667382801, 1667382801, NULL),
       (108, 111, 1, NULL, 'Дуб', 1, 1667382937, 1667382937, NULL),
       (109, 112, 1, NULL, 'Дуб', 1, 1667383211, 1667383211, NULL),
       (110, 113, 1, NULL, 'Дуб', 1, 1667383453, 1667383453, NULL),
       (111, 114, 1, NULL, 'Ясень', 1, 1667383640, 1667383640, NULL),
       (112, 115, 1, NULL, 'Дуб', 1, 1667383806, 1667383806, NULL),
       (113, 116, 1, NULL, 'Дуб', 1, 1667383945, 1667383945, NULL),
       (114, 118, 1, NULL, 'Дуб', 1, 1667384251, 1667384251, NULL),
       (115, 119, 1, NULL, 'Дуб', 1, 1667384405, 1667384405, NULL),
       (116, 120, 1, NULL, 'Дуб', 1, 1667384621, 1667384621, NULL),
       (117, 121, 1, NULL, 'Дуб', 7, 1667412921, 1667415723, NULL),
       (118, 122, 1, NULL, 'Акация', 1, 1667413219, 1667413219, NULL),
       (119, 123, 1, NULL, 'Акация', 1, 1667413424, 1667413424, NULL),
       (120, 124, 1, NULL, 'Абрикос', 1, 1667413938, 1667413938, NULL),
       (121, 125, 1, NULL, 'Акация', 1, 1667414188, 1667414188, NULL),
       (122, 126, 1, NULL, 'Абрикос', 1, 1667414462, 1667414462, NULL);

TRUNCATE `ax_catalog_product_widgets`;

TRUNCATE `ax_catalog_product_widgets_content`;

TRUNCATE `ax_catalog_property`;
INSERT INTO `ax_catalog_property` (`id`, `catalog_property_type_id`, `catalog_property_unit_id`, `is_hidden`, `title`,
                                   `description`, `sort`, `image`, `created_at`, `updated_at`, `deleted_at`)
VALUES (1, 1, 0, NULL, 'Материал', NULL, NULL, NULL, 1651608270, 1651608270, NULL),
       (2, 1, 0, NULL, 'Цвет', NULL, NULL, NULL, 1651608270, 1651608270, NULL),
       (3, 4, 2, NULL, 'Толщина', NULL, NULL, NULL, 1651608270, 1651608270, NULL),
       (4, 4, 2, NULL, 'Ширина', NULL, NULL, NULL, 1651608270, 1651608270, NULL),
       (5, 4, 2, NULL, 'Длина', NULL, NULL, NULL, 1651608270, 1651608270, NULL),
       (6, 3, 4, NULL, 'Вес', NULL, NULL, NULL, 1651608270, 1651608270, NULL),
       (7, 4, 2, 0, 'Ширина снизу', NULL, NULL, NULL, 1653296082, 1667377959, NULL),
       (8, 4, 2, NULL, 'Ширина сверху', NULL, NULL, NULL, 1653296768, 1653296768, NULL);

TRUNCATE `ax_catalog_property_group`;

TRUNCATE `ax_catalog_property_has_group`;

TRUNCATE `ax_catalog_property_type`;
INSERT INTO `ax_catalog_property_type` (`id`, `resource`, `title`, `description`, `sort`, `image`, `created_at`,
                                        `updated_at`, `deleted_at`)
VALUES (1, 'ax_catalog_product_has_value_varchar', 'Строка', NULL, 0, NULL, 1651608269, 1651608269, NULL),
       (2, 'ax_catalog_product_has_value_varchar', 'Ссылка', NULL, 6, NULL, 1651608269, 1651608269, NULL),
       (3, 'ax_catalog_product_has_value_int', 'Число', NULL, 1, NULL, 1651608269, 1651608269, NULL),
       (4, 'ax_catalog_product_has_value_decimal', 'Дробное число 0.00', NULL, 2, NULL, 1651608269, 1651608269, NULL),
       (5, 'ax_catalog_product_has_value_text', 'Большой текст', NULL, 3, NULL, 1651608269, 1651608269, NULL),
       (6, 'ax_catalog_product_has_value_varchar', 'Файл', NULL, 5, NULL, 1651608269, 1651608269, NULL),
       (7, 'ax_catalog_product_has_value_varchar', 'Изображение', NULL, 4, NULL, 1651608269, 1651608269, NULL);

TRUNCATE `ax_catalog_property_unit`;
INSERT INTO `ax_catalog_property_unit` (`id`, `unit_okei_id`, `title`, `national_symbol`, `international_symbol`,
                                        `description`, `sort`, `image`, `created_at`, `updated_at`, `deleted_at`)
VALUES (1, 1, 'Миллиметр', 'мм', 'ММ', NULL, NULL, NULL, 1651608270, 1651608270, NULL),
       (2, 2, 'Сантиметр', 'см', 'СМ', NULL, NULL, NULL, 1651608270, 1651608270, NULL),
       (3, 4, 'Метр', 'м', 'М', NULL, NULL, NULL, 1651608270, 1651608270, NULL),
       (4, 36, 'Грамм', 'г', 'Г', NULL, NULL, NULL, 1651608270, 1651608270, NULL),
       (5, 37, 'Килограмм', 'кг', 'КГ', NULL, NULL, NULL, 1651608270, 1651608270, NULL),
       (6, 11, 'Квадратный миллиметр', 'мм^2', 'ММ2', NULL, NULL, NULL, 1651608270, 1651608270, NULL),
       (7, 12, 'Квадратный сантиметр', 'см^2', 'СМ2', NULL, NULL, NULL, 1651608270, 1651608270, NULL),
       (8, 14, 'Квадратный метр', 'м^2', 'М2', NULL, NULL, NULL, 1651608270, 1651608270, NULL),
       (9, 121, 'Набор', 'набор', 'НАБОР', NULL, NULL, NULL, 1651608270, 1651608270, NULL),
       (10, 122, 'Пара (2 шт.)', 'пар', 'ПАР', NULL, NULL, NULL, 1651608270, 1651608270, NULL),
       (11, 131, 'Элемент', 'элем', 'ЭЛЕМ', NULL, NULL, NULL, 1651608270, 1651608270, NULL),
       (12, 132, 'Упаковка', 'упак', 'УПАК', NULL, NULL, NULL, 1651608270, 1651608270, NULL),
       (13, 135, 'Штука', 'шт', 'ШТ', NULL, NULL, NULL, 1651608270, 1651608270, NULL);

TRUNCATE `ax_catalog_storage`;
INSERT INTO `ax_catalog_storage` (`id`, `catalog_storage_place_id`, `catalog_product_id`, `in_stock`, `in_reserve`,
                                  `reserve_expired_at`, `price_in`, `price_out`, `created_at`, `updated_at`,
                                  `deleted_at`)
VALUES (1, 1, 2, 0, 0, NULL, 0, 0, 1656279103, 1656279104, NULL),
       (2, 1, 3, 0, 0, NULL, 0, 1100, 1656279103, 1657289183, NULL),
       (3, 1, 4, 1, 0, NULL, 0, 1800, 1656279103, 1667050394, NULL),
       (4, 1, 5, 0, 0, NULL, 0, 2000, 1656279103, 1662794581, NULL),
       (5, 1, 6, 1, 0, NULL, 0, 2000, 1656279103, 1656279103, NULL),
       (6, 1, 7, 0, 0, NULL, 0, 0, 1656279103, 1656279104, NULL),
       (7, 1, 8, 1, 0, NULL, 0, 2500, 1656279103, 1656279103, NULL),
       (8, 1, 9, 0, 0, NULL, 0, 2800, 1656279103, 1657399101, NULL),
       (9, 1, 10, 0, 0, NULL, 0, 2300, 1656279103, 1656310641, NULL),
       (10, 1, 11, 0, 0, NULL, 0, 1500, 1656279103, 1657399051, NULL),
       (11, 1, 12, 0, 0, NULL, 0, 0, 1656279103, 1656279104, NULL),
       (12, 1, 13, 0, 0, NULL, 0, 0, 1656279103, 1656279104, NULL),
       (13, 1, 14, 0, 0, NULL, 0, 1200, 1656279103, 1662794605, NULL),
       (14, 1, 15, 0, 0, NULL, 0, 1000, 1656279103, 1657399187, NULL),
       (15, 1, 16, 0, 0, NULL, 0, 1200, 1656279103, 1659881834, NULL),
       (16, 1, 17, 0, 0, NULL, 0, 1200, 1656279103, 1659885905, NULL),
       (17, 1, 18, 0, 0, NULL, 0, 1200, 1656279103, 1657398948, NULL),
       (18, 1, 19, 0, 0, NULL, 0, 1200, 1656279103, 1659878352, NULL),
       (19, 1, 20, 0, 0, NULL, 0, 1200, 1656279103, 1659722275, NULL),
       (20, 1, 21, 0, 0, NULL, 0, 600, 1656279103, 1659878316, NULL),
       (21, 1, 22, 0, 0, NULL, 0, 600, 1656279103, 1657289138, NULL),
       (22, 1, 23, 1, 0, NULL, 0, 1400, 1656279103, 1656279103, NULL),
       (23, 1, 24, 0, 0, NULL, 0, 1000, 1656279103, 1657292408, NULL),
       (24, 1, 25, 0, 0, NULL, 0, 1300, 1656279103, 1657297534, NULL),
       (25, 1, 26, 0, 0, NULL, 0, 1600, 1656279103, 1657285462, NULL),
       (26, 1, 27, 0, 0, NULL, 0, 1000, 1656279103, 1657398980, NULL),
       (27, 1, 28, 0, 0, NULL, 0, 1500, 1656279103, 1657399117, NULL),
       (28, 1, 29, 0, 0, NULL, 0, 1000, 1656279103, 1657398995, NULL),
       (29, 1, 30, 0, 0, NULL, 0, 2500, 1656279103, 1657398963, NULL),
       (30, 1, 31, 0, 0, NULL, 0, 2500, 1656279103, 1657399023, NULL),
       (31, 1, 32, 0, 0, NULL, 0, 1100, 1656279103, 1657468485, NULL),
       (32, 1, 33, 0, 0, NULL, 0, 1600, 1656279103, 1659878387, NULL),
       (33, 1, 34, 1, 0, NULL, 0, 1800, 1656279103, 1656279103, NULL),
       (34, 1, 35, 0, 0, NULL, 0, 1200, 1656279103, 1657297564, NULL),
       (35, 1, 36, 0, 0, NULL, 0, 2800, 1656279103, 1657460517, NULL),
       (36, 1, 37, 0, 0, NULL, 0, 2700, 1656279103, 1657305074, NULL),
       (37, 1, 38, 0, 0, NULL, 0, 2700, 1656279103, 1663044183, NULL),
       (38, 1, 39, 0, 0, NULL, 0, 3000, 1656279103, 1657304930, NULL),
       (39, 1, 40, 1, 0, NULL, 0, 1900, 1656279103, 1667066456, NULL),
       (40, 1, 41, 0, 0, NULL, 0, 2000, 1656279103, 1657399087, NULL),
       (41, 1, 42, 0, 0, NULL, 0, 1500, 1656279103, 1658311933, NULL),
       (42, 1, 43, 0, 0, NULL, 0, 1000, 1656279103, 1657532007, NULL),
       (43, 1, 44, 0, 0, NULL, 1300, 1300, 1656279103, 1657609520, NULL),
       (44, 1, 45, 0, 0, NULL, 0, 500, 1656279103, 1657297609, NULL),
       (45, 1, 46, 0, 0, NULL, 0, 400, 1656279103, 1657297552, NULL),
       (46, 1, 47, 0, 0, NULL, 0, 1400, 1656279103, 1657452939, NULL),
       (47, 1, 48, 0, 0, NULL, 0, 1300, 1656279104, 1659878335, NULL),
       (48, 1, 49, 0, 0, NULL, 0, 2200, 1656279104, 1657399068, NULL),
       (49, 1, 50, 1, 0, NULL, 0, 2000, 1656279104, 1656279104, NULL),
       (50, 1, 51, 0, 0, NULL, 0, 2000, 1656279104, 1657399138, NULL),
       (51, 1, 52, 0, 0, NULL, 0, 1300, 1656279104, 1657568200, NULL),
       (52, 1, 53, 32, 0, NULL, 0, 180, 1656279104, 1656279104, NULL),
       (53, 1, 54, 1, 0, NULL, 0, 1800, 1656279104, 1656279104, NULL),
       (54, 1, 55, 0, 0, NULL, 1, 1, 1656279591, 1656329683, NULL),
       (55, 1, 56, 0, 0, NULL, 1, 2200, 1656326085, 1657297576, NULL),
       (56, 1, 63, 0, 0, NULL, 0, 2700, 1656331543, 1657305012, NULL),
       (57, 1, 62, 1, 0, NULL, 0, 1300, 1656331543, 1656331543, NULL),
       (58, 1, 61, 0, 0, NULL, 0, 2800, 1656331543, 1667066868, NULL),
       (59, 1, 60, 0, 0, NULL, 0, 800, 1656331543, 1657399161, NULL),
       (60, 1, 59, 0, 0, NULL, 0, 3200, 1656331543, 1658311913, NULL),
       (61, 1, 58, 0, 0, NULL, 0, 2700, 1656331543, 1657470393, NULL),
       (62, 1, 57, 0, 0, NULL, 0, 2900, 1656331543, 1657475105, NULL),
       (63, 1, 64, 0, 0, NULL, 0, 4500, 1656339698, 1657466732, NULL),
       (64, 1, 65, 0, 0, NULL, 0, 3700, 1656339698, 1659722291, NULL),
       (65, 1, 66, 0, 0, NULL, 2500, 2500, 1659981285, 1663044103, NULL),
       (66, 1, 67, 0, 0, NULL, 1600, 1600, 1659981285, 1663044263, NULL),
       (67, 1, 68, 1, 0, NULL, 1600, 1600, 1659981285, 1667066838, NULL),
       (68, 1, 69, 0, 0, NULL, 1600, 1600, 1659981285, 1663044207, NULL),
       (69, 1, 70, 1, 0, NULL, 1600, 1600, 1659981285, 1667066649, NULL),
       (70, 1, 71, 1, 0, NULL, 1600, 1800, 1659981285, 1667066607, NULL),
       (71, 1, 72, 0, 0, NULL, 1500, 1500, 1659981285, 1666451619, NULL),
       (72, 1, 73, 1, 0, NULL, 1000, 1000, 1659981285, 1667066939, NULL),
       (73, 1, 74, 1, 0, NULL, 1900, 2100, 1659981285, 1667066749, NULL),
       (74, 1, 75, 0, 0, NULL, 1300, 1300, 1659981285, 1662801147, NULL),
       (75, 1, 76, 1, 0, NULL, 1600, 1600, 1659981285, 1667066796, NULL),
       (76, 1, 77, 0, 0, NULL, 1, 50000, 1664609162, 1664612982, NULL),
       (77, 1, 78, 0, 0, NULL, 1, 1, 1666381464, 1667199531, NULL),
       (78, 1, 79, 0, 0, NULL, 1, 1, 1666382524, 1666434010, NULL),
       (79, 1, 111, 1, 0, NULL, 1900, 1900, 1667386554, 1667386554, NULL),
       (80, 1, 101, 1, 0, NULL, 2100, 2100, 1667386554, 1667386554, NULL),
       (81, 1, 102, 1, 0, NULL, 2200, 2200, 1667386554, 1667386554, NULL),
       (82, 1, 103, 1, 0, NULL, 1100, 1100, 1667386554, 1667386554, NULL),
       (83, 1, 104, 1, 0, NULL, 1800, 1800, 1667386554, 1667386554, NULL),
       (84, 1, 105, 1, 0, NULL, 1300, 1300, 1667386554, 1667386554, NULL),
       (85, 1, 106, 1, 0, NULL, 1300, 1300, 1667386554, 1667386554, NULL),
       (86, 1, 108, 1, 0, NULL, 2200, 2200, 1667386554, 1667386554, NULL),
       (87, 1, 109, 1, 0, NULL, 1600, 1600, 1667386554, 1667386554, NULL),
       (88, 1, 110, 1, 0, NULL, 2000, 2000, 1667386554, 1667386554, NULL),
       (89, 1, 100, 1, 0, NULL, 2400, 2400, 1667386554, 1667386554, NULL),
       (90, 1, 112, 1, 0, NULL, 2000, 2000, 1667386554, 1667386554, NULL),
       (91, 1, 113, 1, 0, NULL, 1700, 1700, 1667386554, 1667386554, NULL),
       (92, 1, 114, 0, 0, NULL, 3000, 3000, 1667386554, 1667487440, NULL),
       (93, 1, 115, 0, 0, NULL, 2100, 2100, 1667386554, 1667570945, NULL),
       (94, 1, 116, 1, 0, NULL, 2300, 2300, 1667386554, 1667386554, NULL),
       (95, 1, 118, 1, 0, NULL, 1900, 1900, 1667386554, 1667386554, NULL),
       (96, 1, 119, 1, 0, NULL, 2500, 2500, 1667386554, 1667386554, NULL),
       (97, 1, 120, 1, 0, NULL, 3100, 3100, 1667386554, 1667386554, NULL),
       (98, 1, 91, 0, 0, NULL, 3500, 3500, 1667386554, 1667487425, NULL),
       (99, 1, 81, 1, 0, NULL, 1900, 1900, 1667386554, 1667386554, NULL),
       (100, 1, 82, 1, 0, NULL, 2500, 2500, 1667386554, 1667386554, NULL),
       (101, 1, 83, 1, 0, NULL, 1300, 1300, 1667386554, 1667386554, NULL),
       (102, 1, 84, 1, 0, NULL, 2100, 2100, 1667386554, 1667386554, NULL),
       (103, 1, 85, 1, 0, NULL, 1600, 1600, 1667386554, 1667386554, NULL),
       (104, 1, 86, 1, 0, NULL, 1700, 1700, 1667386554, 1667386554, NULL),
       (105, 1, 87, 1, 0, NULL, 1400, 1400, 1667386554, 1667386554, NULL),
       (106, 1, 88, 1, 0, NULL, 1600, 1600, 1667386554, 1667386554, NULL),
       (107, 1, 80, 1, 0, NULL, 900, 900, 1667386554, 1667386554, NULL),
       (108, 1, 92, 1, 0, NULL, 6200, 6200, 1667386554, 1667386554, NULL),
       (109, 1, 93, 1, 0, NULL, 1500, 1500, 1667386554, 1667386554, NULL),
       (110, 1, 94, 1, 0, NULL, 1700, 1700, 1667386554, 1667386554, NULL),
       (111, 1, 95, 1, 0, NULL, 1600, 1600, 1667386554, 1667386554, NULL),
       (112, 1, 96, 1, 0, NULL, 2200, 2200, 1667386554, 1667386554, NULL),
       (113, 1, 97, 1, 0, NULL, 1700, 1700, 1667386554, 1667386554, NULL),
       (114, 1, 98, 1, 0, NULL, 1600, 1600, 1667386554, 1667386554, NULL),
       (115, 1, 99, 1, 0, NULL, 2100, 2100, 1667386554, 1667386554, NULL),
       (116, 1, 121, 1, 0, NULL, 5000, 5000, 1667414715, 1667414715, NULL),
       (117, 1, 122, 1, 0, NULL, 2500, 2500, 1667414715, 1667414715, NULL),
       (118, 1, 123, 1, 0, NULL, 1500, 1500, 1667414715, 1667414715, NULL),
       (119, 1, 124, 1, 0, NULL, 2500, 2500, 1667414715, 1667414715, NULL),
       (120, 1, 125, 1, 0, NULL, 2700, 2700, 1667414715, 1667414715, NULL),
       (121, 1, 126, 1, 0, NULL, 3200, 3200, 1667414715, 1667414715, NULL);

TRUNCATE `ax_catalog_storage_place`;
INSERT INTO `ax_catalog_storage_place` (`id`, `catalog_storage_place_id`, `is_place`, `title`, `created_at`,
                                        `updated_at`, `deleted_at`)
VALUES (1, NULL, 1, 'Главный склад', 1651608269, 1651608269, NULL),
       (2, NULL, 1, 'Запасной склад', 1656279103, 1656279103, NULL);

TRUNCATE `ax_catalog_storage_reserve`;
INSERT INTO `ax_catalog_storage_reserve` (`id`, `catalog_product_id`, `catalog_storage_place_id`, `document`,
                                          `document_id`, `status`, `in_reserve`, `expired_at`, `created_at`,
                                          `updated_at`, `deleted_at`)
VALUES (2, 55, 1, 'ax_document_order', 2, 0, 0, NULL, 1656329588, 1656329683, NULL),
       (3, 52, 1, 'ax_document_order', 3, 0, 0, NULL, 1657567826, 1657568200, NULL),
       (4, 44, 1, 'ax_document_order', 4, 0, 0, NULL, 1657608471, 1657609113, NULL),
       (5, 44, 1, 'ax_document_order', 5, 0, 0, NULL, 1657608930, 1657609490, NULL),
       (6, 77, 1, 'ax_document_order', 6, 0, 0, NULL, 1664612863, 1664612982, NULL),
       (7, 72, 1, 'ax_document_order', 7, 0, 0, NULL, 1666448335, 1666450929, NULL);

TRUNCATE `ax_comment`;

TRUNCATE `ax_counterparty`;
INSERT INTO `ax_counterparty` (`id`, `user_id`, `is_individual`, `name`, `name_full`, `created_at`, `updated_at`,
                               `deleted_at`)
VALUES (1, 7, 1, NULL, NULL, 1656279103, 1656279103, NULL),
       (2, 6, 1, NULL, NULL, 1656279203, 1656279203, NULL),
       (4, 11, 1, NULL, NULL, 1657567747, 1657567747, NULL),
       (5, 9, 1, NULL, NULL, 1659633798, 1659633798, NULL),
       (13, 19, 1, NULL, NULL, 1660420870, 1660420870, NULL),
       (14, 20, 1, NULL, NULL, 1666448303, 1666448303, NULL);

TRUNCATE `ax_currency`;
INSERT INTO `ax_currency` (`id`, `global_id`, `num_code`, `char_code`, `title`, `created_at`, `updated_at`,
                           `deleted_at`)
VALUES (1, 'R00000', 810, 'RUB', 'Российский рубль', 1651608268, 1651608268, NULL),
       (2, 'R01010', 36, 'AUD', 'Австралийский доллар', 1651608268, 1651608268, NULL),
       (3, 'R01020A', 944, 'AZN', 'Азербайджанский манат', 1651608268, 1651608268, NULL),
       (4, 'R01035', 826, 'GBP', 'Фунт стерлингов Соединенного королевства', 1651608268, 1651608268, NULL),
       (5, 'R01060', 51, 'AMD', 'Армянских драмов', 1651608268, 1651608268, NULL),
       (6, 'R01090B', 933, 'BYN', 'Белорусский рубль', 1651608268, 1651608268, NULL),
       (7, 'R01100', 975, 'BGN', 'Болгарский лев', 1651608268, 1651608268, NULL),
       (8, 'R01115', 986, 'BRL', 'Бразильский реал', 1651608268, 1651608268, NULL),
       (9, 'R01135', 348, 'HUF', 'Венгерских форинтов', 1651608268, 1651608268, NULL),
       (10, 'R01200', 344, 'HKD', 'Гонконгских долларов', 1651608268, 1651608268, NULL),
       (11, 'R01215', 208, 'DKK', 'Датская крона', 1651608268, 1651608268, NULL),
       (12, 'R01235', 840, 'USD', 'Доллар США', 1651608268, 1651608268, NULL),
       (13, 'R01239', 978, 'EUR', 'Евро', 1651608268, 1651608268, NULL),
       (14, 'R01270', 356, 'INR', 'Индийских рупий', 1651608268, 1651608268, NULL),
       (15, 'R01335', 398, 'KZT', 'Казахстанских тенге', 1651608268, 1651608268, NULL),
       (16, 'R01350', 124, 'CAD', 'Канадский доллар', 1651608268, 1651608268, NULL),
       (17, 'R01370', 417, 'KGS', 'Киргизских сомов', 1651608268, 1651608268, NULL),
       (18, 'R01375', 156, 'CNY', 'Китайский юань', 1651608268, 1651608268, NULL),
       (19, 'R01500', 498, 'MDL', 'Молдавских леев', 1651608268, 1651608268, NULL),
       (20, 'R01535', 578, 'NOK', 'Норвежских крон', 1651608268, 1651608268, NULL),
       (21, 'R01565', 985, 'PLN', 'Польский злотый', 1651608268, 1651608268, NULL),
       (22, 'R01585F', 946, 'RON', 'Румынский лей', 1651608268, 1651608268, NULL),
       (23, 'R01589', 960, 'XDR', 'СДР (специальные права заимствования)', 1651608268, 1651608268, NULL),
       (24, 'R01625', 702, 'SGD', 'Сингапурский доллар', 1651608268, 1651608268, NULL),
       (25, 'R01670', 972, 'TJS', 'Таджикских сомони', 1651608268, 1651608268, NULL),
       (26, 'R01700J', 949, 'TRY', 'Турецких лир', 1651608268, 1651608268, NULL),
       (27, 'R01710A', 934, 'TMT', 'Новый туркменский манат', 1651608268, 1651608268, NULL),
       (28, 'R01717', 860, 'UZS', 'Узбекских сумов', 1651608268, 1651608268, NULL),
       (29, 'R01720', 980, 'UAH', 'Украинских гривен', 1651608268, 1651608268, NULL),
       (30, 'R01760', 203, 'CZK', 'Чешских крон', 1651608268, 1651608268, NULL),
       (31, 'R01770', 752, 'SEK', 'Шведских крон', 1651608268, 1651608268, NULL),
       (32, 'R01775', 756, 'CHF', 'Швейцарский франк', 1651608268, 1651608268, NULL),
       (33, 'R01810', 710, 'ZAR', 'Южноафриканских рэндов', 1651608268, 1651608268, NULL),
       (34, 'R01815', 410, 'KRW', 'Вон Республики Корея', 1651608268, 1651608268, NULL),
       (35, 'R01820', 392, 'JPY', 'Японских иен', 1651608268, 1651608268, NULL);

TRUNCATE `ax_currency_exchange_rate`;
INSERT INTO `ax_currency_exchange_rate` (`id`, `currency_id`, `value`, `date_rate`, `created_at`, `updated_at`,
                                         `deleted_at`)
VALUES (1, 2, 51, 1651266000, 1651608268, 1651608268, NULL),
       (2, 3, 42, 1651266000, 1651608268, 1651608268, NULL),
       (3, 4, 88, 1651266000, 1651608268, 1651608268, NULL),
       (4, 5, 16, 1651266000, 1651608268, 1651608268, NULL),
       (5, 6, 27, 1651266000, 1651608268, 1651608268, NULL),
       (6, 7, 38, 1651266000, 1651608268, 1651608268, NULL),
       (7, 8, 14, 1651266000, 1651608268, 1651608268, NULL),
       (8, 9, 20, 1651266000, 1651608268, 1651608268, NULL),
       (9, 10, 91, 1651266000, 1651608268, 1651608268, NULL),
       (10, 11, 10, 1651266000, 1651608268, 1651608268, NULL),
       (11, 12, 71, 1651266000, 1651608268, 1651608268, NULL),
       (12, 13, 75, 1651266000, 1651608268, 1651608268, NULL),
       (13, 14, 93, 1651266000, 1651608268, 1651608268, NULL),
       (14, 15, 16, 1651266000, 1651608268, 1651608268, NULL),
       (15, 16, 55, 1651266000, 1651608268, 1651608268, NULL),
       (16, 17, 87, 1651266000, 1651608268, 1651608268, NULL),
       (17, 18, 11, 1651266000, 1651608268, 1651608268, NULL),
       (18, 19, 38, 1651266000, 1651608268, 1651608268, NULL),
       (19, 20, 75, 1651266000, 1651608268, 1651608268, NULL),
       (20, 21, 16, 1651266000, 1651608268, 1651608268, NULL),
       (21, 22, 15, 1651266000, 1651608268, 1651608268, NULL),
       (22, 23, 95, 1651266000, 1651608268, 1651608268, NULL),
       (23, 24, 51, 1651266000, 1651608268, 1651608268, NULL),
       (24, 25, 57, 1651266000, 1651608268, 1651608268, NULL),
       (25, 26, 48, 1651266000, 1651608268, 1651608268, NULL),
       (26, 27, 20, 1651266000, 1651608268, 1651608268, NULL),
       (27, 28, 64, 1651266000, 1651608268, 1651608268, NULL),
       (28, 29, 23, 1651266000, 1651608268, 1651608268, NULL),
       (29, 30, 30, 1651266000, 1651608268, 1651608268, NULL),
       (30, 31, 73, 1651266000, 1651608268, 1651608268, NULL),
       (31, 32, 73, 1651266000, 1651608268, 1651608268, NULL),
       (32, 33, 45, 1651266000, 1651608268, 1651608268, NULL),
       (33, 34, 57, 1651266000, 1651608268, 1651608268, NULL),
       (34, 35, 55, 1651266000, 1651608268, 1651608268, NULL);

TRUNCATE `ax_document_coming`;
INSERT INTO `ax_document_coming` (`id`, `catalog_storage_place_id`, `fin_transaction_type_id`, `counterparty_id`,
                                  `currency_id`, `document`, `document_id`, `status`, `created_at`, `updated_at`,
                                  `deleted_at`)
VALUES (1, 1, 2, 1, NULL, NULL, NULL, 1, 1653333331, 1656279103, NULL),
       (2, 1, 2, 1, NULL, NULL, NULL, 1, 1653333331, 1656279103, NULL),
       (3, 1, 2, 1, NULL, NULL, NULL, 1, 1653333331, 1656279103, NULL),
       (4, 1, 2, 1, NULL, NULL, NULL, 1, 1653333331, 1656279103, NULL),
       (5, 1, 2, 1, NULL, NULL, NULL, 1, 1653333331, 1656279103, NULL),
       (6, 1, 2, 1, NULL, NULL, NULL, 1, 1653333331, 1656279103, NULL),
       (7, 1, 2, 1, NULL, NULL, NULL, 1, 1653333331, 1656279103, NULL),
       (8, 1, 2, 1, NULL, NULL, NULL, 1, 1653333331, 1656279103, NULL),
       (9, 1, 2, 1, NULL, NULL, NULL, 1, 1653333331, 1656279103, NULL),
       (10, 1, 2, 1, NULL, NULL, NULL, 1, 1653333331, 1656279103, NULL),
       (11, 1, 2, 1, NULL, NULL, NULL, 1, 1653333331, 1656279103, NULL),
       (12, 1, 2, 1, NULL, NULL, NULL, 1, 1653333331, 1656279103, NULL),
       (13, 1, 2, 1, NULL, NULL, NULL, 1, 1653333331, 1656279103, NULL),
       (14, 1, 2, 1, NULL, NULL, NULL, 1, 1653333331, 1656279103, NULL),
       (15, 1, 2, 1, NULL, NULL, NULL, 1, 1653333331, 1656279103, NULL),
       (16, 1, 2, 1, NULL, NULL, NULL, 1, 1653333331, 1656279103, NULL),
       (17, 1, 2, 1, NULL, NULL, NULL, 1, 1653333331, 1656279103, NULL),
       (18, 1, 2, 1, NULL, NULL, NULL, 1, 1653333331, 1656279103, NULL),
       (19, 1, 2, 1, NULL, NULL, NULL, 1, 1653333331, 1656279103, NULL),
       (20, 1, 2, 1, NULL, NULL, NULL, 1, 1653333331, 1656279103, NULL),
       (21, 1, 2, 1, NULL, NULL, NULL, 1, 1653333331, 1656279103, NULL),
       (22, 1, 2, 1, NULL, NULL, NULL, 1, 1653333331, 1656279103, NULL),
       (23, 1, 2, 1, NULL, NULL, NULL, 1, 1653333331, 1656279103, NULL),
       (24, 1, 2, 1, NULL, NULL, NULL, 1, 1653333331, 1656279103, NULL),
       (25, 1, 2, 1, NULL, NULL, NULL, 1, 1653333331, 1656279103, NULL),
       (26, 1, 2, 1, NULL, NULL, NULL, 1, 1653333331, 1656279103, NULL),
       (27, 1, 2, 1, NULL, NULL, NULL, 1, 1653333331, 1656279103, NULL),
       (28, 1, 2, 1, NULL, NULL, NULL, 1, 1653367609, 1656279103, NULL),
       (29, 1, 2, 1, NULL, NULL, NULL, 1, 1653369320, 1656279103, NULL),
       (30, 1, 2, 1, NULL, NULL, NULL, 1, 1653369906, 1656279103, NULL),
       (31, 1, 2, 1, NULL, NULL, NULL, 1, 1653371682, 1656279103, NULL),
       (32, 1, 2, 1, NULL, NULL, NULL, 1, 1653372215, 1656279103, NULL),
       (33, 1, 2, 1, NULL, NULL, NULL, 1, 1653373045, 1656279103, NULL),
       (34, 1, 2, 1, NULL, NULL, NULL, 1, 1653373820, 1656279103, NULL),
       (35, 1, 2, 1, NULL, NULL, NULL, 1, 1653374302, 1656279103, NULL),
       (36, 1, 2, 1, NULL, NULL, NULL, 1, 1653375243, 1656279103, NULL),
       (37, 1, 2, 1, NULL, NULL, NULL, 1, 1653376122, 1656279103, NULL),
       (38, 1, 2, 1, NULL, NULL, NULL, 1, 1653377011, 1656279103, NULL),
       (39, 1, 2, 1, NULL, NULL, NULL, 1, 1653377639, 1656279103, NULL),
       (40, 1, 2, 1, NULL, NULL, NULL, 1, 1653379570, 1656279103, NULL),
       (41, 1, 2, 1, NULL, NULL, NULL, 1, 1653381142, 1656279103, NULL),
       (42, 1, 2, 1, NULL, NULL, NULL, 1, 1653381908, 1656279103, NULL),
       (43, 1, 2, 1, NULL, NULL, NULL, 1, 1653382697, 1656279103, NULL),
       (44, 1, 2, 1, NULL, NULL, NULL, 1, 1653383699, 1656279103, NULL),
       (45, 1, 2, 1, NULL, NULL, NULL, 1, 1653384501, 1656279103, NULL),
       (46, 1, 2, 1, NULL, NULL, NULL, 1, 1653385050, 1656279103, NULL),
       (47, 1, 2, 1, NULL, NULL, NULL, 1, 1653385494, 1656279104, NULL),
       (48, 1, 2, 1, NULL, NULL, NULL, 1, 1653388341, 1656279104, NULL),
       (49, 1, 2, 1, NULL, NULL, NULL, 1, 1653388971, 1656279104, NULL),
       (50, 1, 2, 1, NULL, NULL, NULL, 1, 1653390063, 1656279104, NULL),
       (51, 1, 2, 1, NULL, NULL, NULL, 1, 1653390495, 1656279104, NULL),
       (52, 1, 2, 1, NULL, NULL, NULL, 1, 1653390881, 1656279104, NULL),
       (53, 1, 2, 1, NULL, NULL, NULL, 1, 1653391682, 1656279104, NULL),
       (54, 1, 2, 1, NULL, NULL, NULL, 1, 1656279591, 1656279591, NULL),
       (55, 1, 2, 1, NULL, NULL, NULL, 1, 1656326085, 1656326085, NULL),
       (56, 1, 2, 1, NULL, NULL, NULL, 1, 1656331486, 1656331543, NULL),
       (57, 1, 2, 1, NULL, NULL, NULL, 1, 1656339690, 1656339698, NULL),
       (59, 1, 2, 1, NULL, NULL, NULL, 1, 1657608339, 1657608374, NULL),
       (60, 1, 2, 1, NULL, NULL, NULL, 1, 1659980694, 1659980694, NULL),
       (61, 1, 2, 1, NULL, NULL, NULL, 1, 1659980744, 1659980744, NULL),
       (62, 1, 2, 1, NULL, NULL, NULL, 1, 1659980781, 1659980781, NULL),
       (63, 1, 2, 1, NULL, NULL, NULL, 1, 1659981213, 1659981213, NULL),
       (64, 1, 2, 1, NULL, NULL, NULL, 1, 1664609162, 1664609162, NULL),
       (65, 1, 2, 1, NULL, NULL, NULL, 1, 1666381464, 1666381464, NULL),
       (66, 1, 2, 1, NULL, NULL, NULL, 1, 1666381848, 1666381848, NULL),
       (67, 1, 2, 1, NULL, NULL, NULL, 1, 1666382524, 1666382524, NULL),
       (68, 1, 2, 1, NULL, NULL, NULL, 1, 1667386239, 1667386239, NULL),
       (69, 1, 2, 1, NULL, NULL, NULL, 1, 1667414629, 1667414629, NULL);

TRUNCATE `ax_document_coming_content`;
INSERT INTO `ax_document_coming_content` (`id`, `document_id`, `catalog_product_id`, `catalog_storage_id`, `price`,
                                          `price_out`, `quantity`, `description`, `created_at`, `updated_at`,
                                          `deleted_at`)
VALUES (1, 1, 2, 1, 0, 2000, 1, NULL, 1653333331, 1656279103, NULL),
       (2, 2, 3, 2, 0, 1100, 1, NULL, 1653333331, 1656279103, NULL),
       (3, 3, 4, 3, 0, 1800, 1, NULL, 1653333331, 1656279103, NULL),
       (4, 4, 5, 4, 0, 2000, 1, NULL, 1653333331, 1656279103, NULL),
       (5, 5, 6, 5, 0, 2000, 1, NULL, 1653333331, 1656279103, NULL),
       (6, 6, 7, 6, 0, 2200, 1, NULL, 1653333331, 1656279103, NULL),
       (7, 7, 8, 7, 0, 2500, 1, NULL, 1653333331, 1656279103, NULL),
       (8, 8, 9, 8, 0, 2800, 1, NULL, 1653333331, 1656279103, NULL),
       (9, 9, 10, 9, 0, 2300, 1, NULL, 1653333331, 1656279103, NULL),
       (10, 10, 11, 10, 0, 1500, 1, NULL, 1653333331, 1656279103, NULL),
       (11, 11, 12, 11, 0, 1600, 1, NULL, 1653333331, 1656279103, NULL),
       (12, 12, 13, 12, 0, 1100, 1, NULL, 1653333331, 1656279103, NULL),
       (13, 13, 14, 13, 0, 1200, 1, NULL, 1653333331, 1656279103, NULL),
       (14, 14, 15, 14, 0, 1000, 1, NULL, 1653333331, 1656279103, NULL),
       (15, 15, 16, 15, 0, 1200, 1, NULL, 1653333331, 1656279103, NULL),
       (16, 16, 17, 16, 0, 1200, 1, NULL, 1653333331, 1656279103, NULL),
       (17, 17, 18, 17, 0, 1200, 1, NULL, 1653333331, 1656279103, NULL),
       (18, 18, 19, 18, 0, 1200, 1, NULL, 1653333331, 1656279103, NULL),
       (19, 19, 20, 19, 0, 1200, 1, NULL, 1653333331, 1656279103, NULL),
       (20, 20, 21, 20, 0, 600, 1, NULL, 1653333331, 1656279103, NULL),
       (21, 21, 22, 21, 0, 600, 1, NULL, 1653333331, 1656279103, NULL),
       (22, 22, 23, 22, 0, 1400, 1, NULL, 1653333331, 1656279103, NULL),
       (23, 23, 24, 23, 0, 1000, 1, NULL, 1653333331, 1656279103, NULL),
       (24, 24, 25, 24, 0, 1300, 1, NULL, 1653333331, 1656279103, NULL),
       (25, 25, 26, 25, 0, 1600, 1, NULL, 1653333331, 1656279103, NULL),
       (26, 26, 27, 26, 0, 1000, 1, NULL, 1653333331, 1656279103, NULL),
       (27, 27, 28, 27, 0, 1500, 1, NULL, 1653333331, 1656279103, NULL),
       (28, 28, 29, 28, 0, 1000, 1, NULL, 1653367609, 1656279103, NULL),
       (29, 29, 30, 29, 0, 2500, 1, NULL, 1653369320, 1656279103, NULL),
       (30, 30, 31, 30, 0, 2500, 1, NULL, 1653369906, 1656279103, NULL),
       (31, 31, 32, 31, 0, 1100, 1, NULL, 1653371682, 1656279103, NULL),
       (32, 32, 33, 32, 0, 1600, 1, NULL, 1653372215, 1656279103, NULL),
       (33, 33, 34, 33, 0, 1800, 1, NULL, 1653373045, 1656279103, NULL),
       (34, 34, 35, 34, 0, 1200, 1, NULL, 1653373820, 1656279103, NULL),
       (35, 35, 36, 35, 0, 2800, 1, NULL, 1653374302, 1656279103, NULL),
       (36, 36, 37, 36, 0, 2700, 1, NULL, 1653375243, 1656279103, NULL),
       (37, 37, 38, 37, 0, 2700, 1, NULL, 1653376122, 1656279103, NULL),
       (38, 38, 39, 38, 0, 3000, 1, NULL, 1653377011, 1656279103, NULL),
       (39, 39, 40, 39, 0, 1600, 1, NULL, 1653377639, 1656279103, NULL),
       (40, 40, 41, 40, 0, 2000, 1, NULL, 1653379570, 1656279103, NULL),
       (41, 41, 42, 41, 0, 1500, 1, NULL, 1653381142, 1656279103, NULL),
       (42, 42, 43, 42, 0, 1000, 1, NULL, 1653381908, 1656279103, NULL),
       (43, 43, 44, 43, 0, 1300, 1, NULL, 1653382697, 1656279103, NULL),
       (44, 44, 45, 44, 0, 500, 1, NULL, 1653383699, 1656279103, NULL),
       (45, 45, 46, 45, 0, 400, 1, NULL, 1653384501, 1656279103, NULL),
       (46, 46, 47, 46, 0, 1400, 1, NULL, 1653385050, 1656279103, NULL),
       (47, 47, 48, 47, 0, 1300, 1, NULL, 1653385494, 1656279104, NULL),
       (48, 48, 49, 48, 0, 2200, 1, NULL, 1653388341, 1656279104, NULL),
       (49, 49, 50, 49, 0, 2000, 1, NULL, 1653388971, 1656279104, NULL),
       (50, 50, 51, 50, 0, 2000, 1, NULL, 1653390063, 1656279104, NULL),
       (51, 51, 52, 51, 0, 1300, 1, NULL, 1653390495, 1656279104, NULL),
       (52, 52, 53, 52, 0, 180, 32, NULL, 1653390881, 1656279104, NULL),
       (53, 53, 54, 53, 0, 1800, 1, NULL, 1653391682, 1656279104, NULL),
       (54, 54, 55, 54, 1, 1, 1, NULL, 1656279591, 1656279591, NULL),
       (55, 55, 56, 55, 1, 2200, 1, NULL, 1656326085, 1656326085, NULL),
       (56, 56, 63, 56, 0, 2700, 1, NULL, 1656331486, 1656331543, NULL),
       (57, 56, 62, 57, 0, 1300, 1, NULL, 1656331486, 1656331543, NULL),
       (58, 56, 61, 58, 0, 2800, 1, NULL, 1656331486, 1656331543, NULL),
       (59, 56, 60, 59, 0, 800, 1, NULL, 1656331486, 1656331543, NULL),
       (60, 56, 59, 60, 0, 3200, 1, NULL, 1656331486, 1656331543, NULL),
       (61, 56, 58, 61, 0, 2700, 1, NULL, 1656331486, 1656331543, NULL),
       (62, 56, 57, 62, 0, 2900, 1, NULL, 1656331486, 1656331543, NULL),
       (63, 57, 64, 63, 0, 4500, 1, NULL, 1656339690, 1656339698, NULL),
       (64, 57, 65, 64, 0, 3700, 1, NULL, 1656339690, 1656339698, NULL),
       (68, 59, 44, 43, 1300, 1300, 1111, NULL, 1657608339, 1657608374, NULL),
       (69, 60, 66, NULL, 2500, 0, 1, NULL, 1659980694, 1659980694, NULL),
       (70, 60, 67, NULL, 1600, 0, 1, NULL, 1659980694, 1659980694, NULL),
       (71, 60, 68, NULL, 1600, 0, 1, NULL, 1659980694, 1659980694, NULL),
       (72, 60, 69, NULL, 1600, 0, 1, NULL, 1659980694, 1659980694, NULL),
       (73, 60, 70, NULL, 1600, 0, 1, NULL, 1659980694, 1659980694, NULL),
       (74, 60, 71, NULL, 1600, 0, 1, NULL, 1659980694, 1659980694, NULL),
       (75, 60, 72, NULL, 1500, 0, 1, NULL, 1659980694, 1659980694, NULL),
       (76, 60, 73, NULL, 1000, 0, 1, NULL, 1659980694, 1659980694, NULL),
       (77, 60, 74, NULL, 1900, 0, 1, NULL, 1659980694, 1659980694, NULL),
       (78, 60, 75, NULL, 1300, 0, 1, NULL, 1659980694, 1659980694, NULL),
       (79, 60, 76, NULL, 1600, 0, 1, NULL, 1659980694, 1659980694, NULL),
       (80, 61, 66, NULL, 2500, 0, 1, NULL, 1659980744, 1659980744, NULL),
       (81, 61, 67, NULL, 1600, 0, 1, NULL, 1659980744, 1659980744, NULL),
       (82, 61, 68, NULL, 1600, 0, 1, NULL, 1659980744, 1659980744, NULL),
       (83, 61, 69, NULL, 1600, 0, 1, NULL, 1659980744, 1659980744, NULL),
       (84, 61, 70, NULL, 1600, 0, 1, NULL, 1659980744, 1659980744, NULL),
       (85, 61, 71, NULL, 1600, 0, 1, NULL, 1659980744, 1659980744, NULL),
       (86, 61, 72, NULL, 1500, 0, 1, NULL, 1659980744, 1659980744, NULL),
       (87, 61, 73, NULL, 1000, 0, 1, NULL, 1659980744, 1659980744, NULL),
       (88, 61, 74, NULL, 1900, 0, 1, NULL, 1659980744, 1659980744, NULL),
       (89, 61, 75, NULL, 1300, 0, 1, NULL, 1659980744, 1659980744, NULL),
       (90, 61, 76, NULL, 1600, 0, 1, NULL, 1659980744, 1659980744, NULL),
       (91, 62, 66, NULL, 2500, 0, 1, NULL, 1659980781, 1659980781, NULL),
       (92, 62, 67, NULL, 1600, 0, 1, NULL, 1659980781, 1659980781, NULL),
       (93, 62, 68, NULL, 1600, 0, 1, NULL, 1659980781, 1659980781, NULL),
       (94, 62, 69, NULL, 1600, 0, 1, NULL, 1659980781, 1659980781, NULL),
       (95, 62, 70, NULL, 1600, 0, 1, NULL, 1659980781, 1659980781, NULL),
       (96, 62, 71, NULL, 1600, 0, 1, NULL, 1659980781, 1659980781, NULL),
       (97, 62, 72, NULL, 1500, 0, 1, NULL, 1659980781, 1659980781, NULL),
       (98, 62, 73, NULL, 1000, 0, 1, NULL, 1659980781, 1659980781, NULL),
       (99, 62, 74, NULL, 1900, 0, 1, NULL, 1659980781, 1659980781, NULL),
       (100, 62, 75, NULL, 1300, 0, 1, NULL, 1659980781, 1659980781, NULL),
       (101, 62, 76, NULL, 1600, 0, 1, NULL, 1659980781, 1659980781, NULL),
       (102, 63, 66, 65, 2500, 2500, 1, NULL, 1659981213, 1659981285, NULL),
       (103, 63, 67, 66, 1600, 1600, 1, NULL, 1659981213, 1659981285, NULL),
       (104, 63, 68, 67, 1600, 1600, 1, NULL, 1659981213, 1659981285, NULL),
       (105, 63, 69, 68, 1600, 1600, 1, NULL, 1659981213, 1659981285, NULL),
       (106, 63, 70, 69, 1600, 1600, 1, NULL, 1659981213, 1659981285, NULL),
       (107, 63, 71, 70, 1600, 1600, 1, NULL, 1659981213, 1659981285, NULL),
       (108, 63, 72, 71, 1500, 1500, 1, NULL, 1659981213, 1659981285, NULL),
       (109, 63, 73, 72, 1000, 1000, 1, NULL, 1659981213, 1659981285, NULL),
       (110, 63, 74, 73, 1900, 1900, 1, NULL, 1659981213, 1659981285, NULL),
       (111, 63, 75, 74, 1300, 1300, 1, NULL, 1659981213, 1659981285, NULL),
       (112, 63, 76, 75, 1600, 1600, 1, NULL, 1659981213, 1659981285, NULL),
       (113, 64, 77, 76, 1, 50000, 1, NULL, 1664609162, 1664609162, NULL),
       (114, 65, 78, 77, 1, 1, 1, NULL, 1666381464, 1666381464, NULL),
       (115, 66, 78, NULL, 1, 1, 1, NULL, 1666381848, 1666381870, NULL),
       (116, 67, 79, 78, 1, 1, 1, NULL, 1666382524, 1666382524, NULL),
       (117, 68, 80, 107, 900, 900, 1, NULL, 1667386239, 1667386554, NULL),
       (118, 68, 81, 99, 1900, 1900, 1, NULL, 1667386239, 1667386554, NULL),
       (119, 68, 82, 100, 2500, 2500, 1, NULL, 1667386239, 1667386554, NULL),
       (120, 68, 83, 101, 1300, 1300, 1, NULL, 1667386239, 1667386554, NULL),
       (121, 68, 84, 102, 2100, 2100, 1, NULL, 1667386239, 1667386554, NULL),
       (122, 68, 85, 103, 1600, 1600, 1, NULL, 1667386239, 1667386554, NULL),
       (123, 68, 86, 104, 1700, 1700, 1, NULL, 1667386239, 1667386554, NULL),
       (124, 68, 87, 105, 1400, 1400, 1, NULL, 1667386239, 1667386554, NULL),
       (125, 68, 88, 106, 1600, 1600, 1, NULL, 1667386239, 1667386554, NULL),
       (126, 68, 91, 98, 3500, 3500, 1, NULL, 1667386239, 1667386554, NULL),
       (127, 68, 92, 108, 6200, 6200, 1, NULL, 1667386239, 1667386554, NULL),
       (128, 68, 93, 109, 1500, 1500, 1, NULL, 1667386239, 1667386554, NULL),
       (129, 68, 94, 110, 1700, 1700, 1, NULL, 1667386239, 1667386554, NULL),
       (130, 68, 95, 111, 1600, 1600, 1, NULL, 1667386239, 1667386554, NULL),
       (131, 68, 96, 112, 2200, 2200, 1, NULL, 1667386239, 1667386554, NULL),
       (132, 68, 97, 113, 1700, 1700, 1, NULL, 1667386239, 1667386554, NULL),
       (133, 68, 98, 114, 1600, 1600, 1, NULL, 1667386239, 1667386554, NULL),
       (134, 68, 99, 115, 2100, 2100, 1, NULL, 1667386239, 1667386554, NULL),
       (135, 68, 100, 89, 2400, 2400, 1, NULL, 1667386239, 1667386554, NULL),
       (136, 68, 101, 80, 2100, 2100, 1, NULL, 1667386239, 1667386554, NULL),
       (137, 68, 102, 81, 2200, 2200, 1, NULL, 1667386239, 1667386554, NULL),
       (138, 68, 103, 82, 1100, 1100, 1, NULL, 1667386239, 1667386554, NULL),
       (139, 68, 104, 83, 1800, 1800, 1, NULL, 1667386239, 1667386554, NULL),
       (140, 68, 105, 84, 1300, 1300, 1, NULL, 1667386239, 1667386554, NULL),
       (141, 68, 106, 85, 1300, 1300, 1, NULL, 1667386239, 1667386554, NULL),
       (142, 68, 108, 86, 2200, 2200, 1, NULL, 1667386239, 1667386554, NULL),
       (143, 68, 109, 87, 1600, 1600, 1, NULL, 1667386239, 1667386554, NULL),
       (144, 68, 110, 88, 2000, 2000, 1, NULL, 1667386239, 1667386554, NULL),
       (145, 68, 111, 79, 1900, 1900, 1, NULL, 1667386239, 1667386554, NULL),
       (146, 68, 112, 90, 2000, 2000, 1, NULL, 1667386239, 1667386554, NULL),
       (147, 68, 113, 91, 1700, 1700, 1, NULL, 1667386239, 1667386554, NULL),
       (148, 68, 114, 92, 3000, 3000, 1, NULL, 1667386239, 1667386554, NULL),
       (149, 68, 115, 93, 2100, 2100, 1, NULL, 1667386239, 1667386554, NULL),
       (150, 68, 116, 94, 2300, 2300, 1, NULL, 1667386239, 1667386554, NULL),
       (151, 68, 118, 95, 1900, 1900, 1, NULL, 1667386239, 1667386554, NULL),
       (152, 68, 119, 96, 2500, 2500, 1, NULL, 1667386239, 1667386554, NULL),
       (153, 68, 120, 97, 3100, 3100, 1, NULL, 1667386239, 1667386554, NULL),
       (154, 69, 121, 116, 5000, 5000, 1, NULL, 1667414629, 1667414715, NULL),
       (155, 69, 122, 117, 2500, 2500, 1, NULL, 1667414629, 1667414715, NULL),
       (156, 69, 123, 118, 1500, 1500, 1, NULL, 1667414629, 1667414715, NULL),
       (157, 69, 124, 119, 2500, 2500, 1, NULL, 1667414629, 1667414715, NULL),
       (158, 69, 125, 120, 2700, 2700, 1, NULL, 1667414629, 1667414715, NULL),
       (159, 69, 126, 121, 3200, 3200, 1, NULL, 1667414629, 1667414715, NULL);

TRUNCATE `ax_document_fin_invoice`;
INSERT INTO `ax_document_fin_invoice` (`id`, `uuid`, `counterparty_id`, `fin_transaction_type_id`,
                                       `catalog_payment_status_id`, `payment_order_id`, `status`, `created_at`,
                                       `updated_at`, `deleted_at`)
VALUES (1, '72865b0e-0567-4ae1-a5dd-ec29f6607e00', 2, 2, NULL, 'b0c4c03a-c527-7a82-9436-9fbb0443bd58', 1, 1659631671,
        1659631671, NULL),
       (2, '86aecb4f-41fe-4e29-a2c5-5a5ae724aed4', 5, 2, NULL, '2546a0d4-18aa-7532-b92c-35280443bd58', 1, 1659633798,
        1659633798, NULL),
       (3, '0fd02c6e-4deb-46de-9ec9-51de3f6c71d7', 5, 2, NULL, '05ff6df6-4c84-78be-b0d7-b8220443bd58', 1, 1659633895,
        1659633895, NULL),
       (8, '0ced162a-822b-435d-a7b7-8f49f5ad0d9f', 2, 2, NULL, 'a4bacd1f-94cf-72dc-ae6e-6cc80443bd58', 1, 1659636091,
        1659636091, NULL);

TRUNCATE `ax_document_fin_invoice_content`;
INSERT INTO `ax_document_fin_invoice_content` (`id`, `catalog_product_id`, `catalog_storage_id`, `document_id`, `price`,
                                               `quantity`, `description`, `created_at`, `updated_at`, `deleted_at`)
VALUES (1, NULL, NULL, 1, 2, 1, NULL, 1659631671, 1659631671, NULL),
       (2, NULL, NULL, 2, 100, 1, NULL, 1659633798, 1659633798, NULL),
       (3, NULL, NULL, 3, 1, 1, NULL, 1659633895, 1659633895, NULL),
       (8, NULL, NULL, 8, 2, 1, NULL, 1659636091, 1659636091, NULL);

TRUNCATE `ax_document_invoice`;

TRUNCATE `ax_document_invoice_content`;

TRUNCATE `ax_document_order`;
INSERT INTO `ax_document_order` (`id`, `uuid`, `catalog_payment_type_id`, `catalog_delivery_type_id`, `counterparty_id`,
                                 `catalog_storage_place_id`, `fin_transaction_type_id`, `document_sale_id`,
                                 `catalog_coupon_id`, `catalog_payment_status_id`, `catalog_delivery_status_id`,
                                 `delivery_order_id`, `payment_order_id`, `delivery_cost`, `delivery_address`,
                                 `delivery_tariff`, `status`, `created_at`, `updated_at`, `deleted_at`)
VALUES (2, '9225c97b-4555-4701-a234-d095aafebabc', 1, 2, 2, 1, 1, NULL, NULL, 1, 1, NULL,
        '545794ed-70fd-7a0f-96e0-ce240443bd58', 350, NULL, NULL, 1, 1656329584, 1656329683, NULL),
       (3, 'a2d79323-ff36-4ddb-8f7d-bc45f9f55bbd', 1, 1, 4, 1, 1, NULL, NULL, 1, 1, NULL,
        'e494b2ca-57e6-70c8-9b7d-8a1b0443bd58', 350, NULL, NULL, 1, 1657567747, 1657568200, NULL),
       (4, 'eb971320-c2bf-4bde-9b2e-f26110541c3c', 1, 1, 4, 1, 1, NULL, NULL, 2, 1, NULL,
        '0577469d-d717-7785-a69e-358d0443bd58', 350, NULL, NULL, 1, 1657608464, 1657608472, NULL),
       (5, '54afb2df-6b42-4732-b39b-037cc8e22b94', 1, 1, 4, 1, 1, NULL, NULL, 1, 1, NULL,
        '0ba22b10-301a-77f8-a73e-bc9b0443bd58', 350, NULL, NULL, 1, 1657608927, 1657609113, NULL),
       (6, 'b0c4f776-b9d0-4ab3-80a4-61a3fc29b987', 1, 2, 2, 1, 1, NULL, NULL, 1, 1, NULL,
        'f412c761-47b0-7eb5-9c25-43e00443bd58', 350, 'Краснодарский край Краснодар Петра Метальникова 7 233 233', NULL,
        1, 1664612836, 1664612982, NULL),
       (7, 'ed445ce7-26bf-4317-bddd-c2c16706e8cc', 1, 1, 14, 1, 1, NULL, NULL, 2, 1, NULL,
        'f505772a-cd2e-7868-81fd-21710443bd58', 275, 'Воронеж ул. Средне-Московская, 32Б', 368, 1, 1666448303,
        1666448335, NULL);

TRUNCATE `ax_document_order_content`;
INSERT INTO `ax_document_order_content` (`id`, `document_id`, `catalog_product_id`, `catalog_storage_id`, `price`,
                                         `quantity`, `description`, `created_at`, `updated_at`, `deleted_at`)
VALUES (2, 2, 55, 54, 1, 1, NULL, 1656329588, 1656329588, NULL),
       (3, 3, 52, 51, 1300, 1, NULL, 1657567826, 1657567826, NULL),
       (4, 4, 44, 43, 1300, 1, NULL, 1657608471, 1657608471, NULL),
       (5, 5, 44, 43, 1300, 1, NULL, 1657608930, 1657608930, NULL),
       (6, 6, 77, 76, 50000, 1, NULL, 1664612863, 1664612863, NULL),
       (7, 7, 72, 71, 1500, 1, NULL, 1666448335, 1666448335, NULL);

TRUNCATE `ax_document_refund`;

TRUNCATE `ax_document_refund_content`;

TRUNCATE `ax_document_reservation`;
INSERT INTO `ax_document_reservation` (`id`, `catalog_storage_place_id`, `fin_transaction_type_id`, `counterparty_id`,
                                       `document`, `document_id`, `currency_id`, `status`, `expired_at`, `created_at`,
                                       `updated_at`, `deleted_at`)
VALUES (1, 1, 1, 1, NULL, NULL, NULL, 2, NULL, 1657540216, 1657540216, NULL);

TRUNCATE `ax_document_reservation_cancel`;
INSERT INTO `ax_document_reservation_cancel` (`id`, `catalog_storage_place_id`, `fin_transaction_type_id`, `document`,
                                              `document_id`, `currency_id`, `status`, `created_at`, `updated_at`,
                                              `deleted_at`)
VALUES (1, 1, 2, NULL, NULL, NULL, 1, 1657609487, 1657609490, NULL),
       (2, 1, 2, NULL, NULL, NULL, 1, 1666450929, 1666450929, NULL);

TRUNCATE `ax_document_reservation_cancel_content`;
INSERT INTO `ax_document_reservation_cancel_content` (`id`, `document_id`, `catalog_product_id`, `catalog_storage_id`,
                                                      `price`, `quantity`, `description`, `created_at`, `updated_at`,
                                                      `deleted_at`)
VALUES (1, 1, 44, 43, 1300, 1, NULL, 1657609487, 1657609490, NULL),
       (2, 2, 72, 71, 0, 1, NULL, 1666450929, 1666450929, NULL);

TRUNCATE `ax_document_reservation_content`;
INSERT INTO `ax_document_reservation_content` (`id`, `document_id`, `catalog_product_id`, `catalog_storage_id`, `price`,
                                               `quantity`, `description`, `created_at`, `updated_at`, `deleted_at`)
VALUES (1, 1, 44, NULL, 1300, 1, NULL, 1657540216, 1657540216, NULL);

TRUNCATE `ax_document_sale`;
INSERT INTO `ax_document_sale` (`id`, `catalog_storage_place_id`, `fin_transaction_type_id`, `counterparty_id`,
                                `document`, `document_id`, `currency_id`, `status`, `created_at`, `updated_at`,
                                `deleted_at`)
VALUES (1, 1, 1, 2, 'ax_document_order', 2, NULL, 1, 1656329683, 1656329683, NULL),
       (2, 1, 1, 4, 'ax_document_order', 3, NULL, 1, 1657568199, 1657568200, NULL),
       (3, 1, 1, 4, 'ax_document_order', 5, NULL, 1, 1657609113, 1657609113, NULL),
       (4, 1, 1, 2, 'ax_document_order', 6, NULL, 1, 1664612982, 1664612982, NULL),
       (5, 1, 1, 14, NULL, NULL, NULL, 1, 1666450924, 1666450924, NULL);

TRUNCATE `ax_document_sale_content`;
INSERT INTO `ax_document_sale_content` (`id`, `document_id`, `catalog_product_id`, `catalog_storage_id`, `price`,
                                        `quantity`, `description`, `created_at`, `updated_at`, `deleted_at`)
VALUES (1, 1, 55, 54, 1, 1, NULL, 1656329683, 1656329683, NULL),
       (2, 2, 52, 51, 1300, 1, NULL, 1657568200, 1657568200, NULL),
       (3, 3, 44, 43, 1300, 1, NULL, 1657609113, 1657609113, NULL),
       (4, 4, 77, 76, 50000, 1, NULL, 1664612982, 1664612982, NULL),
       (5, 5, 72, 71, 1500, 1, NULL, 1666450924, 1666450929, NULL);

TRUNCATE `ax_document_transfer`;

TRUNCATE `ax_document_transfer_content`;

TRUNCATE `ax_document_write_off`;
INSERT INTO `ax_document_write_off` (`id`, `catalog_storage_place_id`, `fin_transaction_type_id`, `document`,
                                     `document_id`, `currency_id`, `status`, `created_at`, `updated_at`, `deleted_at`)
VALUES (1, 1, 1, NULL, NULL, NULL, 1, 1653362858, 1656279104, NULL),
       (2, 1, 1, NULL, NULL, NULL, 1, 1653363014, 1656279104, NULL),
       (3, 1, 1, NULL, NULL, NULL, 1, 1653500611, 1656279104, NULL),
       (4, 1, 1, NULL, NULL, NULL, 1, 1656310627, 1656310641, NULL),
       (5, 1, 1, NULL, NULL, NULL, 1, 1657285462, 1657285462, NULL),
       (6, 1, 1, NULL, NULL, NULL, 1, 1657289138, 1657289138, NULL),
       (7, 1, 1, NULL, NULL, NULL, 1, 1657289183, 1657289183, NULL),
       (8, 1, 1, NULL, NULL, NULL, 1, 1657292408, 1657292408, NULL),
       (9, 1, 1, NULL, NULL, NULL, 1, 1657297534, 1657297534, NULL),
       (10, 1, 1, NULL, NULL, NULL, 1, 1657297552, 1657297552, NULL),
       (11, 1, 1, NULL, NULL, NULL, 1, 1657297564, 1657297564, NULL),
       (12, 1, 1, NULL, NULL, NULL, 1, 1657297576, 1657297576, NULL),
       (13, 1, 1, NULL, NULL, NULL, 1, 1657297609, 1657297609, NULL),
       (14, 1, 1, NULL, NULL, NULL, 1, 1657304930, 1657304930, NULL),
       (15, 1, 1, NULL, NULL, NULL, 1, 1657305012, 1657305012, NULL),
       (16, 1, 1, NULL, NULL, NULL, 1, 1657305074, 1657305074, NULL),
       (17, 1, 1, NULL, NULL, NULL, 1, 1657398948, 1657398948, NULL),
       (18, 1, 1, NULL, NULL, NULL, 1, 1657398963, 1657398963, NULL),
       (19, 1, 1, NULL, NULL, NULL, 1, 1657398980, 1657398980, NULL),
       (20, 1, 1, NULL, NULL, NULL, 1, 1657398995, 1657398995, NULL),
       (21, 1, 1, NULL, NULL, NULL, 1, 1657399023, 1657399023, NULL),
       (22, 1, 1, NULL, NULL, NULL, 1, 1657399051, 1657399051, NULL),
       (23, 1, 1, NULL, NULL, NULL, 1, 1657399068, 1657399068, NULL),
       (24, 1, 1, NULL, NULL, NULL, 1, 1657399087, 1657399087, NULL),
       (25, 1, 1, NULL, NULL, NULL, 1, 1657399101, 1657399101, NULL),
       (26, 1, 1, NULL, NULL, NULL, 1, 1657399117, 1657399117, NULL),
       (27, 1, 1, NULL, NULL, NULL, 1, 1657399138, 1657399139, NULL),
       (28, 1, 1, NULL, NULL, NULL, 1, 1657399161, 1657399161, NULL),
       (29, 1, 1, NULL, NULL, NULL, 1, 1657399187, 1657399187, NULL),
       (30, 1, 1, NULL, NULL, NULL, 1, 1657452939, 1657452939, NULL),
       (31, 1, 1, NULL, NULL, NULL, 1, 1657460517, 1657460517, NULL),
       (32, 1, 1, NULL, NULL, NULL, 1, 1657466732, 1657466732, NULL),
       (33, 1, 1, NULL, NULL, NULL, 1, 1657468485, 1657468485, NULL),
       (34, 1, 1, NULL, NULL, NULL, 1, 1657470393, 1657470393, NULL),
       (35, 1, 1, NULL, NULL, NULL, 2, 1657472190, 1657472190, NULL),
       (36, 1, 1, NULL, NULL, NULL, 1, 1657475105, 1657475105, NULL),
       (37, 1, 1, NULL, NULL, NULL, 1, 1657532007, 1657532007, NULL),
       (38, 1, 1, NULL, NULL, NULL, 2, 1657532007, 1657532007, NULL),
       (39, 1, 1, NULL, NULL, NULL, 1, 1657541961, 1657541961, NULL),
       (40, 1, 1, NULL, NULL, NULL, 1, 1657609408, 1657609411, NULL),
       (41, 1, 1, NULL, NULL, NULL, 1, 1657609517, 1657609520, NULL),
       (42, 1, 1, NULL, NULL, NULL, 1, 1658311913, 1658311913, NULL),
       (43, 1, 1, NULL, NULL, NULL, 1, 1658311933, 1658311933, NULL),
       (44, 1, 1, NULL, NULL, NULL, 1, 1659722275, 1659722275, NULL),
       (45, 1, 1, NULL, NULL, NULL, 1, 1659722291, 1659722291, NULL),
       (46, 1, 1, NULL, NULL, NULL, 1, 1659878316, 1659878316, NULL),
       (47, 1, 1, NULL, NULL, NULL, 1, 1659878335, 1659878335, NULL),
       (48, 1, 1, NULL, NULL, NULL, 1, 1659878352, 1659878352, NULL),
       (49, 1, 1, NULL, NULL, NULL, 1, 1659878387, 1659878387, NULL),
       (50, 1, 1, NULL, NULL, NULL, 1, 1659878399, 1659878399, NULL),
       (51, 1, 1, NULL, NULL, NULL, 1, 1659878400, 1659878400, NULL),
       (52, 1, 1, NULL, NULL, NULL, 1, 1659881834, 1659881834, NULL),
       (53, 1, 1, NULL, NULL, NULL, 1, 1659885905, 1659885905, NULL),
       (54, 1, 1, NULL, NULL, NULL, 1, 1662794581, 1662794581, NULL),
       (55, 1, 1, NULL, NULL, NULL, 1, 1662794605, 1662794605, NULL),
       (56, 1, 1, NULL, NULL, NULL, 1, 1662794663, 1662794663, NULL),
       (57, 1, 1, NULL, NULL, NULL, 1, 1662801077, 1662801077, NULL),
       (58, 1, 1, NULL, NULL, NULL, 1, 1662801093, 1662801093, NULL),
       (59, 1, 1, NULL, NULL, NULL, 1, 1662801113, 1662801113, NULL),
       (60, 1, 1, NULL, NULL, NULL, 1, 1662801147, 1662801147, NULL),
       (61, 1, 1, NULL, NULL, NULL, 1, 1663044079, 1663044079, NULL),
       (62, 1, 1, NULL, NULL, NULL, 1, 1663044103, 1663044103, NULL),
       (63, 1, 1, NULL, NULL, NULL, 1, 1663044133, 1663044133, NULL),
       (64, 1, 1, NULL, NULL, NULL, 1, 1663044154, 1663044154, NULL),
       (65, 1, 1, NULL, NULL, NULL, 1, 1663044183, 1663044183, NULL),
       (66, 1, 1, NULL, NULL, NULL, 1, 1663044207, 1663044207, NULL),
       (67, 1, 1, NULL, NULL, NULL, 1, 1663044235, 1663044235, NULL),
       (68, 1, 1, NULL, NULL, NULL, 1, 1663044263, 1663044263, NULL),
       (69, 1, 1, NULL, NULL, NULL, 1, 1663044265, 1663044265, NULL),
       (70, 1, 1, NULL, NULL, NULL, 1, 1666382836, 1666382836, NULL),
       (71, 1, 1, NULL, NULL, NULL, 1, 1666434010, 1666434010, NULL),
       (72, 1, 1, NULL, NULL, NULL, 1, 1666451288, 1666451288, NULL),
       (73, 1, 1, NULL, NULL, NULL, 1, 1666451616, 1666451616, NULL),
       (74, 1, 1, NULL, NULL, NULL, 1, 1667066578, 1667066578, NULL),
       (75, 1, 1, NULL, NULL, NULL, 1, 1667066607, 1667066607, NULL),
       (76, 1, 1, NULL, NULL, NULL, 1, 1667066631, 1667066631, NULL),
       (77, 1, 1, NULL, NULL, NULL, 1, 1667066649, 1667066649, NULL),
       (78, 1, 1, NULL, NULL, NULL, 1, 1667066731, 1667066731, NULL),
       (79, 1, 1, NULL, NULL, NULL, 1, 1667066749, 1667066749, NULL),
       (80, 1, 1, NULL, NULL, NULL, 1, 1667066784, 1667066784, NULL),
       (81, 1, 1, NULL, NULL, NULL, 1, 1667066796, 1667066796, NULL),
       (82, 1, 1, NULL, NULL, NULL, 1, 1667066832, 1667066832, NULL),
       (83, 1, 1, NULL, NULL, NULL, 1, 1667066838, 1667066838, NULL),
       (84, 1, 1, NULL, NULL, NULL, 1, 1667066868, 1667066868, NULL),
       (85, 1, 1, NULL, NULL, NULL, 1, 1667066933, 1667066933, NULL),
       (86, 1, 1, NULL, NULL, NULL, 1, 1667066939, 1667066939, NULL),
       (87, 1, 1, NULL, NULL, NULL, 1, 1667199528, 1667199528, NULL),
       (88, 1, 1, NULL, NULL, NULL, 1, 1667487425, 1667487425, NULL),
       (89, 1, 1, NULL, NULL, NULL, 1, 1667487440, 1667487440, NULL),
       (90, 1, 1, NULL, NULL, NULL, 1, 1667570945, 1667570945, NULL);

TRUNCATE `ax_document_write_off_content`;
INSERT INTO `ax_document_write_off_content` (`id`, `document_id`, `catalog_product_id`, `catalog_storage_id`, `price`,
                                             `quantity`, `description`, `created_at`, `updated_at`, `deleted_at`)
VALUES (1, 1, 12, 11, 0, 1, NULL, 1653362858, 1656279104, NULL),
       (2, 2, 2, 1, 0, 1, NULL, 1653363014, 1656279104, NULL),
       (3, 2, 7, 6, 0, 1, NULL, 1653363014, 1656279104, NULL),
       (4, 3, 13, 12, 0, 1, NULL, 1653500611, 1656279104, NULL),
       (5, 4, 10, 9, 2300, 1, NULL, 1656310627, 1656310641, NULL),
       (6, 5, 26, 25, 0, 1, NULL, 1657285462, 1657285462, NULL),
       (7, 6, 22, 21, 0, 1, NULL, 1657289138, 1657289138, NULL),
       (8, 7, 3, 2, 0, 1, NULL, 1657289183, 1657289183, NULL),
       (9, 8, 24, 23, 0, 1, NULL, 1657292408, 1657292408, NULL),
       (10, 9, 25, 24, 0, 1, NULL, 1657297534, 1657297534, NULL),
       (11, 10, 46, 45, 0, 1, NULL, 1657297552, 1657297552, NULL),
       (12, 11, 35, 34, 0, 1, NULL, 1657297564, 1657297564, NULL),
       (13, 12, 56, 55, 0, 1, NULL, 1657297576, 1657297576, NULL),
       (14, 13, 45, 44, 0, 1, NULL, 1657297609, 1657297609, NULL),
       (15, 14, 39, 38, 0, 1, NULL, 1657304930, 1657304930, NULL),
       (16, 15, 63, 56, 0, 1, NULL, 1657305012, 1657305012, NULL),
       (17, 16, 37, 36, 0, 1, NULL, 1657305074, 1657305074, NULL),
       (18, 17, 18, 17, 0, 1, NULL, 1657398948, 1657398948, NULL),
       (19, 18, 30, 29, 0, 1, NULL, 1657398963, 1657398963, NULL),
       (20, 19, 27, 26, 0, 1, NULL, 1657398980, 1657398980, NULL),
       (21, 20, 29, 28, 0, 1, NULL, 1657398995, 1657398995, NULL),
       (22, 21, 31, 30, 0, 1, NULL, 1657399023, 1657399023, NULL),
       (23, 22, 11, 10, 0, 1, NULL, 1657399051, 1657399051, NULL),
       (24, 23, 49, 48, 0, 1, NULL, 1657399068, 1657399068, NULL),
       (25, 24, 41, 40, 0, 1, NULL, 1657399087, 1657399087, NULL),
       (26, 25, 9, 8, 0, 1, NULL, 1657399101, 1657399101, NULL),
       (27, 26, 28, 27, 0, 1, NULL, 1657399117, 1657399117, NULL),
       (28, 27, 51, 50, 0, 1, NULL, 1657399138, 1657399138, NULL),
       (29, 28, 60, 59, 0, 1, NULL, 1657399161, 1657399161, NULL),
       (30, 29, 15, 14, 0, 1, NULL, 1657399187, 1657399187, NULL),
       (31, 30, 47, 46, 0, 1, NULL, 1657452939, 1657452939, NULL),
       (32, 31, 36, 35, 0, 1, NULL, 1657460517, 1657460517, NULL),
       (33, 32, 64, 63, 0, 1, NULL, 1657466732, 1657466732, NULL),
       (34, 33, 32, 31, 0, 1, NULL, 1657468485, 1657468485, NULL),
       (35, 34, 58, 61, 0, 1, NULL, 1657470393, 1657470393, NULL),
       (36, 35, 58, NULL, 0, 1, NULL, 1657472190, 1657472190, NULL),
       (37, 36, 57, 62, 0, 1, NULL, 1657475105, 1657475105, NULL),
       (38, 37, 43, 42, 0, 1, NULL, 1657532007, 1657532007, NULL),
       (39, 38, 43, NULL, 0, 1, NULL, 1657532007, 1657532007, NULL),
       (40, 39, 44, 43, 0, 1, NULL, 1657541961, 1657541961, NULL),
       (41, 40, 44, 43, 1300, 1109, NULL, 1657609408, 1657609411, NULL),
       (42, 41, 44, 43, 1300, 1, NULL, 1657609517, 1657609520, NULL),
       (43, 42, 59, 60, 0, 1, NULL, 1658311913, 1658311913, NULL),
       (44, 43, 42, 41, 0, 1, NULL, 1658311933, 1658311933, NULL),
       (45, 44, 20, 19, 0, 1, NULL, 1659722275, 1659722275, NULL),
       (46, 45, 65, 64, 0, 1, NULL, 1659722291, 1659722291, NULL),
       (47, 46, 21, 20, 0, 1, NULL, 1659878316, 1659878316, NULL),
       (48, 47, 48, 47, 0, 1, NULL, 1659878335, 1659878335, NULL),
       (49, 48, 19, 18, 0, 1, NULL, 1659878352, 1659878352, NULL),
       (50, 49, 33, 32, 0, 1, NULL, 1659878387, 1659878387, NULL),
       (51, 50, 33, NULL, 0, 1, NULL, 1659878399, 1659878399, NULL),
       (52, 51, 33, NULL, 0, 1, NULL, 1659878400, 1659878400, NULL),
       (53, 52, 16, 15, 0, 1, NULL, 1659881834, 1659881834, NULL),
       (54, 53, 17, 16, 0, 1, NULL, 1659885905, 1659885905, NULL),
       (55, 54, 5, 4, 0, 1, NULL, 1662794581, 1662794581, NULL),
       (56, 55, 14, 13, 0, 1, NULL, 1662794605, 1662794605, NULL),
       (57, 56, 66, 65, 0, 1, NULL, 1662794663, 1662794663, NULL),
       (58, 57, 66, 65, 0, 1, NULL, 1662801077, 1662801077, NULL),
       (59, 58, 75, 74, 0, 1, NULL, 1662801093, 1662801093, NULL),
       (60, 59, 75, 74, 0, 1, NULL, 1662801113, 1662801113, NULL),
       (61, 60, 75, 74, 0, 1, NULL, 1662801147, 1662801147, NULL),
       (62, 61, 69, 68, 0, 1, NULL, 1663044079, 1663044079, NULL),
       (63, 62, 66, 65, 0, 1, NULL, 1663044103, 1663044103, NULL),
       (64, 63, 69, 68, 0, 1, NULL, 1663044133, 1663044133, NULL),
       (65, 64, 67, 66, 0, 1, NULL, 1663044154, 1663044154, NULL),
       (66, 65, 38, 37, 0, 1, NULL, 1663044183, 1663044183, NULL),
       (67, 66, 69, 68, 0, 1, NULL, 1663044207, 1663044207, NULL),
       (68, 67, 67, 66, 0, 1, NULL, 1663044235, 1663044235, NULL),
       (69, 68, 67, 66, 0, 1, NULL, 1663044263, 1663044263, NULL),
       (70, 69, 67, NULL, 0, 1, NULL, 1663044265, 1663044265, NULL),
       (71, 70, 78, NULL, 1, 111, NULL, 1666382836, 1666382836, NULL),
       (72, 71, 79, 78, 0, 1, NULL, 1666434010, 1666434010, NULL),
       (73, 72, 72, 71, 0, 1, NULL, 1666451288, 1666451288, NULL),
       (74, 73, 72, 71, 1500, 1, NULL, 1666451616, 1666451619, NULL),
       (75, 74, 71, 70, 0, 1, NULL, 1667066578, 1667066578, NULL),
       (76, 75, 71, 70, 0, 1, NULL, 1667066607, 1667066607, NULL),
       (77, 76, 70, 69, 0, 1, NULL, 1667066631, 1667066631, NULL),
       (78, 77, 70, 69, 0, 1, NULL, 1667066649, 1667066649, NULL),
       (79, 78, 74, 73, 0, 1, NULL, 1667066731, 1667066731, NULL),
       (80, 79, 74, 73, 0, 1, NULL, 1667066749, 1667066749, NULL),
       (81, 80, 76, 75, 0, 1, NULL, 1667066784, 1667066784, NULL),
       (82, 81, 76, 75, 0, 1, NULL, 1667066796, 1667066796, NULL),
       (83, 82, 68, 67, 0, 1, NULL, 1667066832, 1667066832, NULL),
       (84, 83, 68, 67, 0, 1, NULL, 1667066838, 1667066838, NULL),
       (85, 84, 61, 58, 0, 1, NULL, 1667066868, 1667066868, NULL),
       (86, 85, 73, 72, 0, 1, NULL, 1667066933, 1667066933, NULL),
       (87, 86, 73, 72, 0, 1, NULL, 1667066939, 1667066939, NULL),
       (88, 87, 78, 77, 1, 1, NULL, 1667199528, 1667199531, NULL),
       (89, 88, 91, 98, 0, 1, NULL, 1667487425, 1667487425, NULL),
       (90, 89, 114, 92, 0, 1, NULL, 1667487440, 1667487440, NULL),
       (91, 90, 115, 93, 0, 1, NULL, 1667570945, 1667570945, NULL);

TRUNCATE `ax_fin_transaction_type`;
INSERT INTO `ax_fin_transaction_type` (`id`, `name`, `title`, `created_at`, `updated_at`, `deleted_at`)
VALUES (1, 'debit', 'Расход', 1651608268, 1651608268, NULL),
       (2, 'credit', 'Приход', 1651608268, 1651608268, NULL);

TRUNCATE `ax_gallery`;
INSERT INTO `ax_gallery` (`id`, `title`, `description`, `sort`, `image`, `url`, `created_at`, `updated_at`,
                          `deleted_at`)
VALUES (1, 'Портфолио', NULL, 0, NULL, NULL, 1651608268, 1666443448, NULL),
       (38, '✶ Воробушек ✶', NULL, 0, NULL, NULL, 1651692611, 1651692611, NULL),
       (39, '✶ Закат ✶', NULL, 0, NULL, NULL, 1651693175, 1651693175, NULL),
       (40, '✶ Розмарин ✶', NULL, 0, NULL, NULL, 1651693957, 1651693957, NULL),
       (41, '✶ Круассан ✶', NULL, 0, NULL, NULL, 1651694072, 1651694072, NULL),
       (42, '✶ Артишок ✶', NULL, 0, NULL, NULL, 1651694241, 1651694241, NULL),
       (43, '✶ Морковь ✶', NULL, 0, NULL, NULL, 1651694563, 1651694563, NULL),
       (44, '✶ Сыр ✶', NULL, 0, NULL, NULL, 1651694793, 1651694793, NULL),
       (45, '✶ Форель ✶', NULL, 0, NULL, NULL, 1651696120, 1651696120, NULL),
       (46, '✶ Штопор ✶', NULL, 0, NULL, NULL, 1651696887, 1651696887, NULL),
       (47, '✶ Папоротник ✶', NULL, 0, NULL, NULL, 1651697509, 1651697509, NULL),
       (48, '✶ Глаз зебры ✶', NULL, 0, NULL, NULL, 1651698934, 1651698934, NULL),
       (49, '✶ Морская Звезда ✶', NULL, 0, NULL, NULL, 1653288715, 1653288715, NULL),
       (50, '✶ Солнышко ✶', NULL, 0, NULL, NULL, 1653290119, 1653292439, NULL),
       (51, '✶ Бамбук ✶', NULL, 0, NULL, NULL, 1653292160, 1653292160, NULL),
       (52, '✶ Солнце ✶', NULL, 0, NULL, NULL, 1653293717, 1653293717, NULL),
       (53, '✶ Луна ✶', NULL, 0, NULL, NULL, 1653294751, 1653294751, NULL),
       (54, '✶ Шоколадная Карамель ✶', NULL, 0, NULL, NULL, 1653295313, 1653295313, NULL),
       (55, '✶ Лодочка ✶', NULL, 0, NULL, NULL, 1653297753, 1653297753, NULL),
       (56, '✶ Лодочка ◉ ✶', NULL, 0, NULL, NULL, 1653298136, 1653298136, NULL),
       (57, '✶ Лодочка mini ◉ ✶', NULL, 0, NULL, NULL, 1653298827, 1653298827, NULL),
       (58, '✶ Лодочка mini ✶', NULL, 0, NULL, NULL, 1653299413, 1653299413, NULL),
       (59, '✶ AHOY ✶', NULL, 0, NULL, NULL, 1653300004, 1653300004, NULL),
       (60, '✶ Листик-Пёрышко ✶', NULL, 0, NULL, NULL, 1653300798, 1653300798, NULL),
       (61, '✶ Авокадо ✶', NULL, 0, NULL, NULL, 1653301239, 1653301239, NULL),
       (62, '✶ Укроп ✶', NULL, 0, NULL, NULL, 1653301580, 1653301580, NULL),
       (63, '✶ Пламя фитилька ✶', NULL, 0, NULL, NULL, 1653302115, 1653302115, NULL),
       (64, '✶ Колоказия ✶', NULL, 0, NULL, NULL, 1653303010, 1653303010, NULL),
       (65, '✶ Оберег ✶', NULL, 0, NULL, NULL, 1653367609, 1653367609, NULL),
       (66, '✶ Карамель max ✶', NULL, 0, NULL, NULL, 1653369320, 1653369320, NULL),
       (67, '✶ Карамель max ◉ ✶', NULL, 0, NULL, NULL, 1653369906, 1653369906, NULL),
       (68, '✶ Луковка ✶', NULL, 0, NULL, NULL, 1653371682, 1653371682, NULL),
       (69, '✶ Фуксия ✶', NULL, 0, NULL, NULL, 1653372215, 1653372215, NULL),
       (70, '✶ Зебра ✶', NULL, 0, NULL, NULL, 1653373045, 1653373045, NULL),
       (71, '✶ Бабочка ✶', NULL, 0, NULL, NULL, 1653373820, 1653373820, NULL),
       (72, '✶ Baguette ✶', NULL, 0, NULL, NULL, 1653374302, 1653374302, NULL),
       (73, '✶ Лимон ✶', NULL, 0, NULL, NULL, 1653375243, 1653375243, NULL),
       (74, '✶ Синий Кит ✶', NULL, 0, NULL, NULL, 1653376122, 1653376122, NULL),
       (75, '✶ Форель карандашом ✶', NULL, 0, NULL, NULL, 1653377011, 1653377011, NULL),
       (76, '✶ Цветок Мандала ✶', NULL, 0, NULL, NULL, 1653377639, 1653377639, NULL),
       (77, '✶ Изящный Розмарин ✶', NULL, 0, NULL, NULL, 1653379570, 1653379570, NULL),
       (78, '✶ Нептунея ✶', NULL, 0, NULL, NULL, 1653381142, 1653381142, NULL),
       (79, '✶ Наутилида ✶', NULL, 0, NULL, NULL, 1653381908, 1653381908, NULL),
       (80, '✶ Рыбы-Рыбы ✶', NULL, 0, NULL, NULL, 1653382697, 1653382697, NULL),
       (81, '✶ Трубач ✶', NULL, 0, NULL, NULL, 1653383699, 1653383699, NULL),
       (82, '✶ Кубики Льда ✶', NULL, 0, NULL, NULL, 1653384501, 1653384501, NULL),
       (83, '✶ Сардины Морячки ✶', NULL, 0, NULL, NULL, 1653385050, 1653385050, NULL),
       (84, '✶ Лисички ✶', NULL, 0, NULL, NULL, 1653385494, 1653385494, NULL),
       (85, '✶ Лев ✶', NULL, 0, NULL, NULL, 1653388341, 1653388341, NULL),
       (86, '✶ Моллюски ✶', NULL, 0, NULL, NULL, 1653388971, 1653388971, NULL),
       (87, '✶ Батон ✶', NULL, 0, NULL, NULL, 1653390063, 1653390063, NULL),
       (88, '✶ Ежевика ✶', NULL, 0, NULL, NULL, 1653390495, 1653390495, NULL),
       (89, 'Масло-Воск', NULL, 0, NULL, NULL, 1653390773, 1656324899, NULL),
       (90, '✶ Изящный Бамбук ✶', NULL, 0, NULL, NULL, 1653391682, 1653391682, NULL),
       (91, '✶ Баклан ✶', NULL, 0, NULL, NULL, 1656326085, 1656326085, NULL),
       (92, '✶ Шмель ✶', NULL, 0, NULL, NULL, 1656327069, 1656327069, NULL),
       (93, '✶ Сыр А. ✶', NULL, 0, NULL, NULL, 1656327903, 1656331432, NULL),
       (94, '✶ Брокколи ✶', NULL, 0, NULL, NULL, 1656328324, 1656328324, NULL),
       (95, '✶ H. Akazie ✶', NULL, 0, NULL, NULL, 1656329296, 1656329296, NULL),
       (96, '✶ Базилик ✶', NULL, 0, NULL, NULL, 1656329802, 1656329802, NULL),
       (97, '✶ Ананас ✶', NULL, 0, NULL, NULL, 1656330555, 1656330555, NULL),
       (98, '✶ Ласточка ✶', NULL, 0, NULL, NULL, 1656331248, 1656331248, NULL),
       (99, '✶ Безмятежность ✶', NULL, 0, NULL, NULL, 1656339124, 1656339124, NULL),
       (100, '✶ Садо\'м ✶', NULL, 0, NULL, NULL, 1656339649, 1656339649, NULL),
       (101, '✶ Lotus ✶', NULL, 0, NULL, NULL, 1659976602, 1659976602, NULL),
       (102, '✶ Лист Монстеры ✶', NULL, 0, NULL, NULL, 1659976943, 1659976943, NULL),
       (103, '✶ Orange mini ✶', NULL, 0, NULL, NULL, 1659977608, 1659977608, NULL),
       (104, '✶ Мята ✶', NULL, 0, NULL, NULL, 1659977888, 1659977888, NULL),
       (105, '✶ Эвкалипт ✶', NULL, 0, NULL, NULL, 1659978247, 1659978247, NULL),
       (106, '✶ Ptero ✶', NULL, 0, NULL, NULL, 1659978712, 1659978712, NULL),
       (107, '✶ Лист банана ✶', NULL, 0, NULL, NULL, 1659978904, 1659978904, NULL),
       (108, '✶ Лист Mons ✶', NULL, 0, NULL, NULL, 1659979509, 1659979509, NULL),
       (109, '✶ Сannabis ✶', NULL, 0, NULL, NULL, 1659979681, 1659979681, NULL),
       (110, '✶ Банановый лист✶', NULL, 0, NULL, NULL, 1659979847, 1659979847, NULL),
       (111, '✶ Чай ✶', NULL, 0, NULL, NULL, 1659980279, 1659980279, NULL),
       (112, '✶ Mulberry & Walnut ✶', NULL, 0, NULL, NULL, 1664609162, 1664609162, NULL),
       (113, 'Тест1', NULL, 0, NULL, NULL, 1666381545, 1666381545, NULL),
       (114, 'test 2', NULL, 0, NULL, NULL, 1666382524, 1666382524, NULL),
       (115, '✶ Чай Цейлон ✶', NULL, 0, NULL, NULL, 1667374276, 1667374276, NULL),
       (116, '✶ Хлопок ✶', NULL, 0, NULL, NULL, 1667374562, 1667374562, NULL),
       (117, '✶ Чашечка чая ✶', NULL, 0, NULL, NULL, 1667374812, 1667374812, NULL),
       (118, '✶ Морская звёздочка ✶', NULL, 0, NULL, NULL, 1667375010, 1667375010, NULL),
       (119, '✶ Monstera ✶', NULL, 0, NULL, NULL, 1667375269, 1667375269, NULL),
       (120, '✶ Кот сластёна ✶', NULL, 0, NULL, NULL, 1667375549, 1667375549, NULL),
       (121, '✶ Кот подозревака ✶', NULL, 0, NULL, NULL, 1667375790, 1667375790, NULL),
       (122, '✶ Квадратик сыра ✶', NULL, 0, NULL, NULL, 1667376017, 1667376017, NULL),
       (123, '✶ Ломтики сыры ✶', NULL, 0, NULL, NULL, 1667376219, 1667376219, NULL),
       (124, '✶ Степной шмель ✶', NULL, 0, NULL, NULL, 1667377514, 1667377514, NULL),
       (125, '✶ Max oak ✶', NULL, 0, NULL, NULL, 1667377799, 1667377799, NULL),
       (126, '✶ Плющ ✶', NULL, 0, NULL, NULL, 1667378053, 1667378053, NULL),
       (127, '✶ Рускус✶', NULL, 0, NULL, NULL, 1667378703, 1667378703, NULL),
       (128, '✶ Джомолунгма ✶', NULL, 0, NULL, NULL, 1667379095, 1667379095, NULL),
       (129, '✶ Королевна ✶', NULL, 0, NULL, NULL, 1667379303, 1667379303, NULL),
       (130, '✶ Листопад ✶', NULL, 0, NULL, NULL, 1667379524, 1667379524, NULL),
       (131, '✶ Гинкго ✶', NULL, 0, NULL, NULL, 1667379796, 1667379796, NULL),
       (132, '✶ Monstera delicat ✶', NULL, 0, NULL, NULL, 1667380233, 1667380233, NULL),
       (133, '✶ Калатея Мисти ✶', NULL, 0, NULL, NULL, 1667380438, 1667380438, NULL),
       (134, '✶ Арт 1 ✶', NULL, 0, NULL, NULL, 1667380849, 1667380849, NULL),
       (135, '✶ Тигр ✶', NULL, 0, NULL, NULL, 1667381105, 1667381105, NULL),
       (136, '✶ Лисичка ✶', NULL, 0, NULL, NULL, 1667381270, 1667381270, NULL),
       (137, '✶ Кофе ветвь ✶', NULL, 0, NULL, NULL, 1667381593, 1667381593, NULL),
       (138, '✶ Колосок ✶', NULL, 0, NULL, NULL, 1667381764, 1667381764, NULL),
       (139, '✶ Круассан штрих ✶', NULL, 0, NULL, NULL, 1667382059, 1667382059, NULL),
       (140, '✶ Мята веточка ✶', NULL, 0, NULL, NULL, 1667382297, 1667382297, NULL),
       (141, '✶ Крапива ✶', NULL, 0, NULL, NULL, 1667382556, 1667382556, NULL),
       (142, '✶ Зебра принт✶', NULL, 0, NULL, NULL, 1667382801, 1667382801, NULL),
       (143, '✶ Лилия ✶', NULL, 0, NULL, NULL, 1667382937, 1667382937, NULL),
       (144, '✶ Фисташка ✶', NULL, 0, NULL, NULL, 1667383211, 1667383211, NULL),
       (145, '✶ 4 Пёрышка ✶', NULL, 0, NULL, NULL, 1667383453, 1667383453, NULL),
       (146, '✶ Шеф ✶', NULL, 0, NULL, NULL, 1667383640, 1667383640, NULL),
       (147, '✶ Енот ✶', NULL, 0, NULL, NULL, 1667383806, 1667383806, NULL),
       (148, '✶ Кинза ✶', NULL, 0, NULL, NULL, 1667383945, 1667383945, NULL),
       (149, '✶ Папоротник Хилла ✶', NULL, 0, NULL, NULL, 1667384251, 1667384251, NULL),
       (150, '✶ Арт 2 ✶', NULL, 0, NULL, NULL, 1667384405, 1667384405, NULL),
       (151, '✶ Карп ✶', NULL, 0, NULL, NULL, 1667384621, 1667384621, NULL),
       (152, '✶ Дуэт ✶', NULL, 0, NULL, NULL, 1667412921, 1667412921, NULL),
       (153, '✶ Акация Орео ✶', NULL, 0, NULL, NULL, 1667413219, 1667413219, NULL),
       (154, '✶ Акация Пята ✶', NULL, 0, NULL, NULL, 1667413424, 1667413424, NULL),
       (155, '✶ Абрикос Озеро ✶', NULL, 0, NULL, NULL, 1667413938, 1667413938, NULL),
       (156, '✶ Акация MAX ✶', NULL, 0, NULL, NULL, 1667414188, 1667414188, NULL),
       (157, '✶ Абрикос Сет ✶', NULL, 0, NULL, NULL, 1667414462, 1667414462, NULL);

TRUNCATE `ax_gallery_has_resource`;
INSERT INTO `ax_gallery_has_resource` (`gallery_id`, `resource`, `resource_id`)
VALUES (1, 'ax_page', 2),
       (38, 'ax_catalog_product', 8),
       (39, 'ax_catalog_product', 2),
       (40, 'ax_catalog_product', 3),
       (41, 'ax_catalog_product', 4),
       (42, 'ax_catalog_product', 5),
       (43, 'ax_catalog_product', 6),
       (44, 'ax_catalog_product', 7),
       (45, 'ax_catalog_product', 9),
       (46, 'ax_catalog_product', 10),
       (47, 'ax_catalog_product', 11),
       (48, 'ax_catalog_product', 12),
       (49, 'ax_catalog_product', 13),
       (50, 'ax_catalog_product', 14),
       (51, 'ax_catalog_product', 15),
       (52, 'ax_catalog_product', 16),
       (53, 'ax_catalog_product', 17),
       (54, 'ax_catalog_product', 18),
       (55, 'ax_catalog_product', 19),
       (56, 'ax_catalog_product', 20),
       (57, 'ax_catalog_product', 21),
       (58, 'ax_catalog_product', 22),
       (59, 'ax_catalog_product', 23),
       (60, 'ax_catalog_product', 24),
       (61, 'ax_catalog_product', 25),
       (62, 'ax_catalog_product', 26),
       (63, 'ax_catalog_product', 27),
       (64, 'ax_catalog_product', 28),
       (65, 'ax_catalog_product', 29),
       (66, 'ax_catalog_product', 30),
       (67, 'ax_catalog_product', 31),
       (68, 'ax_catalog_product', 32),
       (69, 'ax_catalog_product', 33),
       (70, 'ax_catalog_product', 34),
       (71, 'ax_catalog_product', 35),
       (72, 'ax_catalog_product', 36),
       (73, 'ax_catalog_product', 37),
       (74, 'ax_catalog_product', 38),
       (75, 'ax_catalog_product', 39),
       (76, 'ax_catalog_product', 40),
       (77, 'ax_catalog_product', 41),
       (78, 'ax_catalog_product', 42),
       (79, 'ax_catalog_product', 43),
       (80, 'ax_catalog_product', 44),
       (81, 'ax_catalog_product', 45),
       (82, 'ax_catalog_product', 46),
       (83, 'ax_catalog_product', 47),
       (84, 'ax_catalog_product', 48),
       (85, 'ax_catalog_product', 49),
       (86, 'ax_catalog_product', 50),
       (87, 'ax_catalog_product', 51),
       (88, 'ax_catalog_product', 52),
       (89, 'ax_catalog_product', 53),
       (90, 'ax_catalog_product', 54),
       (91, 'ax_catalog_product', 56),
       (92, 'ax_catalog_product', 57),
       (93, 'ax_catalog_product', 58),
       (94, 'ax_catalog_product', 59),
       (95, 'ax_catalog_product', 60),
       (96, 'ax_catalog_product', 61),
       (97, 'ax_catalog_product', 62),
       (98, 'ax_catalog_product', 63),
       (99, 'ax_catalog_product', 64),
       (100, 'ax_catalog_product', 65),
       (101, 'ax_catalog_product', 66),
       (102, 'ax_catalog_product', 67),
       (103, 'ax_catalog_product', 68),
       (104, 'ax_catalog_product', 69),
       (105, 'ax_catalog_product', 70),
       (106, 'ax_catalog_product', 71),
       (107, 'ax_catalog_product', 72),
       (108, 'ax_catalog_product', 73),
       (109, 'ax_catalog_product', 74),
       (110, 'ax_catalog_product', 75),
       (111, 'ax_catalog_product', 76),
       (112, 'ax_catalog_product', 77),
       (113, 'ax_catalog_product', 78),
       (114, 'ax_catalog_product', 79),
       (115, 'ax_catalog_product', 80),
       (116, 'ax_catalog_product', 81),
       (117, 'ax_catalog_product', 82),
       (118, 'ax_catalog_product', 83),
       (119, 'ax_catalog_product', 84),
       (120, 'ax_catalog_product', 85),
       (121, 'ax_catalog_product', 86),
       (122, 'ax_catalog_product', 87),
       (123, 'ax_catalog_product', 88),
       (124, 'ax_catalog_product', 91),
       (125, 'ax_catalog_product', 92),
       (126, 'ax_catalog_product', 93),
       (127, 'ax_catalog_product', 94),
       (128, 'ax_catalog_product', 95),
       (129, 'ax_catalog_product', 96),
       (130, 'ax_catalog_product', 97),
       (131, 'ax_catalog_product', 98),
       (132, 'ax_catalog_product', 99),
       (133, 'ax_catalog_product', 100),
       (134, 'ax_catalog_product', 101),
       (135, 'ax_catalog_product', 102),
       (136, 'ax_catalog_product', 103),
       (137, 'ax_catalog_product', 104),
       (138, 'ax_catalog_product', 105),
       (139, 'ax_catalog_product', 106),
       (140, 'ax_catalog_product', 108),
       (141, 'ax_catalog_product', 109),
       (142, 'ax_catalog_product', 110),
       (143, 'ax_catalog_product', 111),
       (144, 'ax_catalog_product', 112),
       (145, 'ax_catalog_product', 113),
       (146, 'ax_catalog_product', 114),
       (147, 'ax_catalog_product', 115),
       (148, 'ax_catalog_product', 116),
       (149, 'ax_catalog_product', 118),
       (150, 'ax_catalog_product', 119),
       (151, 'ax_catalog_product', 120),
       (152, 'ax_catalog_product', 121),
       (153, 'ax_catalog_product', 122),
       (154, 'ax_catalog_product', 123),
       (155, 'ax_catalog_product', 124),
       (156, 'ax_catalog_product', 125),
       (157, 'ax_catalog_product', 126);

TRUNCATE `ax_gallery_image`;
INSERT INTO `ax_gallery_image` (`id`, `gallery_id`, `image`, `title`, `description`, `sort`, `created_at`, `updated_at`,
                                `deleted_at`)
VALUES (1, 1, '/upload/ax_page/portfolio/cJtlLHiljk3DGMHPS0AlBDMVFbaYrpbnEvqHSrWW.jpeg', NULL, NULL, 1, 1651608268,
        1653164362, NULL),
       (2, 1, '/upload/ax_page/portfolio/4eglk2kDJMd2T8oPTx0c9CVVdpShk6IRXftPkqsk.jpeg', NULL, NULL, 2, 1651608268,
        1653164362, NULL),
       (3, 1, '/upload/ax_page/portfolio/DXSDTbeAdneH1a3JSGq98VY3p6lU4GI1I2vxmBGD.jpeg', NULL, NULL, 3, 1651608268,
        1653164362, NULL),
       (8, 1, '/upload/ax_page/portfolio/VnEt0OgpXnhhEkDo8pYT8QKQz3nhEehaTXideaK9.jpeg', NULL, NULL, 4, 1651608269,
        1653164362, NULL),
       (11, 1, '/upload/ax_page/portfolio/hnfBB8aOuNXMXRuOLbsIXsRmNs4Uuw4v8x51He5K.jpeg', NULL, NULL, 5, 1651608269,
        1653164362, NULL),
       (13, 1, '/upload/ax_page/portfolio/ap7k9JbFhosEGZEHrwyixUVXEWZkXtMvnFD82b2n.jpeg', NULL, NULL, 6, 1651608269,
        1653164362, NULL),
       (16, 38, '/upload/ax_catalog_product/vorobushek/2UM3JytzjVrf95hnMpMuifc4IFB87wTimFrhCMGY.jpeg', NULL, NULL, NULL,
        1651692611, 1651692611, NULL),
       (17, 38, '/upload/ax_catalog_product/vorobushek/c7Flew4LcGCB6htoh1vtX4jxrkpIcbBsAJVJJcvL.jpeg', NULL, NULL, NULL,
        1651692611, 1651692611, NULL),
       (18, 38, '/upload/ax_catalog_product/vorobushek/3ZdjvvvFGw5SKSJZLqgMJbfvSXqHsASAqgCbCohz.jpeg', NULL, NULL, NULL,
        1651692611, 1651692611, NULL),
       (19, 39, '/upload/ax_catalog_product/zakat/g46EXwRf8xVQ93SvIr2MhvNiywJPUwvlgrblKjU1.jpeg', NULL, NULL, NULL,
        1651693175, 1651693175, NULL),
       (20, 40, '/upload/ax_catalog_product/rozmarin/fKl6bydY0qsxU4gbZweRULPdi4xW5OQFA1YOg78T.jpeg', NULL, NULL, NULL,
        1651693957, 1651693957, NULL),
       (21, 41, '/upload/ax_catalog_product/kruassan/ozFDdHJcWVOH8w2arJuuBwqtEgr8zQXNBhHJhU7J.jpeg', NULL, NULL, NULL,
        1651694072, 1651694072, NULL),
       (22, 42, '/upload/ax_catalog_product/artishok/f1nroxsMrpQeNmeYaQje5UirQEMExBawhmIdht3c.jpeg', NULL, NULL, NULL,
        1651694241, 1651694241, NULL),
       (23, 43, '/upload/ax_catalog_product/morkov/gx9I6UvoaYQJi7QOeIsIazzkyp5zHiyKKi0WYDeY.jpeg', NULL, NULL, NULL,
        1651694563, 1651694563, NULL),
       (24, 44, '/upload/ax_catalog_product/syr/B82c1WPW25LFBkYL4qLgPsCZ0Gai6FTtNLRnkqbV.jpeg', NULL, NULL, NULL,
        1651694793, 1651694793, NULL),
       (25, 45, '/upload/ax_catalog_product/forel/agIxNqwvtdF9RM4Zj2QRbPPA03SrEIHNUhaxLJRU.jpeg', NULL, NULL, NULL,
        1651696120, 1651696120, NULL),
       (26, 46, '/upload/ax_catalog_product/shtopor/QpmjhhXQeKmQ0GKab6HN0dKZuRw1yRpks132pe5c.jpeg', NULL, NULL, NULL,
        1651696887, 1651696887, NULL),
       (27, 47, '/upload/ax_catalog_product/paporotnik/vueeJZnbmYmBOfLHgPj4jmPx8AXOTIbswK2TiDUG.jpeg', NULL, NULL, NULL,
        1651697509, 1651697509, NULL),
       (28, 47, '/upload/ax_catalog_product/paporotnik/IKBbXDrUpCXrZHsAnB9akRxMsobq0UzkS2UCmA3N.jpeg', NULL, NULL, NULL,
        1651697509, 1651697509, NULL),
       (29, 48, '/upload/ax_catalog_product/glaz-zebry/CCv0orsGs1iRL7BLatOS6IKolay8uu9KCpSJOqY9.jpeg', NULL, NULL, NULL,
        1651698934, 1651698934, NULL),
       (32, 1, '/upload/ax_page/portfolio/pVubiik51qPPuYNNEO1TSF6VGvXYAxh4kN2kyIpL.jpeg', NULL, NULL, 7, 1653164362,
        1653164362, NULL),
       (33, 1, '/upload/ax_page/portfolio/sBvqPfOmyM7N2960Dj7gGfKe1o4K2HKqGxI2yRE1.jpeg', NULL, NULL, 8, 1653164362,
        1653164362, NULL),
       (34, 1, '/upload/ax_page/portfolio/wLZYvH7qsFq2ntFL1D1vhAQz0tqJE4wpVxpdKNp7.jpeg', NULL, NULL, 9, 1653164362,
        1653164362, NULL),
       (35, 1, '/upload/ax_page/portfolio/9fMVt9EUf9Z5T7vWN2UEd7NxPBNpntBU9MjgqEUL.jpeg', NULL, NULL, 10, 1653164362,
        1653164362, NULL),
       (36, 1, '/upload/ax_page/portfolio/Nn7Djuz1Q3J9JlRr1QGaLKGe8eILoBbDwgVCymIK.jpeg', NULL, NULL, 11, 1653164362,
        1653164362, NULL),
       (37, 1, '/upload/ax_page/portfolio/QnuHnrww2A3uhpeMRQ7vNae3vmHJOPKCAeIOverP.jpeg', NULL, NULL, 12, 1653164362,
        1653164362, NULL),
       (38, 1, '/upload/ax_page/portfolio/W2oRvUwHnFGp4WnML4g6THpxt0wmifR51ups2eC5.jpeg', NULL, NULL, 13, 1653164362,
        1653164362, NULL),
       (39, 1, '/upload/ax_page/portfolio/D3eNHYYCfBUsdRtvnNvJFt92rrzk8WV50i2iR3E2.jpeg', NULL, NULL, 14, 1653164362,
        1653164362, NULL),
       (40, 1, '/upload/ax_page/portfolio/srdJlCqNXZ1HzOlJfvbWuX0EOBTxUZGqiLLJ39Fv.jpeg', NULL, NULL, 15, 1653164362,
        1653164362, NULL),
       (41, 1, '/upload/ax_page/portfolio/rRcHmrN3NfUoxPu3vUhIYpSJVe6yuf4EQ1163SKV.jpeg', NULL, NULL, 16, 1653164362,
        1653164362, NULL),
       (42, 1, '/upload/ax_page/portfolio/T84QRKVu1Va3yA2FGQ3gFw1wro0fXRGASdvb95WJ.jpeg', NULL, NULL, 18, 1653164362,
        1653164362, NULL),
       (43, 1, '/upload/ax_page/portfolio/I4cbeVfSvP90MJGVa6nr8F7nrnbyIWrCWBXauEuB.jpeg', NULL, NULL, 19, 1653164362,
        1653164362, NULL),
       (44, 1, '/upload/ax_page/portfolio/6VuoOaMvyRH62eaBqt4ZEHHlJ3OtcjOdmfhbrfxA.jpeg', NULL, NULL, 20, 1653164362,
        1653164362, NULL),
       (45, 49, '/upload/ax_catalog_product/morskaya-zvezda/yROhIAJ7XNTVQCWd2AVxgsblmhsRx9ry9oev60mE.jpeg', NULL, NULL,
        NULL, 1653288715, 1653288715, NULL),
       (46, 49, '/upload/ax_catalog_product/morskaya-zvezda/pnpp6FQGAAvRjwYqBME6c89V0woHcybpY7HuoFBV.jpeg', NULL, NULL,
        NULL, 1653288715, 1653288715, NULL),
       (47, 49, '/upload/ax_catalog_product/morskaya-zvezda/8pTMyP63epoSMqv95sIQP0089rR1Qw4S3djr2zwu.jpeg', NULL, NULL,
        NULL, 1653288715, 1653288715, NULL),
       (48, 49, '/upload/ax_catalog_product/morskaya-zvezda/kTHRtZahh1XOdPTqDwUmrjxYwq6TCv1d0XsmaI0C.jpeg', NULL, NULL,
        NULL, 1653288715, 1653288715, NULL),
       (49, 50, '/upload/ax_catalog_product/solnce/qaQ6LDD4UgEwbkJYkGNJtGNFd2FJmNoMBiUbjrV0.jpeg', NULL, NULL, NULL,
        1653290119, 1653290119, NULL),
       (50, 50, '/upload/ax_catalog_product/solnce/c960tJ7zssSKqB9nxJQt0AXzYvk848kyEsy4aKhu.jpeg', NULL, NULL, NULL,
        1653290119, 1653290119, NULL),
       (51, 50, '/upload/ax_catalog_product/solnce/PPKDSUYJ2SD3TYenhYDMFNVXwWToMlN09VBOvbZj.jpeg', NULL, NULL, NULL,
        1653290119, 1653290119, NULL),
       (52, 50, '/upload/ax_catalog_product/solnce/TvnA7jOS6h6oDkby2iKbVjbcgeU1mCt0Qdh1PKZx.jpeg', NULL, NULL, NULL,
        1653290119, 1653290119, NULL),
       (53, 50, '/upload/ax_catalog_product/solnce/8vM0y6kglPdxWRQpLKaExdWUL5hKVoDl2qltCoAC.jpeg', NULL, NULL, NULL,
        1653290119, 1653290119, NULL),
       (54, 51, '/upload/ax_catalog_product/bambuk/MNkpGgndFS2iavMHu2jTpRpsvS3Xh8x1A0EFyqd7.jpeg', NULL, NULL, NULL,
        1653292160, 1653292160, NULL),
       (55, 51, '/upload/ax_catalog_product/bambuk/5oPQRaNgRtKI3eN380ofkQhDmYwlMbyTh7RxsIFV.jpeg', NULL, NULL, NULL,
        1653292160, 1653292160, NULL),
       (56, 51, '/upload/ax_catalog_product/bambuk/0P26oXuajyi92rtWMQaPU3g0m5w2Uu0NgZuJR3Ig.jpeg', NULL, NULL, NULL,
        1653292160, 1653292160, NULL),
       (57, 52, '/upload/ax_catalog_product/solnce-1/gXHF132QO1930D0qxbF3hG5opTKVByE29Xa7vXsi.jpeg', NULL, NULL, NULL,
        1653293717, 1653293717, NULL),
       (58, 52, '/upload/ax_catalog_product/solnce-1/w5BHAxkB7r7kZdc4N15mHEIEmdpvLSauffEBl6cB.jpeg', NULL, NULL, NULL,
        1653293717, 1653293717, NULL),
       (59, 52, '/upload/ax_catalog_product/solnce-1/s44415Oqtw3FXuTiQRAQfJOyrSDXvJNqIK3tp3n2.jpeg', NULL, NULL, NULL,
        1653293717, 1653293717, NULL),
       (60, 52, '/upload/ax_catalog_product/solnce-1/g4MpBJ09dJtOjsoBsEm6NCgP4Agf92QEmUNqK7bo.jpeg', NULL, NULL, NULL,
        1653293717, 1653293717, NULL),
       (61, 53, '/upload/ax_catalog_product/luna/fBTMveeXEYAPk89FhQhTtNpuqm1OcQkY0Cgxfluq.jpeg', NULL, NULL, NULL,
        1653294751, 1653294751, NULL),
       (62, 53, '/upload/ax_catalog_product/luna/gIR9DeLGAw7u6RE5CUJqaF5eqDI6Tq4yQc52EGXK.jpeg', NULL, NULL, NULL,
        1653294751, 1653294751, NULL),
       (63, 53, '/upload/ax_catalog_product/luna/sis8reNjgctXxZZkydlqgSZaJ4mPUl48kXyGhfqK.jpeg', NULL, NULL, NULL,
        1653294751, 1653294751, NULL),
       (64, 54, '/upload/ax_catalog_product/shokoladnaya-karamel/L2Zlbn0pmnzIgBEsMiZvgdEftBcByOwUEizRRfx6.jpeg', NULL,
        NULL, NULL, 1653295313, 1653295313, NULL),
       (65, 54, '/upload/ax_catalog_product/shokoladnaya-karamel/fonHrAQG9pKIWpkVwXeWqSKt09X8fKhu3tZwBIDN.jpeg', NULL,
        NULL, NULL, 1653295313, 1653295313, NULL),
       (66, 55, '/upload/ax_catalog_product/lodochka/S7eEgvHJYBiTYOnX5UT6MWNpcLe0FKPMDTxrkGdr.jpeg', NULL, NULL, NULL,
        1653297753, 1653297753, NULL),
       (67, 55, '/upload/ax_catalog_product/lodochka/iruznH6Q9LL6kEMsAgPvbeyznDMENsa9s3h0JPgx.jpeg', NULL, NULL, NULL,
        1653297753, 1653297753, NULL),
       (68, 56, '/upload/ax_catalog_product/lodochka-1/FAjH6E6AaXPrw9j7OdcGH2XH5R4uQTCB2MP0yuNO.jpeg', NULL, NULL, NULL,
        1653298136, 1653298136, NULL),
       (69, 56, '/upload/ax_catalog_product/lodochka-1/GG8frj1MYiEh04MTDcHUQOh6IJJag66rGt1cIhde.jpeg', NULL, NULL, NULL,
        1653298136, 1653298136, NULL),
       (70, 57, '/upload/ax_catalog_product/lodochka-mini/6Jeo9BkvPhRi7gZR8ZCJYstbmCDl8JYl2BuL19qx.jpeg', NULL, NULL,
        NULL, 1653298827, 1653298827, NULL),
       (71, 57, '/upload/ax_catalog_product/lodochka-mini/FR3EWawYcWjuOdhV5Nzbnr5Sv1OzMYpaWH4MeLsr.jpeg', NULL, NULL,
        NULL, 1653298827, 1653298827, NULL),
       (72, 58, '/upload/ax_catalog_product/lodochka-mini-1/xG623InCgkiUa7YGJJFObv6arcIPT1nnIucoWMCZ.jpeg', NULL, NULL,
        NULL, 1653299413, 1653299413, NULL),
       (73, 58, '/upload/ax_catalog_product/lodochka-mini-1/JH5CSov8mMv8kLhlBkyUF5gvAozZuK7UfW3BlZlv.jpeg', NULL, NULL,
        NULL, 1653299413, 1653299413, NULL),
       (74, 59, '/upload/ax_catalog_product/ahoy/yQpmXiyvRhOFuurbwP2mKCQWI6lveHLEozmsDP3J.jpeg', NULL, NULL, NULL,
        1653300004, 1653300004, NULL),
       (75, 59, '/upload/ax_catalog_product/ahoy/MaWXLmdlTvjlB6aNkYMUnTIxYTpFsQtsKFnr4WUj.jpeg', NULL, NULL, NULL,
        1653300004, 1653300004, NULL),
       (76, 59, '/upload/ax_catalog_product/ahoy/tGo6qNlwCJd4pwrceNU1tbBavKI7lOsZIo4t5pxp.jpeg', NULL, NULL, NULL,
        1653300004, 1653300004, NULL),
       (77, 60, '/upload/ax_catalog_product/listik-pyoryshko/YdjVUt2imNnaiop1a2mYxr6opOOjsNtx6t0O1MxF.jpeg', NULL, NULL,
        NULL, 1653300798, 1653300798, NULL),
       (78, 60, '/upload/ax_catalog_product/listik-pyoryshko/kFR51R49evllCeBz2YIMPWnrvBI1q9IEmkYIz0aN.jpeg', NULL, NULL,
        NULL, 1653300798, 1653300798, NULL),
       (79, 60, '/upload/ax_catalog_product/listik-pyoryshko/RtLkDJ8hRNwoWBoFlrxYLe4pMyCosjGRvwUArAUV.jpeg', NULL, NULL,
        NULL, 1653300798, 1653300798, NULL),
       (80, 61, '/upload/ax_catalog_product/avokado/HyMp6tCsESguyiWUoBA8O0vQ0RCO94ATmBvrpbTj.jpeg', NULL, NULL, NULL,
        1653301239, 1653301239, NULL),
       (81, 61, '/upload/ax_catalog_product/avokado/P0UfSN2drKuUqxwAiavJ61swQ4ExGCHxclImJsVJ.jpeg', NULL, NULL, NULL,
        1653301239, 1653301239, NULL),
       (82, 62, '/upload/ax_catalog_product/ukrop/uYV0gPp7gEgjASpM1Mt3sNANFho4mzupE5ytuoX8.jpeg', NULL, NULL, NULL,
        1653301580, 1653301580, NULL),
       (83, 62, '/upload/ax_catalog_product/ukrop/9msRAzzDQ9yZspKfIxMcpMeQhf917awBOs84g0N3.jpeg', NULL, NULL, NULL,
        1653301580, 1653301580, NULL),
       (84, 63, '/upload/ax_catalog_product/plamya-fitilka/kJiqRiysOaRKdeUhsju8PeVYmYNudVzKn3zFg9CC.jpeg', NULL, NULL,
        NULL, 1653302115, 1653302115, NULL),
       (85, 63, '/upload/ax_catalog_product/plamya-fitilka/qEoj6ukoAi0BfGACrtCmswJbPPKoi2LVT3YdSIzZ.jpeg', NULL, NULL,
        NULL, 1653302115, 1653302115, NULL),
       (86, 63, '/upload/ax_catalog_product/plamya-fitilka/hVLq9wSG4eYOWXm7p2o8tQJsfjmWWCjxUwfpigsM.jpeg', NULL, NULL,
        NULL, 1653302115, 1653302115, NULL),
       (87, 64, '/upload/ax_catalog_product/kolokaziya/0DUOWsfoA5YLRaFlzsOSTXsxzKclvtBcgs7tqPHX.jpeg', NULL, NULL, NULL,
        1653303010, 1653303010, NULL),
       (88, 64, '/upload/ax_catalog_product/kolokaziya/N1IVeRdeOh2fwY3Reoup66LYK0rM8h98MFzbKz9h.jpeg', NULL, NULL, NULL,
        1653303010, 1653303010, NULL),
       (89, 65, '/upload/ax_catalog_product/obereg/SQnn9sEjcgO6iLELXNfPihkrfK7nDxUDfbCyI9K5.jpeg', NULL, NULL, NULL,
        1653367609, 1653367609, NULL),
       (90, 65, '/upload/ax_catalog_product/obereg/nmXcKIss0EOi8lu366oTX061uxPWzqtIyi9hzl4y.jpeg', NULL, NULL, NULL,
        1653367609, 1653367609, NULL),
       (91, 66, '/upload/ax_catalog_product/karamel-max/0hjE7I8goDVB0EQ4ukekvIKv4M1A0TURwVK80Kxa.jpeg', NULL, NULL,
        NULL, 1653369320, 1653369320, NULL),
       (92, 66, '/upload/ax_catalog_product/karamel-max/wocaG6A2KdpONw09EsXpvGkD8m8QrDPymmd8LsXZ.jpeg', NULL, NULL,
        NULL, 1653369320, 1653369320, NULL),
       (93, 66, '/upload/ax_catalog_product/karamel-max/hBnT5BZ2bcLktOIjqg6BXutadk7GMXWIZoXJBb8R.jpeg', NULL, NULL,
        NULL, 1653369320, 1653369320, NULL),
       (94, 66, '/upload/ax_catalog_product/karamel-max/Ze6Bk3zH2nkV2nPtQQFWU6d12tkvgx3KA61tCafY.jpeg', NULL, NULL,
        NULL, 1653369320, 1653369320, NULL),
       (95, 66, '/upload/ax_catalog_product/karamel-max/92ItRgila9hdvjnOxzvPoBvcnEDACkvVqfjO0i6I.jpeg', NULL, NULL,
        NULL, 1653369320, 1653369320, NULL),
       (96, 67, '/upload/ax_catalog_product/karamel-max-1/Ivu6a9njGlAXuV7i3Lhhlii8Y0Dgw5NBxZAg6BMo.jpeg', NULL, NULL, 5,
        1653369906, 1653369950, NULL),
       (97, 67, '/upload/ax_catalog_product/karamel-max-1/SLN3yFTxu8swvmeOMRJb7FpjMRs5NAfSBDNu8VjU.jpeg', NULL, NULL, 2,
        1653369906, 1653369950, NULL),
       (98, 67, '/upload/ax_catalog_product/karamel-max-1/PiCmQqbDJxxZlpayOlG6tXgkzHcHba4QHS8wcBmd.jpeg', NULL, NULL, 3,
        1653369906, 1653369950, NULL),
       (99, 67, '/upload/ax_catalog_product/karamel-max-1/8L5ZQn9MYmJMBu8tC03bOmg5fRm522JYW3AfiKtD.jpeg', NULL, NULL, 4,
        1653369906, 1653369950, NULL),
       (100, 67, '/upload/ax_catalog_product/karamel-max-1/4szJ4NsI69WXdt8je6SDdiepYqZXhsmUgolpe1Om.jpeg', NULL, NULL,
        1, 1653369906, 1653369950, NULL),
       (101, 68, '/upload/ax_catalog_product/lukovka/wMsyEdFfDAVbcUIhQ40zIyaJBWWSvivBUvpMBEVH.jpeg', NULL, NULL, NULL,
        1653371682, 1653371682, NULL),
       (102, 68, '/upload/ax_catalog_product/lukovka/SDVWXtCAAqu5IJdDLKjWapGqZxrkSrgzajKKf3ay.jpeg', NULL, NULL, NULL,
        1653371682, 1653371682, NULL),
       (103, 69, '/upload/ax_catalog_product/fuksiya/4pYdjHKfOTzVHECuawWtl9Vhp6ecvyniB3tA8VcG.jpeg', NULL, NULL, NULL,
        1653372215, 1653372215, NULL),
       (104, 69, '/upload/ax_catalog_product/fuksiya/hXf8CuO53uGYxMWQQtHlbrOAMDcrqJa2HsMhKBqp.jpeg', NULL, NULL, NULL,
        1653372215, 1653372215, NULL),
       (105, 70, '/upload/ax_catalog_product/zebra/mauo6kp5JgJULmgSsUKsBqvc6xPIdNOJYpmLMePI.jpeg', NULL, NULL, NULL,
        1653373045, 1653373045, NULL),
       (106, 70, '/upload/ax_catalog_product/zebra/mkovw9s4BQwG4wnp59FDuNxkoOYNRmi43Un1OkjP.jpeg', NULL, NULL, NULL,
        1653373045, 1653373045, NULL),
       (107, 71, '/upload/ax_catalog_product/babochka/8XomVZ6DrMM2ldg4mh4Shb0zqEG579KwP96oupD3.jpeg', NULL, NULL, NULL,
        1653373820, 1653373820, NULL),
       (108, 71, '/upload/ax_catalog_product/babochka/LMqghezMsN4ffsor2wt1W6DFmyzBQlyLmapf7hZr.jpeg', NULL, NULL, NULL,
        1653373820, 1653373820, NULL),
       (109, 71, '/upload/ax_catalog_product/babochka/kcst2w1rCM3N2b5AXlcLVvjJxqMZw3elbomwRZY5.jpeg', NULL, NULL, NULL,
        1653373820, 1653373820, NULL),
       (110, 71, '/upload/ax_catalog_product/babochka/zXe1DEiZxQaMhZ23lT1PJ50FlR5JtWEgoatuyc6W.jpeg', NULL, NULL, NULL,
        1653373820, 1653373820, NULL),
       (111, 72, '/upload/ax_catalog_product/baguette/pENVLzWBYaj2THlJdHNdxewjCTqBuCPXAeiHpGOX.jpeg', NULL, NULL, NULL,
        1653374302, 1653374302, NULL),
       (112, 72, '/upload/ax_catalog_product/baguette/r1tTxCFB8jwhMc4MVH6xCuSkELriBuFif0238w4t.jpeg', NULL, NULL, NULL,
        1653374302, 1653374302, NULL),
       (113, 73, '/upload/ax_catalog_product/limon/gyTS6naj74YPoNmv2vZaDDEBfhI7Z7hDb4ajzTb0.jpeg', NULL, NULL, NULL,
        1653375243, 1653375243, NULL),
       (114, 73, '/upload/ax_catalog_product/limon/Up2lYwLX64Hvk5PrhjPyhUvSzueZuAzri1m6A1WF.jpeg', NULL, NULL, NULL,
        1653375243, 1653375243, NULL),
       (115, 74, '/upload/ax_catalog_product/sinij-kit/KewFR5qgrK9SUOWyzrK1sQFkrwocofjl8R9dwol2.jpeg', NULL, NULL, NULL,
        1653376122, 1653376122, NULL),
       (116, 74, '/upload/ax_catalog_product/sinij-kit/yf15ieLWdPst5IEVqNrrIP2Dg2DNkXAzpSWEXew2.jpeg', NULL, NULL, NULL,
        1653376122, 1653376122, NULL),
       (117, 75, '/upload/ax_catalog_product/forel-karandashom/F1B963N3cDlfXTpHtvTgO9DeaHGZ2Kc6zoGWccVH.jpeg', NULL,
        NULL, NULL, 1653377011, 1653377011, NULL),
       (118, 75, '/upload/ax_catalog_product/forel-karandashom/owyNE2H2JioNEurq7Drho9pFrxrcPc8wekQd5VvM.jpeg', NULL,
        NULL, NULL, 1653377011, 1653377011, NULL),
       (119, 76, '/upload/ax_catalog_product/cvetok-mandala/9J3kwsKClitxylitE55MzW7IrRCvQ6KSWU0LNyHp.jpeg', NULL, NULL,
        NULL, 1653377639, 1653377639, NULL),
       (120, 76, '/upload/ax_catalog_product/cvetok-mandala/tCyuGZGBBECMAZkVKc8ypMqZ3AVwPs6kTnSM7A7E.jpeg', NULL, NULL,
        NULL, 1653377639, 1653377639, NULL),
       (121, 77, '/upload/ax_catalog_product/izyashnyj-rozmarin/UYlo78McGdtADNToniP4wkPII5d6vQrBPZJiByol.jpeg', NULL,
        NULL, NULL, 1653379570, 1653379570, NULL),
       (122, 77, '/upload/ax_catalog_product/izyashnyj-rozmarin/hRZV0JBkQFruSnb2ukIGNe0lQvhahr28t1xbKmiZ.jpeg', NULL,
        NULL, NULL, 1653379570, 1653379570, NULL),
       (123, 77, '/upload/ax_catalog_product/izyashnyj-rozmarin/kyDeWIi5R2N6p5W84V2PJc2aJmDRezNHzPTPaTJX.jpeg', NULL,
        NULL, NULL, 1653379570, 1653379570, NULL),
       (124, 78, '/upload/ax_catalog_product/neptuneya/RsrvcTc8B4pL7hYfibIwb0ddA1VkqKHsbooeEvTp.jpeg', NULL, NULL, NULL,
        1653381142, 1653381142, NULL),
       (125, 78, '/upload/ax_catalog_product/neptuneya/rwfHgaVV8Kmb0qynTdW0HlBxjfDN6Mv3ZzV7GsC1.jpeg', NULL, NULL, NULL,
        1653381142, 1653381142, NULL),
       (126, 78, '/upload/ax_catalog_product/neptuneya/qBA1a7fhvutVt1qMtaPb2Wm5C0s24OXJZ317JZgU.jpeg', NULL, NULL, NULL,
        1653381142, 1653381142, NULL),
       (127, 79, '/upload/ax_catalog_product/nautilida/ZEMkNI1IksJhJbhwgANhFRV2mUNbfCEy8sw5ZCr9.jpeg', NULL, NULL, NULL,
        1653381908, 1653381908, NULL),
       (128, 79, '/upload/ax_catalog_product/nautilida/dHJx0aDSUeZOX6kkkEaVXDJzt2yfn8uwhfZOhvfc.jpeg', NULL, NULL, NULL,
        1653381908, 1653381908, NULL),
       (129, 79, '/upload/ax_catalog_product/nautilida/gn3GzetwM2enDUN4xsQsOQ9sR92EQoUb9rtOpXSz.jpeg', NULL, NULL, NULL,
        1653381908, 1653381908, NULL),
       (130, 80, '/upload/ax_catalog_product/ryby-ryby/Zj9HUDDEkqsomg0IcnNuZKpdumx7jo5jZY7xMpSr.jpeg', NULL, NULL, NULL,
        1653382697, 1653382697, NULL),
       (131, 80, '/upload/ax_catalog_product/ryby-ryby/PFNVYwCnZXuiveh79M8McmDO0rEgjmkMWZ51VnHx.jpeg', NULL, NULL, NULL,
        1653382697, 1653382697, NULL),
       (132, 80, '/upload/ax_catalog_product/ryby-ryby/nC2ik3cIgOvb3tXU53jipW6qe5HKFsyV7wkkBbFU.jpeg', NULL, NULL, NULL,
        1653382697, 1653382697, NULL),
       (133, 81, '/upload/ax_catalog_product/trubach/QpHhclDBlDw8ITjPCFUyGCKS9EbNx2ypgAveaNV0.jpeg', NULL, NULL, NULL,
        1653383699, 1653383699, NULL),
       (134, 81, '/upload/ax_catalog_product/trubach/wzsHpKZyHl4WfxGuTPUpSz4cYyG5d7M43grVUZbf.jpeg', NULL, NULL, NULL,
        1653383699, 1653383699, NULL),
       (135, 81, '/upload/ax_catalog_product/trubach/sg74NLXpxoPBu9E09oU7tTAyR11UwfmB5Rt7Omp2.jpeg', NULL, NULL, NULL,
        1653383699, 1653383699, NULL),
       (136, 82, '/upload/ax_catalog_product/kubiki-lda/BlxBDxOd6B337B1ZzwBnJk5LgaDLzCVdXfxhdyYj.jpeg', NULL, NULL,
        NULL, 1653384501, 1653384501, NULL),
       (137, 82, '/upload/ax_catalog_product/kubiki-lda/HE3t58Xm5WWUd7hL5PBPH6hHqZW8xC5AZhv8TDKo.jpeg', NULL, NULL,
        NULL, 1653384501, 1653384501, NULL),
       (138, 83, '/upload/ax_catalog_product/sardiny-moryachki/4hsSVmLp2ulr1BWvTTTZnjzbImJZEydISR1Z8cwq.jpeg', NULL,
        NULL, NULL, 1653385050, 1653385050, NULL),
       (139, 83, '/upload/ax_catalog_product/sardiny-moryachki/znj4hOkbexWgTNY0iNScbk4umVWEkHp3Iq7Jutv1.jpeg', NULL,
        NULL, NULL, 1653385050, 1653385050, NULL),
       (140, 83, '/upload/ax_catalog_product/sardiny-moryachki/VkY4DDUovEYVRCrG15IHzH7UwSqXKUEoqoJgYWsX.jpeg', NULL,
        NULL, NULL, 1653385050, 1653385050, NULL),
       (141, 84, '/upload/ax_catalog_product/lisichki/ovVlhS0u88cKaQcxVkxaVLX4uB5U2Eu7GaPYXwg7.jpeg', NULL, NULL, NULL,
        1653385494, 1653385494, NULL),
       (142, 84, '/upload/ax_catalog_product/lisichki/UgXY4Zf1Y7o5UlMCP44dXW8PyazCPUBcoNXujllR.jpeg', NULL, NULL, NULL,
        1653385494, 1653385494, NULL),
       (143, 84, '/upload/ax_catalog_product/lisichki/JpjqOEgCNUnYTJb1Q3ajgnD2QKQ3eCdTfNU9jfmf.jpeg', NULL, NULL, NULL,
        1653385494, 1653385494, NULL),
       (144, 84, '/upload/ax_catalog_product/lisichki/2efWCbtKKYxi87wDIpuCZv5jKZph6fMX716XSvW0.jpeg', NULL, NULL, NULL,
        1653385494, 1653385494, NULL),
       (145, 85, '/upload/ax_catalog_product/lev/89FB1b4walTXsfb6rkc2tKVIfrNDWd5WuycasvZH.jpeg', NULL, NULL, NULL,
        1653388341, 1653388341, NULL),
       (146, 85, '/upload/ax_catalog_product/lev/OZHSEI7nPGKKNqRBSFQAVTPSdmjrWCjbGPUmlYIK.jpeg', NULL, NULL, NULL,
        1653388341, 1653388341, NULL),
       (147, 85, '/upload/ax_catalog_product/lev/dWqbApgtrkNNRrKn2Sc9Eys5UN8vlQqG8NT4SQqa.jpeg', NULL, NULL, NULL,
        1653388341, 1653388341, NULL),
       (148, 85, '/upload/ax_catalog_product/lev/YeivuVFm0puaxiFU8F33C97VGMf0HfBEvBjft53x.jpeg', NULL, NULL, NULL,
        1653388341, 1653388341, NULL),
       (149, 86, '/upload/ax_catalog_product/mollyuski/9dgwMGwOyb6Jr3NhNwj82lR54uzBSSH22EbQqM1J.jpeg', NULL, NULL, NULL,
        1653388971, 1653388971, NULL),
       (150, 86, '/upload/ax_catalog_product/mollyuski/eRHlkefb3UO7f6NK8LwcbBITCkLLC19evAxOi2di.jpeg', NULL, NULL, NULL,
        1653388971, 1653388971, NULL),
       (151, 86, '/upload/ax_catalog_product/mollyuski/DaA1QJXOkhPEDZniATcLzgJlaXBQqScOVVyMmpmR.jpeg', NULL, NULL, NULL,
        1653388971, 1653388971, NULL),
       (152, 87, '/upload/ax_catalog_product/baton/ot2RYaNLdtE226lLUcrEAlwrymgcVIq38Gxe1VnZ.jpeg', NULL, NULL, NULL,
        1653390063, 1653390063, NULL),
       (153, 87, '/upload/ax_catalog_product/baton/YJQ6e0Imdmis00l1buCO6iKMWK2a13GduaeuIkAm.jpeg', NULL, NULL, NULL,
        1653390063, 1653390063, NULL),
       (154, 88, '/upload/ax_catalog_product/ezhevika/ms5sp4y7fXldizRyYuSjJp2TDP7KbdjRKTA6KMXK.jpeg', NULL, NULL, NULL,
        1653390495, 1653390495, NULL),
       (155, 88, '/upload/ax_catalog_product/ezhevika/f9bUcj1Yv3R8iSqJ6QUIkgH9PYeXHZpwGtU9YlvH.jpeg', NULL, NULL, NULL,
        1653390495, 1653390495, NULL),
       (158, 90, '/upload/ax_catalog_product/izyashnyj-bambuk/gvXrihOBrQHGn4xYd68vMzBtIkDHUzmjJ3uE0BMZ.jpeg', NULL,
        NULL, NULL, 1653391682, 1653391682, NULL),
       (159, 90, '/upload/ax_catalog_product/izyashnyj-bambuk/WvNOrKBgvJ2aThV3ZlU7B6TdqPN1OqIuD72eRAHi.jpeg', NULL,
        NULL, NULL, 1653391682, 1653391682, NULL),
       (160, 90, '/upload/ax_catalog_product/izyashnyj-bambuk/JOPtCyzYBNWiJ9DHcVV6mKv6KfUSMsQh1kfeFn3j.jpeg', NULL,
        NULL, NULL, 1653391682, 1653391682, NULL),
       (161, 90, '/upload/ax_catalog_product/izyashnyj-bambuk/jiKhS5umvW38oxmetcnipQHyQ3qYNXB1dcTglAfD.jpeg', NULL,
        NULL, NULL, 1653391682, 1653391682, NULL),
       (162, 1, '/upload/ax_page/portfolio/rj9pghe4cUTH2CKYCdDMSoGfso1GyvebwdIblFrM.jpeg', NULL, NULL, NULL, 1653500845,
        1653500845, NULL),
       (163, 89, '/upload/ax_catalog_product/maslo-vosk/ERFJMqG4K9Ef88SqRL21G6LHtGO6WkrporIT9pAq.jpeg', NULL, NULL, 1,
        1656324868, 1656324868, NULL),
       (164, 89, '/upload/ax_catalog_product/maslo-vosk/INAmwKWCB1IU8QjHeZjWmbLGHTiI3OqJ2KyiUIWI.jpeg', NULL, NULL, 3,
        1656324868, 1656324868, NULL),
       (165, 91, '/upload/ax_catalog_product/baklan/rzKKbnHSXBJjwiKJKx2HFeESQj85oIJgEPvMgkBM.jpeg', NULL, NULL, NULL,
        1656326085, 1656326085, NULL),
       (166, 91, '/upload/ax_catalog_product/baklan/hTdevFOlY1P5KOQ809Cl4s7pjQGGe8oOElYE4ew8.jpeg', NULL, NULL, NULL,
        1656326085, 1656326085, NULL),
       (167, 91, '/upload/ax_catalog_product/baklan/SRKmNVemGPOS9AVCRhsABtb1Ow9s3l3S8Ss7ExkO.jpeg', NULL, NULL, NULL,
        1656326085, 1656326085, NULL),
       (168, 91, '/upload/ax_catalog_product/baklan/ihTl3H34P8JVLd4Rc7F3rf4UYETpnYm461G8sECV.jpeg', NULL, NULL, NULL,
        1656326085, 1656326085, NULL),
       (169, 91, '/upload/ax_catalog_product/baklan/5tEYhNmbcJPVzkJeSaAQdS1ezUI4BklIWbT8OyQt.jpeg', NULL, NULL, NULL,
        1656326085, 1656326085, NULL),
       (170, 91, '/upload/ax_catalog_product/baklan/AZRGXtU31gIGh6nolOzK7QabPilMWIwlxRkzk4WP.jpeg', NULL, NULL, NULL,
        1656326085, 1656326085, NULL),
       (171, 92, '/upload/ax_catalog_product/shmel/jtF27Wi1SKKf7N1hZrHzzYpIkpOWY2k1CDEGp3KY.jpeg', NULL, NULL, 1,
        1656327069, 1656327069, NULL),
       (172, 92, '/upload/ax_catalog_product/shmel/BloH9r3XxGcZcKshat7JPfvy0FnY4KfviuuEQy8m.jpeg', NULL, NULL, 2,
        1656327069, 1656327069, NULL),
       (173, 92, '/upload/ax_catalog_product/shmel/T1wmm39Na4wFHdIVTLm3Y2SAXWfqwwyDPPIrAkXg.jpeg', NULL, NULL, 3,
        1656327069, 1656327069, NULL),
       (174, 92, '/upload/ax_catalog_product/shmel/oI7Oe12qbooHzXZBshPOylqGieUPdhX6rv5vXoLp.jpeg', NULL, NULL, 4,
        1656327069, 1656327069, NULL),
       (175, 92, '/upload/ax_catalog_product/shmel/ivgXyA8048RxVoJ4DJVaG1rsiGQkcZtnqR4wgUEt.jpeg', NULL, NULL, 5,
        1656327069, 1656327069, NULL),
       (176, 92, '/upload/ax_catalog_product/shmel/ILgHxvfgri3FM0kpGv3fZLJisFLoaRsFEYiJofz4.jpeg', NULL, NULL, 6,
        1656327069, 1656327069, NULL),
       (177, 93, '/upload/ax_catalog_product/syr-1/A8cEcgJ7NKBQyIabEAn6oH42jqN53SPjg5FDHYtG.jpeg', NULL, NULL, 1,
        1656327903, 1656327903, NULL),
       (178, 93, '/upload/ax_catalog_product/syr-1/2xl9TJzRskfjPgdml0hYkMRWN6GYezZthT8YvXm8.jpeg', NULL, NULL, 2,
        1656327903, 1656327903, NULL),
       (179, 93, '/upload/ax_catalog_product/syr-1/StJ8MaBCizvsXoQe61FUztYTY96d1Wdfup2Y3i7R.jpeg', NULL, NULL, 3,
        1656327903, 1656327903, NULL),
       (180, 93, '/upload/ax_catalog_product/syr-1/8JDS30wS61RIcF3VNlTLYyvgafrrc5ZbNH8WnaKI.jpeg', NULL, NULL, 6,
        1656327903, 1656327903, NULL),
       (181, 93, '/upload/ax_catalog_product/syr-1/fNzkqsCRlks3oilZu0ZMGnKpEGukrwTTwsmRqElc.jpeg', NULL, NULL, 7,
        1656327903, 1656327903, NULL),
       (182, 94, '/upload/ax_catalog_product/brokkoli/hyM0Tw8OAowxdPP9gv0LbpqGjv5DizXRCsa79BeQ.jpeg', NULL, NULL, 1,
        1656328324, 1656328324, NULL),
       (183, 94, '/upload/ax_catalog_product/brokkoli/p2Olh0IFscqGTlJXo3b4c5mrqWH6EflldCqzZImz.jpeg', NULL, NULL, 2,
        1656328324, 1656328324, NULL),
       (184, 94, '/upload/ax_catalog_product/brokkoli/XGia19LGQ0p5k06O4mo2b6frvlvtslB4pMnL4J64.jpeg', NULL, NULL, 3,
        1656328324, 1656328324, NULL),
       (185, 94, '/upload/ax_catalog_product/brokkoli/bpTvzIaUYdFriSkLMBz5rFKWWySAf47Tu60dNrhe.jpeg', NULL, NULL, 4,
        1656328324, 1656328324, NULL),
       (186, 95, '/upload/ax_catalog_product/h-akazie/v1jmsOeeEJb0UepppMXbxOHHNwHZ555ZCJHym7x0.jpeg', NULL, NULL, NULL,
        1656329296, 1656329296, NULL),
       (187, 95, '/upload/ax_catalog_product/h-akazie/uqZCUtPM5iHQthbYQ6m7uCjRHnBPWI0fGjegLPQo.jpeg', NULL, NULL, NULL,
        1656329296, 1656329296, NULL),
       (188, 95, '/upload/ax_catalog_product/h-akazie/a0zBrvrl7TlChdG46FQUdg5J4m55MbRliPX4VYFJ.jpeg', NULL, NULL, NULL,
        1656329296, 1656329296, NULL),
       (189, 95, '/upload/ax_catalog_product/h-akazie/ExcC3xtLqmKsgrdLfbP5vbpt898AadzwYBhoZhGf.jpeg', NULL, NULL, NULL,
        1656329296, 1656329296, NULL),
       (190, 95, '/upload/ax_catalog_product/h-akazie/n6luSC0pvqKWpsH2hrWZa2EZlhGIiD5nBMKI1xT2.jpeg', NULL, NULL, NULL,
        1656329296, 1656329296, NULL),
       (191, 95, '/upload/ax_catalog_product/h-akazie/BnFZVTuzUY9yT5gbiLiAk4uWWNJn7vTkMT87pssH.jpeg', NULL, NULL, NULL,
        1656329296, 1656329296, NULL),
       (193, 96, '/upload/ax_catalog_product/bazilik/1CYRlrB6HMfNETrSCokXMyLomzfS0UJXzUkMnOqO.jpeg', NULL, NULL, NULL,
        1656329802, 1656329802, NULL),
       (194, 96, '/upload/ax_catalog_product/bazilik/zKz6B3QZjF6YInAANwZlN8NBkpmyxwtscdQ83ltt.jpeg', NULL, NULL, NULL,
        1656329802, 1656329802, NULL),
       (195, 96, '/upload/ax_catalog_product/bazilik/OjDFidkDkNZ1MdgZkkaTEUCiuCJhUPrNDFtItjCY.jpeg', NULL, NULL, NULL,
        1656329802, 1656329802, NULL),
       (196, 96, '/upload/ax_catalog_product/bazilik/zXkzDsHnTbWjXLSswWY9TunUoZk4I8hEBWubVT1M.jpeg', NULL, NULL, NULL,
        1656329802, 1656329802, NULL),
       (197, 96, '/upload/ax_catalog_product/bazilik/3QMBHNd6UTqNtjNqDKlw42tJ5dzBo6h9LUVv0KPW.jpeg', NULL, NULL, NULL,
        1656329802, 1656329802, NULL),
       (198, 96, '/upload/ax_catalog_product/bazilik/gWaedcP3TEUpyvboR17nBRreOmwKlvUEf7YZJ8m4.jpeg', NULL, NULL, NULL,
        1656329802, 1656329802, NULL),
       (199, 96, '/upload/ax_catalog_product/bazilik/O8TMjxmgqBzrC7GPeHzuqhn1WT1ivJWsvgYpEA27.jpeg', NULL, NULL, NULL,
        1656329802, 1656329802, NULL),
       (200, 96, '/upload/ax_catalog_product/bazilik/3xUtwNgIqy3spUN1iYIREWu5sGG4LrDzNJQuZnN3.jpeg', NULL, NULL, NULL,
        1656329802, 1656329802, NULL),
       (201, 97, '/upload/ax_catalog_product/ananas/prfVlta14uC85kHXBMpCLqRleyailpU0okjTfDZS.jpeg', NULL, NULL, NULL,
        1656330555, 1656330555, NULL),
       (202, 97, '/upload/ax_catalog_product/ananas/DV1ycm8iSIFYLBiqJY9oxV20JZRe1db7woQir9QN.jpeg', NULL, NULL, NULL,
        1656330555, 1656330555, NULL),
       (203, 97, '/upload/ax_catalog_product/ananas/SkL98vmTur5iXy9MuquCF43miPaaRnQKIG6sNdqy.jpeg', NULL, NULL, NULL,
        1656330555, 1656330555, NULL),
       (204, 97, '/upload/ax_catalog_product/ananas/sTn1FU65t4sQf6xtLXWhPiNy1BGsBjUGlu8LeyMl.jpeg', NULL, NULL, NULL,
        1656330555, 1656330555, NULL),
       (205, 97, '/upload/ax_catalog_product/ananas/35ZkkZkORhOg8ZvFE9kNwV1BbZ09QBCQmiT5Cmii.jpeg', NULL, NULL, NULL,
        1656330555, 1656330555, NULL),
       (206, 97, '/upload/ax_catalog_product/ananas/hpozzpVApbRV6dn4QIQu4dVNoLZX4ACFeIoPErHB.jpeg', NULL, NULL, NULL,
        1656330555, 1656330555, NULL),
       (207, 98, '/upload/ax_catalog_product/lastochka/SKpK2M3rmmj1GNMLjY271l9WUPvTDh5IIqktyhJM.jpeg', NULL, NULL, NULL,
        1656331248, 1656331248, NULL),
       (208, 98, '/upload/ax_catalog_product/lastochka/z8bAog6jzjDXoaTgtHKdbWELL9Ysz7pfNz3mUz6o.jpeg', NULL, NULL, NULL,
        1656331248, 1656331248, NULL),
       (209, 98, '/upload/ax_catalog_product/lastochka/MfzH9qWsCf6vn7l4o7YbovMOkNvXvhWPb0fRJMLJ.jpeg', NULL, NULL, NULL,
        1656331248, 1656331248, NULL),
       (210, 98, '/upload/ax_catalog_product/lastochka/0dcdl0QcaSlFznXoWcbJOZIuH4M90bWAGOib32jP.jpeg', NULL, NULL, NULL,
        1656331248, 1656331248, NULL),
       (211, 98, '/upload/ax_catalog_product/lastochka/d4SruicGZNFEzcH8VIT5OlUkk73CjtnbnHrEwMY8.jpeg', NULL, NULL, NULL,
        1656331248, 1656331248, NULL),
       (212, 98, '/upload/ax_catalog_product/lastochka/xq8W3mJHk25Rh40gtzucrjh42im2Efgrulvc4n8h.jpeg', NULL, NULL, NULL,
        1656331248, 1656331248, NULL),
       (213, 98, '/upload/ax_catalog_product/lastochka/K6h6iHwFavqMaFuOB9z2t7L0BvCqWPy2DgWzeNIq.jpeg', NULL, NULL, NULL,
        1656331248, 1656331248, NULL),
       (214, 98, '/upload/ax_catalog_product/lastochka/YIonb1ZeVbWgL94Ag9yiYP0soWH7FtlhzFn8XQg2.jpeg', NULL, NULL, NULL,
        1656331248, 1656331248, NULL),
       (215, 99, '/upload/ax_catalog_product/bezmyatezhnost/cdelx01q58UGBzUlkNEOXTPuZ9IxiOBrntsclV5y.jpeg', NULL, NULL,
        NULL, 1656339124, 1656339124, NULL),
       (216, 99, '/upload/ax_catalog_product/bezmyatezhnost/uPqu6YdzVww79Oga0J6ZzIsHYQqsj2ZrGs5NRVKL.jpeg', NULL, NULL,
        NULL, 1656339124, 1656339124, NULL),
       (217, 99, '/upload/ax_catalog_product/bezmyatezhnost/1JOLD4wiW0HmZenCUElN9BNT0qFyplSFV2I4ld13.jpeg', NULL, NULL,
        NULL, 1656339124, 1656339124, NULL),
       (218, 100, '/upload/ax_catalog_product/sado-m/WUl5GJGvmx7zmIY20XUF8mQL1R9c4IXhOf8zEJks.jpeg', NULL, NULL, 1,
        1656339649, 1656339649, NULL),
       (219, 100, '/upload/ax_catalog_product/sado-m/PxFuacibbVedZj1cVPi0pedYLbWPIkmeK2H3of2y.jpeg', NULL, NULL, 2,
        1656339649, 1656339649, NULL),
       (220, 100, '/upload/ax_catalog_product/sado-m/pfbLvKdMEIXr76gLz2PLuWcScKNPssbCSDDmc7lf.jpeg', NULL, NULL, 3,
        1656339649, 1656339649, NULL),
       (221, 100, '/upload/ax_catalog_product/sado-m/3hRMsMZ1Hy7oGPfRY2flcUyeWrdbbwqX7zwe1iBM.jpeg', NULL, NULL, 4,
        1656339649, 1656339649, NULL),
       (222, 1, '/upload/ax_page/portfolio/G2RYWLWpBzJJvPWP9p0doXBUi0zZLMuX5WTph95X.jpeg', NULL, NULL, NULL, 1656341608,
        1656341608, NULL),
       (223, 1, '/upload/ax_page/portfolio/dMoyqSkEvizTfJvHuiKJO138XLeaGGoOQwTtUIv3.jpeg', '✶ Укроп ✶', NULL, NULL,
        1657285462, 1657285462, NULL),
       (224, 1, '/upload/ax_page/portfolio/ms1nmiEc6Te4Eq0G3Q6P9YG30Ev8dkg98n8TLdMi.jpeg', '✶ Лодочка mini ✶', NULL,
        NULL, 1657289138, 1657289138, NULL),
       (225, 1, '/upload/ax_page/portfolio/UacB7JhdG1PB87lfzYePboIECoUeswv6y2KnEDf5.jpeg', '✶ Розмарин ✶', NULL, NULL,
        1657289183, 1657289183, NULL),
       (226, 1, '/upload/ax_page/portfolio/CDgCxoIlNEMWAAP9AXFmMC6yjFbyHK6DlmltgVUZ.jpeg', '✶ Листик-Пёрышко ✶', NULL,
        NULL, 1657292408, 1657292408, NULL),
       (227, 1, '/upload/ax_page/portfolio/NZcWeBKpExdizAyTKgyO8P7Dhth87p0be3wz6Mgy.jpeg', '✶ Авокадо ✶', NULL, NULL,
        1657297534, 1657297534, NULL),
       (228, 1, '/upload/ax_page/portfolio/2iWmXVk3q4PTe6Z0j3VAzq8ZAZLh9lp2t5M4kDDf.jpeg', '✶ Кубики Льда ✶', NULL,
        NULL, 1657297552, 1657297552, NULL),
       (229, 1, '/upload/ax_page/portfolio/PSz8e2DSzuJJJmY1Dvy85LRrNbeWd4V3h8fahMey.jpeg', '✶ Бабочка ✶', NULL, NULL,
        1657297564, 1657297564, NULL),
       (230, 1, '/upload/ax_page/portfolio/wyRMt2ePOOJhMT4WWTZlSi9zZUKJgbNzG1OIErt6.jpeg', '✶ Баклан ✶', NULL, NULL,
        1657297576, 1657297576, NULL),
       (231, 1, '/upload/ax_page/portfolio/q4zdpNw4DIGyw4cPFB5yDb6RY7UqxpM3kiBS31W0.jpeg', '✶ Трубач ✶', NULL, NULL,
        1657297609, 1657297609, NULL),
       (232, 1, '/upload/ax_page/portfolio/dv5WDbT2A7aLkquSS7Fam7q6gDq1iIUbb9JNneoT.jpeg', '✶ Форель карандашом ✶',
        NULL, NULL, 1657304930, 1657304930, NULL),
       (233, 1, '/upload/ax_page/portfolio/Mv5tNS5Hn1JsodlEUXJ8aB7GbgjIj1SRDNVMs8SD.jpeg', '✶ Ласточка ✶', NULL, NULL,
        1657305012, 1657305012, NULL),
       (234, 1, '/upload/ax_page/portfolio/BdH0vhZaYqLPfM58PsLLxo5ftj5oYP8PF8berqVo.jpeg', '✶ Лимон ✶', NULL, NULL,
        1657305074, 1657305074, NULL),
       (235, 1, '/upload/ax_page/portfolio/vGd1WrntRq3FH5kUO5yeHEEaH9YEtP7Cd8mVS9zr.jpeg', '✶ Шоколадная Карамель ✶',
        NULL, NULL, 1657398948, 1657398948, NULL),
       (236, 1, '/upload/ax_page/portfolio/OaRKn8Uxvx5N0XhJu7gq0kBnOiZ5Jtw4AtrIGpnv.jpeg', '✶ Карамель max ✶', NULL,
        NULL, 1657398963, 1657398963, NULL),
       (237, 1, '/upload/ax_page/portfolio/ns090GOfG6wNrAqtmfpkSz72uE2xYyywnKrEA9W5.jpeg', '✶ Пламя фитилька ✶', NULL,
        NULL, 1657398980, 1657398980, NULL),
       (238, 1, '/upload/ax_page/portfolio/ZPckFSqvK0t5GFku9auoFlG0iZSIFBEeVzfU7K3o.jpeg', '✶ Оберег ✶', NULL, NULL,
        1657398995, 1657398995, NULL),
       (239, 1, '/upload/ax_page/portfolio/onfDunfTj63wUQFWAW1hSxt0FYhmYB0JPDGCMFd8.jpeg', '✶ Карамель max ◉ ✶', NULL,
        NULL, 1657399023, 1657399023, NULL),
       (240, 1, '/upload/ax_page/portfolio/2RrV9zF0plWsTsC3qM02nSmGj2F37nr1NgI9AIEJ.jpeg', '✶ Папоротник ✶', NULL, NULL,
        1657399051, 1657399051, NULL),
       (241, 1, '/upload/ax_page/portfolio/J1MieoYJgs65ak2Gm5A32ty8qB5mxnUvtKFntXAd.jpeg', '✶ Лев ✶', NULL, NULL,
        1657399068, 1657399068, NULL),
       (242, 1, '/upload/ax_page/portfolio/IdnmqckZ3YaIGzzjUHqb99e49mu9NWvAKFrP2Ipy.jpeg', '✶ Изящный Розмарин ✶', NULL,
        NULL, 1657399087, 1657399087, NULL),
       (243, 1, '/upload/ax_page/portfolio/MXCTmOmfjqVwPfz17HCYNaCN6t3Y0rknLJFvCXXt.jpeg', '✶ Форель ✶', NULL, NULL,
        1657399101, 1657399101, NULL),
       (244, 1, '/upload/ax_page/portfolio/Ryy0OVKv8FdpqOJNRt0mh052RQRf7O8dc6NQNAvq.jpeg', '✶ Колоказия ✶', NULL, NULL,
        1657399117, 1657399117, NULL),
       (245, 1, '/upload/ax_page/portfolio/mYOqEDR9blmnUrw8CdBGGZSXbl1ectR06pnn38g0.jpeg', '✶ Батон ✶', NULL, NULL,
        1657399138, 1657399138, NULL),
       (246, 1, '/upload/ax_page/portfolio/7UlKCmtaRQ6vmEbON2N5z2J8DC7JqU8puRY2dRy1.jpeg', '✶ H. Akazie ✶', NULL, NULL,
        1657399161, 1657399161, NULL),
       (247, 1, '/upload/ax_page/portfolio/6rayyAqWhNPu3Mglfk5ti5wllPQiRAwNMTVPiVV7.jpeg', '✶ Бамбук ✶', NULL, NULL,
        1657399187, 1657399187, NULL),
       (248, 1, '/upload/ax_page/portfolio/iUBJV2u2iWr1ww71WcpnEA2B0Lr4GtvKtopEHph8.jpeg', '✶ Сардины Морячки ✶', NULL,
        NULL, 1657452939, 1657452939, NULL),
       (249, 1, '/upload/ax_page/portfolio/UDo4k80ejoeG9aVZskZwbbkA7TxQDXkAmWcMctBz.jpeg', '✶ Baguette ✶', NULL, NULL,
        1657460517, 1657460517, NULL),
       (250, 1, '/upload/ax_page/portfolio/09kH2iZCtL4Bq8eGA7RIELuqhEL590H5ysvvjFmB.jpeg', '✶ Безмятежность ✶', NULL,
        NULL, 1657466732, 1657466732, NULL),
       (251, 1, '/upload/ax_page/portfolio/bNoFG5fSEY3gUQ1sIXSjV0hKn40UhAffRzGVrf0J.jpeg', '✶ Луковка ✶', NULL, NULL,
        1657468485, 1657468485, NULL),
       (252, 1, '/upload/ax_page/portfolio/FDVhzKd5ogVaEUB3qgUkBQoUKXMvJHIoEQvlbop9.jpeg', '✶ Сыр А. ✶', NULL, NULL,
        1657470393, 1657470393, NULL),
       (253, 1, '/upload/ax_page/portfolio/s8ucAKeaVcZj9kFt2tcM68W0Mw8SU1KWrtGvLALW.jpeg', '✶ Шмель ✶', NULL, NULL,
        1657475105, 1657475105, NULL),
       (254, 1, '/upload/ax_page/portfolio/brDxLZIimozK0KxZGQWnAvg9nTM9yqUlugBtfE8V.jpeg', '✶ Наутилида ✶', NULL, NULL,
        1657532007, 1657532007, NULL),
       (255, 1, '/upload/ax_page/portfolio/XPyzBBTPunn68ep64JY7FPFk0QBS3xl1nk96uquQ.jpeg', '✶ Рыбы-Рыбы ✶', NULL, NULL,
        1657541961, 1657541961, NULL),
       (256, 1, '/upload/ax_page/portfolio/NCUiRxf7KlP1JuTsDjYDgCXWhCczDhWkTG79fPKW.jpeg', '✶ Ежевика ✶', NULL, NULL,
        1657568200, 1657568200, NULL),
       (257, 1, '/upload/ax_page/portfolio/OZFrs2DMutICpHyckjymnWwiq9fLHNVwEs4MR58G.jpeg', '✶ Рыбы-Рыбы ✶', NULL, NULL,
        1657609520, 1657609520, NULL),
       (258, 1, '/upload/ax_page/portfolio/9DrVbfzSGSHomjH3lmwf51ACEfrkANFezxx3NW2l.jpeg', '✶ Брокколи ✶', NULL, NULL,
        1658311913, 1658311913, NULL),
       (259, 1, '/upload/ax_page/portfolio/pHXxHqjSdmStc5kc4hGKi3UN5knJ0oIp9JJVPFSu.jpeg', '✶ Нептунея ✶', NULL, NULL,
        1658311933, 1658311933, NULL),
       (260, 1, '/upload/ax_page/portfolio/8oMezyDlfT0OwKFfzUV2vgeQhgWZDXJVMpuveNQd.jpeg', '✶ Лодочка ◉ ✶', NULL, NULL,
        1659722275, 1659722275, NULL),
       (261, 1, '/upload/ax_page/portfolio/bYK3x6FxW1u9wpUSiTr6If8NIvFTbVJpQOogZxEF.jpeg', '✶ Садо\'м ✶', NULL, NULL,
        1659722291, 1659722291, NULL),
       (262, 1, '/upload/ax_page/portfolio/p9zfMlOD2aHak4aAujskRDdz9Nj5P92uyochKGb9.jpeg', '✶ Лодочка mini ◉ ✶', NULL,
        NULL, 1659878316, 1659878316, NULL),
       (263, 1, '/upload/ax_page/portfolio/9sW6n7wCMoQQU8rTHZ90BKDYIB3C1993JjCpZaxw.jpeg', '✶ Лисички ✶', NULL, NULL,
        1659878335, 1659878335, NULL),
       (264, 1, '/upload/ax_page/portfolio/2eDMygPKIsHVwKrmBbfegtKdrCJ3RycSflC8eRht.jpeg', '✶ Лодочка ✶', NULL, NULL,
        1659878352, 1659878352, NULL),
       (265, 1, '/upload/ax_page/portfolio/7PKJNd650jIWnsb4HrAKx5XEKaKVYA8KxKqA6AE5.jpeg', '✶ Фуксия ✶', NULL, NULL,
        1659878387, 1659878387, NULL),
       (266, 1, '/upload/ax_page/portfolio/9RREufT7QWpHAORw1BpMP0Vvxtnv2TpOmC9TzOgZ.jpeg', '✶ Солнце ✶', NULL, NULL,
        1659881834, 1659881834, NULL),
       (267, 1, '/upload/ax_page/portfolio/SjffQZGS6y7X7p7J7RVboUN41PoJ38yZGF4vmKoy.jpeg', '✶ Луна ✶', NULL, NULL,
        1659885905, 1659885905, NULL),
       (268, 101, '/upload/ax_catalog_product/lotus/qy3vQbs2Ir07hjiQOIDHFwYL1hp8R00oQ13sbpTu.jpeg', NULL, NULL, NULL,
        1659976602, 1659976602, NULL),
       (269, 101, '/upload/ax_catalog_product/lotus/jib9kldRnNK8U8yvA6giZL8jOy7cuJWmHUTj1mXp.jpeg', NULL, NULL, NULL,
        1659976602, 1659976602, NULL),
       (270, 101, '/upload/ax_catalog_product/lotus/UrGdH2iVe7LMwTOj8gTCWVMxep03oN59Xzoha9dm.jpeg', NULL, NULL, NULL,
        1659976602, 1659976602, NULL),
       (271, 102, '/upload/ax_catalog_product/list-monstery/MPh3oqLfHuTTnw5Nuj5TJZ3qIwcdwfYVdfy5Vr8A.jpeg', NULL, NULL,
        NULL, 1659976943, 1659976943, NULL),
       (272, 102, '/upload/ax_catalog_product/list-monstery/iBnmMJY63jKosnQag5WMQojt1t7hn9VYBCjI1XzM.jpeg', NULL, NULL,
        NULL, 1659976943, 1659976943, NULL),
       (273, 102, '/upload/ax_catalog_product/list-monstery/cc6GjQlaxbHIuBIxGTJwIQEOyL4IGcEpXGC8Vbj3.jpeg', NULL, NULL,
        NULL, 1659976943, 1659976943, NULL),
       (274, 103, '/upload/ax_catalog_product/orange-mini/lV4bRjJrKiTY1EroBUksdHoriXqH4KH2UjNEQRyo.jpeg', NULL, NULL,
        NULL, 1659977608, 1659977608, NULL),
       (275, 103, '/upload/ax_catalog_product/orange-mini/Bir67YmYe1EZYopco80MRQxO5xAUvnbZPYwNrqts.jpeg', NULL, NULL,
        NULL, 1659977608, 1659977608, NULL),
       (276, 103, '/upload/ax_catalog_product/orange-mini/VdUkjw2Sn2psB9RNDDo7sM6RXsaeCuciIRHznJN3.jpeg', NULL, NULL,
        NULL, 1659977608, 1659977608, NULL),
       (277, 104, '/upload/ax_catalog_product/myata/2nLnodJneQZjx3uiTVTnbgpIf5YnQs5UgxTK5geg.jpeg', NULL, NULL, NULL,
        1659977888, 1659977888, NULL),
       (278, 104, '/upload/ax_catalog_product/myata/25zASXB9q8dlSocUvkEvP5JAwkcdGyhjATlLGDRz.jpeg', NULL, NULL, NULL,
        1659977888, 1659977888, NULL),
       (279, 104, '/upload/ax_catalog_product/myata/RSh7u67swMIAA6yQOxPy1dN9CyjhaePLOjUhxE5I.jpeg', NULL, NULL, NULL,
        1659977888, 1659977888, NULL),
       (280, 105, '/upload/ax_catalog_product/evkalipt/HbFWCZZEUTaNbkeUjqVYZcO0fYRxRdYBF3828Ahf.jpeg', NULL, NULL, NULL,
        1659978247, 1659978247, NULL),
       (281, 105, '/upload/ax_catalog_product/evkalipt/ENS7lxLxUChw38t3Heo1ve7i6FKAo33dy4qaWFdZ.jpeg', NULL, NULL, NULL,
        1659978247, 1659978247, NULL),
       (282, 105, '/upload/ax_catalog_product/evkalipt/gskyujNEhFcqyLGjNfEatDtzwBdJsq7W8pVReESm.jpeg', NULL, NULL, NULL,
        1659978247, 1659978247, NULL),
       (283, 105, '/upload/ax_catalog_product/evkalipt/pIaDiRGinC7mY2yReAG8soXd5bPWJmcJfr65xExB.jpeg', NULL, NULL, NULL,
        1659978247, 1659978247, NULL),
       (284, 106, '/upload/ax_catalog_product/ptero/RML4UJRJffCzfIe0S6E9JU3eybZmCjuLKA0wagZ8.jpeg', NULL, NULL, NULL,
        1659978712, 1659978712, NULL),
       (285, 106, '/upload/ax_catalog_product/ptero/SBAU7ANs3Fj5QcO8wL5LlOz0h1TjzJ5iwi9CNHa5.jpeg', NULL, NULL, NULL,
        1659978712, 1659978712, NULL),
       (286, 106, '/upload/ax_catalog_product/ptero/2Ja5RnrPdooIDyiRkH7vO5NnNrpIXh6mmqfISoOL.jpeg', NULL, NULL, NULL,
        1659978712, 1659978712, NULL),
       (287, 107, '/upload/ax_catalog_product/list-banana/y3Y4rM7MiFxhuWORJIfoqXAat4MSEejJOI8UDgrD.jpeg', NULL, NULL,
        NULL, 1659978904, 1659978904, NULL),
       (288, 107, '/upload/ax_catalog_product/list-banana/dUk6CBeg5GwnyoMwqOvu4msBzqY50fgvJoiIsKDi.jpeg', NULL, NULL,
        NULL, 1659978904, 1659978904, NULL),
       (289, 107, '/upload/ax_catalog_product/list-banana/sub5dOm4Bi8vBradm7YnFJ99H5SHDpMVowr94Itd.jpeg', NULL, NULL,
        NULL, 1659978904, 1659978904, NULL),
       (290, 107, '/upload/ax_catalog_product/list-banana/Y0Ba7v99A6e3qmSrdgApZ45bE2QY8xLaI5jtNSkN.jpeg', NULL, NULL,
        NULL, 1659978904, 1659978904, NULL),
       (291, 108, '/upload/ax_catalog_product/list-mons/bZzeAJrTzybyDR6DGrhd15LWIZT3jX0szEavX21c.jpeg', NULL, NULL,
        NULL, 1659979509, 1659979509, NULL),
       (292, 108, '/upload/ax_catalog_product/list-mons/qjMscRJmqPcC6A99kA8K6zJ26PB9kAv7mzzbMWTH.jpeg', NULL, NULL,
        NULL, 1659979509, 1659979509, NULL),
       (293, 108, '/upload/ax_catalog_product/list-mons/8f7FUGRFhri7riszOcgwrdRZE160phXurOmckChh.jpeg', NULL, NULL,
        NULL, 1659979509, 1659979509, NULL),
       (294, 108, '/upload/ax_catalog_product/list-mons/s0LuxakmRKkxolH1Ymamnf02IROBJWLwYRYObobg.jpeg', NULL, NULL,
        NULL, 1659979509, 1659979509, NULL),
       (295, 109, '/upload/ax_catalog_product/sannabis/P6iClCvuiPhkoTgZPqRaCNcHAv2mt3nCmCQ10KTE.jpeg', NULL, NULL, NULL,
        1659979681, 1659979681, NULL),
       (296, 109, '/upload/ax_catalog_product/sannabis/MdSWvqJEcRd9olnjS7CR8MCoMZ227I30QxySmDlI.jpeg', NULL, NULL, NULL,
        1659979681, 1659979681, NULL),
       (297, 109, '/upload/ax_catalog_product/sannabis/K42sN2Rx0LdSQ2ta71c2rtnczkivEEeIbvoiERpJ.jpeg', NULL, NULL, NULL,
        1659979681, 1659979681, NULL),
       (298, 110, '/upload/ax_catalog_product/bananovyj-list/eSkDcX280WxhZFkjT1vZ8eyGyROdGKT0Mv0hVt6N.jpeg', NULL, NULL,
        NULL, 1659979847, 1659979847, NULL),
       (299, 110, '/upload/ax_catalog_product/bananovyj-list/nqMi1j7vc96Tlc43C9FR33PpEg8Ae9DZJnfCQcOE.jpeg', NULL, NULL,
        NULL, 1659979847, 1659979847, NULL),
       (300, 110, '/upload/ax_catalog_product/bananovyj-list/T9loHsfjjXeZ0jxat9csASkJUiUNZ7MRbIgBBZGU.jpeg', NULL, NULL,
        NULL, 1659979847, 1659979847, NULL),
       (301, 111, '/upload/ax_catalog_product/chaj/XMXiNVPGxmJlLU39YWnceyrOFMKVV7qhJtzPpC5N.jpeg', NULL, NULL, NULL,
        1659980279, 1659980279, NULL),
       (302, 111, '/upload/ax_catalog_product/chaj/clSmZS90uzH3O3xao2hzAGDjPQVRLw9UCHjltjrn.jpeg', NULL, NULL, NULL,
        1659980279, 1659980279, NULL),
       (303, 111, '/upload/ax_catalog_product/chaj/jbhJJimSc7Q2iERIalMnWe9sobFMFd1YqnhsREKW.jpeg', NULL, NULL, NULL,
        1659980279, 1659980279, NULL),
       (304, 1, '/upload/ax_page/portfolio/Jln1qidti2zlDQaabEPfgTi6wGewkmtouLarvVAS.jpeg', '✶ Артишок ✶', NULL, NULL,
        1662794581, 1662794581, NULL),
       (305, 1, '/upload/ax_page/portfolio/lKKgJDFyKpvgVOMvo2ZO3aFqJKZSqTXng4plbl0i.jpeg', '✶ Солнышко ✶', NULL, NULL,
        1662794605, 1662794605, NULL),
       (306, 1, '/upload/ax_page/portfolio/UZCaux4zFaYF5OEWiPagducrUafnIFW3q1wOrySq.jpeg', '✶ Банановый лист✶', NULL,
        NULL, 1662801147, 1662801147, NULL),
       (307, 1, '/upload/ax_page/portfolio/cod5mQll4kJGeCW1sCtKkL6zivFQvbjoGkIWcmTh.jpeg', '✶ Lotus ✶', NULL, NULL,
        1663044103, 1663044103, NULL),
       (308, 1, '/upload/ax_page/portfolio/oqssadqGcKz3AwCtuc5FtZOlq4ghzBzr9wFjZlhZ.jpeg', '✶ Синий Кит ✶', NULL, NULL,
        1663044183, 1663044183, NULL),
       (309, 1, '/upload/ax_page/portfolio/dLrXQ7scyWG8bEwCkrHPSkeBp44P01ERjkQ9w6t2.jpeg', '✶ Мята ✶', NULL, NULL,
        1663044207, 1663044207, NULL),
       (310, 1, '/upload/ax_page/portfolio/Mn8NPD1ADXfyUjRPeaehNgE4G35m4C3ZCvucMBU4.jpeg', '✶ Лист Монстеры ✶', NULL,
        NULL, 1663044263, 1663044263, NULL),
       (311, 112, '/upload/ax_catalog_product/mulberry-walnut/XVpdEQnnFIvcikKssYIdCQ1UehRWXGHluqzBwV1S.jpeg', NULL,
        NULL, NULL, 1664609162, 1664609162, NULL),
       (312, 112, '/upload/ax_catalog_product/mulberry-walnut/x8BHmVQARJDmeY0pYsnWLkdTzbZZs2n46wFITJai.jpeg', NULL,
        NULL, NULL, 1664609162, 1664609162, NULL),
       (313, 112, '/upload/ax_catalog_product/mulberry-walnut/DN4ytX08cR1DCTWm7McwRAODq2DSYskBYc3MNhgC.jpeg', NULL,
        NULL, NULL, 1664609162, 1664609162, NULL),
       (314, 114, '/upload/ax_catalog_product/test-2/Bqy33pK7mc6HaUtphGwk237RIkVMvODaGdF89w87.jpeg', NULL, NULL, NULL,
        1666382524, 1666382524, NULL),
       (316, 1, '/upload/ax_page/portfolio/Kk2mdSwDpJAFoIKMK9beMQPZsoDvsosAtaIpKqZK.jpeg', '✶ Лист банана ✶', NULL,
        NULL, 1666451619, 1666451619, NULL),
       (317, 1, '/upload/ax_page/portfolio/MxRjUkae6mPygtdXBHstrDa9aleGsP3B1xvGvWks.jpeg', '✶ Базилик ✶', NULL, NULL,
        1667066868, 1667066868, NULL),
       (318, 115, '/upload/ax_catalog_product/chaj-cejlon/LpXMgLEJg7aDLV6T3ZB5ivGUwC8ZVHs2TNSmHYHl.jpeg', NULL, NULL, 1,
        1667374276, 1667374276, NULL),
       (319, 115, '/upload/ax_catalog_product/chaj-cejlon/xfeKAWF1QZx5vLqHZs021rFkgw9szgfKoDK3Qb01.jpeg', NULL, NULL, 2,
        1667374276, 1667374276, NULL),
       (320, 115, '/upload/ax_catalog_product/chaj-cejlon/Wl7T0ShrQZX3FTSPmHU8OX3kvMfBBYs8y71YlcuJ.jpeg', NULL, NULL, 3,
        1667374276, 1667374276, NULL),
       (321, 115, '/upload/ax_catalog_product/chaj-cejlon/Ezs8WbbYe5a6wqKmeDKq6hTZzipE2VXJJzU2LUNc.jpeg', NULL, NULL, 4,
        1667374276, 1667374276, NULL),
       (322, 115, '/upload/ax_catalog_product/chaj-cejlon/73cPtUjTDD5QhRO6CqI5zNU2sjRlgfbftyKcLp08.jpeg', NULL, NULL, 5,
        1667374276, 1667374276, NULL),
       (323, 116, '/upload/ax_catalog_product/hlopok/GWt4mlqemeH1F42l2bCAuSKmqzILhAyR3xZCzxbw.jpeg', NULL, NULL, NULL,
        1667374562, 1667374562, NULL),
       (324, 116, '/upload/ax_catalog_product/hlopok/4xrMtFK3Ds3NeBiB01e2LDSS95xivZBF7fO4l6WC.jpeg', NULL, NULL, NULL,
        1667374562, 1667374562, NULL),
       (325, 116, '/upload/ax_catalog_product/hlopok/edyUCRi1YH3Qy4HeiwIt9ZT5bJI71q0edz5kPotb.jpeg', NULL, NULL, NULL,
        1667374562, 1667374562, NULL),
       (326, 116, '/upload/ax_catalog_product/hlopok/YCqdt8GHgRCXWK1YujCMrA9cR3suissmSkyn7Yr4.jpeg', NULL, NULL, NULL,
        1667374562, 1667374562, NULL),
       (327, 116, '/upload/ax_catalog_product/hlopok/2ei8V2xPCErWCn0bewU4DFFh4VJMUZ7tD35Mp9tv.jpeg', NULL, NULL, NULL,
        1667374562, 1667374562, NULL),
       (328, 116, '/upload/ax_catalog_product/hlopok/rT7ptKBiBvPiUnsE8o2NZjx0VlhatCHh4Xu32uU2.jpeg', NULL, NULL, NULL,
        1667374562, 1667374562, NULL),
       (329, 117, '/upload/ax_catalog_product/chashechka-chaya/FsO8LnW8ovYwId5g3E4dNTWuwqtbKUVBIpBnonBC.jpeg', NULL,
        NULL, NULL, 1667374812, 1667374812, NULL),
       (330, 117, '/upload/ax_catalog_product/chashechka-chaya/eePKf36WDENQeRpmo4URG8W4MUlsKoOzJWva6VGw.jpeg', NULL,
        NULL, NULL, 1667374812, 1667374812, NULL),
       (331, 117, '/upload/ax_catalog_product/chashechka-chaya/g60wpGsIXBDX51uvMmVfFMGhfxz73d6illDV8HYU.jpeg', NULL,
        NULL, NULL, 1667374812, 1667374812, NULL),
       (332, 117, '/upload/ax_catalog_product/chashechka-chaya/0vj1jyxwp3wXf30bbe16RpXniVY29bHbindVXRFa.jpeg', NULL,
        NULL, NULL, 1667374812, 1667374812, NULL),
       (333, 118, '/upload/ax_catalog_product/morskaya-zvyozdochka/bxt3tEZ94GbUFcTpO3Bm2LQVU1sLHSs3Yq4Z1glf.jpeg', NULL,
        NULL, 1, 1667375010, 1667375010, NULL),
       (334, 118, '/upload/ax_catalog_product/morskaya-zvyozdochka/EAPgtfEEMhAVAuDoLSjKwcQ0Z8APCZQcsKUFaf8a.jpeg', NULL,
        NULL, 2, 1667375010, 1667375010, NULL),
       (335, 118, '/upload/ax_catalog_product/morskaya-zvyozdochka/LY1LIyaRmfbkMxOD4iaNPv5N5ADq7LAq22iap8pU.jpeg', NULL,
        NULL, 3, 1667375010, 1667375010, NULL),
       (336, 118, '/upload/ax_catalog_product/morskaya-zvyozdochka/stuppeiINpVwqiTjuqxRpoULZlcx3PutDHFP4CLx.jpeg', NULL,
        NULL, 4, 1667375010, 1667375010, NULL),
       (337, 119, '/upload/ax_catalog_product/monstera/xllxLHyF8neKDNu2lfR4GhK1gyEIAM4OjsV7nXy5.jpeg', NULL, NULL, NULL,
        1667375269, 1667375269, NULL),
       (338, 119, '/upload/ax_catalog_product/monstera/o4q0OO1fSMOEtw5jz547eatbINLFwqBNQx1LGBUE.jpeg', NULL, NULL, NULL,
        1667375269, 1667375269, NULL),
       (339, 119, '/upload/ax_catalog_product/monstera/b2x4OmX1wDCeS1ODtRwIGPAEYnbCtGE5f9EwLGmg.jpeg', NULL, NULL, NULL,
        1667375269, 1667375269, NULL),
       (340, 119, '/upload/ax_catalog_product/monstera/tawhM9rVwA8loSqPUHhr5mhgsGhlmCx6y8L6kc6X.jpeg', NULL, NULL, NULL,
        1667375269, 1667375269, NULL),
       (341, 120, '/upload/ax_catalog_product/kot-slastyona/yqY6WZicFXGRMHXVwoCO9wKGEjG1Z6MZtGNfRC2H.jpeg', NULL, NULL,
        NULL, 1667375549, 1667375549, NULL),
       (342, 120, '/upload/ax_catalog_product/kot-slastyona/IsiZBUsDwRIG3UHLGTnnQ4DMRuADW8FG2F3W0Lml.jpeg', NULL, NULL,
        NULL, 1667375549, 1667375549, NULL),
       (343, 120, '/upload/ax_catalog_product/kot-slastyona/Rnza2NPbV2neiOSMtiFYRYlum1Chy01MQpo11VCr.jpeg', NULL, NULL,
        NULL, 1667375549, 1667375549, NULL),
       (344, 120, '/upload/ax_catalog_product/kot-slastyona/yGJjXplqz7B2yccjC9PwrU42PldajwO90sP8PjsR.jpeg', NULL, NULL,
        NULL, 1667375549, 1667375549, NULL),
       (345, 121, '/upload/ax_catalog_product/kot-podozrevaka/3yucv1ZoEHIJgrmZxwuq2Xy0baGYsogAnkQw5de1.jpeg', NULL,
        NULL, NULL, 1667375790, 1667375790, NULL),
       (346, 121, '/upload/ax_catalog_product/kot-podozrevaka/l6DvMNKDwZ4mnWy2GlSRtigxnrcWvNZMlfAbpKVE.jpeg', NULL,
        NULL, NULL, 1667375790, 1667375790, NULL),
       (347, 121, '/upload/ax_catalog_product/kot-podozrevaka/Jfpj1EaZxE5o4vwpLIHw449YTHfFOWleCPCKYWe2.jpeg', NULL,
        NULL, NULL, 1667375790, 1667375790, NULL),
       (348, 121, '/upload/ax_catalog_product/kot-podozrevaka/F5eKhV1L5xeHgKAhaISw6d5ggQXg27DiIBMpyYFy.jpeg', NULL,
        NULL, NULL, 1667375790, 1667375790, NULL),
       (349, 121, '/upload/ax_catalog_product/kot-podozrevaka/e9349eWDb1q0K7b2K9QaL35WQVbUDgSX3zjzbAyD.jpeg', NULL,
        NULL, NULL, 1667375790, 1667375790, NULL),
       (350, 122, '/upload/ax_catalog_product/kvadratik-syra/lc7vbe3mINQG3nu1oBBZbhWBdoo3j9qZpzWs2Ad2.jpeg', NULL, NULL,
        NULL, 1667376017, 1667376017, NULL),
       (351, 122, '/upload/ax_catalog_product/kvadratik-syra/iw1Ok6EnFpZxLKFmy9IxjdzKgTNRyZcreLlwSj5x.jpeg', NULL, NULL,
        NULL, 1667376017, 1667376017, NULL),
       (352, 122, '/upload/ax_catalog_product/kvadratik-syra/EFr63pkDJWMNHWVlFBEBe86nBqZNkyTKOKKjJbN1.jpeg', NULL, NULL,
        NULL, 1667376017, 1667376017, NULL),
       (353, 122, '/upload/ax_catalog_product/kvadratik-syra/uAdypJzg9YgtrYTdHGQK3jmmtxrkgOScGzNMO5vV.jpeg', NULL, NULL,
        NULL, 1667376017, 1667376017, NULL),
       (354, 123, '/upload/ax_catalog_product/lomtiki-syry/LQfeqUa7jSeaXrYpnT6NyIC7k1VvNJmL1HjT9EsH.jpeg', NULL, NULL,
        1, 1667376219, 1667376219, NULL),
       (355, 123, '/upload/ax_catalog_product/lomtiki-syry/jFnZOxn8SEfzIvbEUFNvzRbh4VOmrWYl0t1OX9IL.jpeg', NULL, NULL,
        2, 1667376219, 1667376219, NULL),
       (356, 123, '/upload/ax_catalog_product/lomtiki-syry/92b4R7QsoNJbjZbfeEktBKyrPeQrzGFm5edeJ5Jo.jpeg', NULL, NULL,
        3, 1667376219, 1667376219, NULL),
       (357, 123, '/upload/ax_catalog_product/lomtiki-syry/zzL4HWsratTsIyOmot6dKIQFJIzWn6LowziXBEOb.jpeg', NULL, NULL,
        4, 1667376219, 1667376219, NULL),
       (358, 123, '/upload/ax_catalog_product/lomtiki-syry/W8VK2HLbAuDYbw7RK4n2iX4C2aKfgIN2LD16pO7t.jpeg', NULL, NULL,
        5, 1667376219, 1667376219, NULL),
       (359, 124, '/upload/ax_catalog_product/stepnoj-shmel/7icZZvA95MUHYhuBMkwgcwCnvzl0fZFYEqXUX5DH.jpeg', NULL, NULL,
        1, 1667377514, 1667377514, NULL),
       (360, 124, '/upload/ax_catalog_product/stepnoj-shmel/BFj3bxuiQb1EHl81LwSscypDuT62cIyjU6JsFPH2.jpeg', NULL, NULL,
        2, 1667377514, 1667377514, NULL),
       (361, 124, '/upload/ax_catalog_product/stepnoj-shmel/aePQm5dQh5c1f3kmwofOX3FjihBGkrnV7Mk16M5y.jpeg', NULL, NULL,
        3, 1667377514, 1667377514, NULL),
       (362, 124, '/upload/ax_catalog_product/stepnoj-shmel/JLVfOv9D6JstqEHUXo4ZL7h8MW5pmGWFR9YXioLb.jpeg', NULL, NULL,
        4, 1667377514, 1667377514, NULL),
       (363, 125, '/upload/ax_catalog_product/max-oak/LayyTCoP3BSZZ7rJYuKp3lb55io61oPzEdvwfK8K.jpeg', NULL, NULL, NULL,
        1667377799, 1667377799, NULL),
       (364, 125, '/upload/ax_catalog_product/max-oak/RpvsyzPNViEWojTTyFSwnbW40Bwb98UNONkcAYoq.jpeg', NULL, NULL, NULL,
        1667377799, 1667377799, NULL),
       (365, 125, '/upload/ax_catalog_product/max-oak/OaRsIiwj5OnBfR6F3FZiRfoBwdNRJdPYHzqndJuB.jpeg', NULL, NULL, NULL,
        1667377799, 1667377799, NULL),
       (366, 125, '/upload/ax_catalog_product/max-oak/LhYAVtLRKDWKG7VrgQ0lkLTwtH03dau0MnPTQkFc.jpeg', NULL, NULL, NULL,
        1667377799, 1667377799, NULL),
       (367, 125, '/upload/ax_catalog_product/max-oak/zTTOXCVwfuk44v6KoSyUsc98g6ufYZPR159ahfxh.jpeg', NULL, NULL, NULL,
        1667377799, 1667377799, NULL),
       (368, 125, '/upload/ax_catalog_product/max-oak/ASXYG6IOfgameIDGGny8303W9m4cwi7mS4bAJvfT.jpeg', NULL, NULL, NULL,
        1667377799, 1667377799, NULL),
       (369, 126, '/upload/ax_catalog_product/plyush/M310xOq8iwqsWc7JGySw8WwlZa9nmYyZN1ekouba.jpeg', NULL, NULL, NULL,
        1667378053, 1667378053, NULL),
       (370, 126, '/upload/ax_catalog_product/plyush/Y5iHyZm2wjpvMfx92WnJtPnSIQyLwOOlmvWuOLyl.jpeg', NULL, NULL, NULL,
        1667378053, 1667378053, NULL),
       (371, 126, '/upload/ax_catalog_product/plyush/aWy3kIGyWc63Jrj7LVi4OQOPUk5CDcRdUp0YFFKp.jpeg', NULL, NULL, NULL,
        1667378053, 1667378053, NULL),
       (372, 126, '/upload/ax_catalog_product/plyush/KB2beXBjLaY0yUCU7ZZdMrB79l2ZTHn0ula8XnS0.jpeg', NULL, NULL, NULL,
        1667378053, 1667378053, NULL),
       (373, 127, '/upload/ax_catalog_product/ruskus/KnQ4Me6pE022zNPFzynehnoTlG5zRQimyIcJctJV.jpeg', NULL, NULL, NULL,
        1667378703, 1667378703, NULL),
       (374, 127, '/upload/ax_catalog_product/ruskus/qH8UgCzQ6DTQ7ZnPZjBndgFB1xeFhtbVzD0pIpnm.jpeg', NULL, NULL, NULL,
        1667378703, 1667378703, NULL),
       (375, 127, '/upload/ax_catalog_product/ruskus/LSGfsamu1n326mmajUP3Vcu1Uv4PB56OOaaSukad.jpeg', NULL, NULL, NULL,
        1667378703, 1667378703, NULL),
       (376, 127, '/upload/ax_catalog_product/ruskus/fzolix5TkWTJKbp3D61Od3KqTuTvMK7BY6g33xDE.jpeg', NULL, NULL, NULL,
        1667378703, 1667378703, NULL),
       (377, 127, '/upload/ax_catalog_product/ruskus/I30mdNlhxNxC7BBxu1jrwqU4IKCrpdEPeAmOa8KG.jpeg', NULL, NULL, NULL,
        1667378703, 1667378703, NULL),
       (378, 128, '/upload/ax_catalog_product/dzhomolungma/G5uJyJDwyx16kbUzbb2AcYidU9Ses8TYkrJuR4pg.jpeg', NULL, NULL,
        NULL, 1667379095, 1667379095, NULL),
       (379, 128, '/upload/ax_catalog_product/dzhomolungma/fR6tTeAXFUkmvwwJt6tloYfuBroyo3jGOkhTHIgw.jpeg', NULL, NULL,
        NULL, 1667379095, 1667379095, NULL),
       (380, 128, '/upload/ax_catalog_product/dzhomolungma/56AnKTgQZZXEbkaBi3vpjHR99VVnyR6ge1dH2AQA.jpeg', NULL, NULL,
        NULL, 1667379095, 1667379095, NULL),
       (381, 128, '/upload/ax_catalog_product/dzhomolungma/AM4fLTDlY8DNeKfGaB21PvZqLkXx5u99o6IHHgrA.jpeg', NULL, NULL,
        NULL, 1667379095, 1667379095, NULL),
       (382, 128, '/upload/ax_catalog_product/dzhomolungma/3WhdnYQBRLJvXZaBQrNtnDRVY30f90cUZGH1WEIe.jpeg', NULL, NULL,
        NULL, 1667379095, 1667379095, NULL),
       (383, 129, '/upload/ax_catalog_product/korolevna/qrwILPMut7yUuT7VQLS3o6DxYmVgnExL7dYaVNQw.jpeg', NULL, NULL, 1,
        1667379303, 1667379303, NULL),
       (384, 129, '/upload/ax_catalog_product/korolevna/zsAhBQvRgIvgC4PklFEDsYHBLKtRGYO3E28mkgrI.jpeg', NULL, NULL, 2,
        1667379303, 1667379303, NULL),
       (385, 129, '/upload/ax_catalog_product/korolevna/O0iaOYGWK0reL30sEW9qvwJiZ21x1jNUzRGin7st.jpeg', NULL, NULL, 3,
        1667379303, 1667379303, NULL),
       (386, 129, '/upload/ax_catalog_product/korolevna/qPQGTlXSOYZp48FBRFhQbhG5rn7TlsC0zNJudV7D.jpeg', NULL, NULL, 4,
        1667379303, 1667379303, NULL),
       (387, 130, '/upload/ax_catalog_product/listopad/FBpqiN7TGTHPkAsBHCHN3ftwGkLO7CQpOj6JDG6O.jpeg', NULL, NULL, NULL,
        1667379524, 1667379524, NULL),
       (388, 130, '/upload/ax_catalog_product/listopad/DrysKPhEJalUtrnV1NpLIn5H3HA8nSPwK8yrnPm0.jpeg', NULL, NULL, NULL,
        1667379524, 1667379524, NULL),
       (389, 130, '/upload/ax_catalog_product/listopad/i48NjDrQ2vI9pZtbynuVLI2TafVKqgfTUJ89H5fF.jpeg', NULL, NULL, NULL,
        1667379524, 1667379524, NULL),
       (390, 130, '/upload/ax_catalog_product/listopad/MDIJi3ggWEiAzoBTUoBDGqIZLvVlhghdYqYfV8UQ.jpeg', NULL, NULL, NULL,
        1667379524, 1667379524, NULL),
       (391, 130, '/upload/ax_catalog_product/listopad/zS0tr3IEMHj4UhWuGgMKcLWS4M2cqb2WX3pKRr6q.jpeg', NULL, NULL, NULL,
        1667379524, 1667379524, NULL),
       (392, 131, '/upload/ax_catalog_product/ginkgo/RAQ2Z4GMCb9GLIzHUHicacK007AlxEBNtp4oQUTf.jpeg', NULL, NULL, NULL,
        1667379796, 1667379796, NULL),
       (393, 131, '/upload/ax_catalog_product/ginkgo/bzfhtT8HOPU0aXfIj4vI7dgdQHRMK2FKTjSwR51P.jpeg', NULL, NULL, NULL,
        1667379796, 1667379796, NULL),
       (394, 131, '/upload/ax_catalog_product/ginkgo/wKfTUpOOge2cr0zUc83aq0AtVjbj9K158wexAmfZ.jpeg', NULL, NULL, NULL,
        1667379796, 1667379796, NULL),
       (395, 131, '/upload/ax_catalog_product/ginkgo/KwxIfzOnbbgoVijk3CUb6WjCP6FOY7zK3tLbX4Al.jpeg', NULL, NULL, NULL,
        1667379796, 1667379796, NULL),
       (396, 131, '/upload/ax_catalog_product/ginkgo/BndV4fJ1kYEkvEJ3kdGSriY8OHRYhrIgz5EnJx64.jpeg', NULL, NULL, NULL,
        1667379796, 1667379796, NULL),
       (397, 131, '/upload/ax_catalog_product/ginkgo/onhKd8NMjdsiXxMT6WdM3NgT9h9lOXRU4fnA369s.jpeg', NULL, NULL, NULL,
        1667379796, 1667379796, NULL),
       (398, 132, '/upload/ax_catalog_product/monstera-delicat/FCNSjwQX2HQxtAjdmhpfqlEeUw5y0t7H46PpG6JE.jpeg', NULL,
        NULL, NULL, 1667380233, 1667380233, NULL),
       (399, 132, '/upload/ax_catalog_product/monstera-delicat/VkqQUZe2leVnMnLwZUdfndY7GTtcoilehwFqbwA8.jpeg', NULL,
        NULL, NULL, 1667380233, 1667380233, NULL),
       (400, 132, '/upload/ax_catalog_product/monstera-delicat/jto97icreyAQMQm8QrPUHKDskTaqgdhbcMpVno2Y.jpeg', NULL,
        NULL, NULL, 1667380233, 1667380233, NULL),
       (401, 132, '/upload/ax_catalog_product/monstera-delicat/FVrYhjtGqdYrgv2FbkHN6pziKL7KHHPIwz8IaGhX.jpeg', NULL,
        NULL, NULL, 1667380233, 1667380233, NULL),
       (402, 132, '/upload/ax_catalog_product/monstera-delicat/ehfR2BnY8VXAOaIphhzVvyhQvboyT0VJuHydVmPt.jpeg', NULL,
        NULL, NULL, 1667380233, 1667380233, NULL),
       (403, 133, '/upload/ax_catalog_product/kalateya-misti/oh4Gx7k73ocPYhK6xzRpoonr1gajnUlhIVfMQGc8.jpeg', NULL, NULL,
        NULL, 1667380438, 1667380438, NULL),
       (404, 133, '/upload/ax_catalog_product/kalateya-misti/GpfNWFG9njzeHcaVMdvug2ABbEBdEk4fwGITiz6B.jpeg', NULL, NULL,
        NULL, 1667380438, 1667380438, NULL),
       (405, 133, '/upload/ax_catalog_product/kalateya-misti/t7nvl6X1zzdnWVEKJx8jyct4hpCO0sqzdhWHftK7.jpeg', NULL, NULL,
        NULL, 1667380438, 1667380438, NULL),
       (406, 133, '/upload/ax_catalog_product/kalateya-misti/e52C0ssm6Rip9KJKayEMn7H49iBI8pKRl8K3RD6V.jpeg', NULL, NULL,
        NULL, 1667380438, 1667380438, NULL),
       (407, 134, '/upload/ax_catalog_product/art-1/Ipu5LSnyTiSH1i92AuLdz71pe4BAL4Hhnghbaprg.jpeg', NULL, NULL, NULL,
        1667380849, 1667380849, NULL),
       (408, 134, '/upload/ax_catalog_product/art-1/e0M9lxWmmzMXB8txG3ebScKxeQgLmka7ygRssHym.jpeg', NULL, NULL, NULL,
        1667380849, 1667380849, NULL),
       (409, 134, '/upload/ax_catalog_product/art-1/CKwjFCDiOqQKs98Fwczhb9TNfEyts7ggIPghxd7L.jpeg', NULL, NULL, NULL,
        1667380849, 1667380849, NULL),
       (410, 134, '/upload/ax_catalog_product/art-1/EBsK35RQq8wteFlzJrTLe0HATxPjc1DeqsZMd4eZ.jpeg', NULL, NULL, NULL,
        1667380849, 1667380849, NULL),
       (411, 134, '/upload/ax_catalog_product/art-1/ISu45TlziCoVoKMCNf49TQQVtYDtJnlUMqerk856.jpeg', NULL, NULL, NULL,
        1667380849, 1667380849, NULL),
       (412, 135, '/upload/ax_catalog_product/tigr/WuY0MV458IEg4cisAzAp7llyupDyjFpla0kOm5N1.jpeg', NULL, NULL, NULL,
        1667381105, 1667381105, NULL),
       (413, 135, '/upload/ax_catalog_product/tigr/M8E5zwXfXQNJvxX32oSG6FVf9wQP8nBtkcNJday9.jpeg', NULL, NULL, NULL,
        1667381105, 1667381105, NULL),
       (414, 135, '/upload/ax_catalog_product/tigr/dhFwpxf0ACh9pMb7OfGqiGuPzHS7JZbQGJp2K3Lv.jpeg', NULL, NULL, NULL,
        1667381105, 1667381105, NULL),
       (415, 135, '/upload/ax_catalog_product/tigr/hkhB3r1rRjGO9XC4aKxjx6tQUmFBbR66iLXA0aAS.jpeg', NULL, NULL, NULL,
        1667381105, 1667381105, NULL),
       (416, 135, '/upload/ax_catalog_product/tigr/ID5ezlXuTGurLsZgunBttCOpccNqMPBlkIAkymC4.jpeg', NULL, NULL, NULL,
        1667381105, 1667381105, NULL),
       (417, 136, '/upload/ax_catalog_product/lisichka/dXrlJhQZWpNg1BjXKtBzxvdjkxdah5EAPM5WChvP.jpeg', NULL, NULL, 1,
        1667381270, 1667381270, NULL),
       (418, 136, '/upload/ax_catalog_product/lisichka/SiUHcz25RkjvaxOb6LyOcpQ8toN2DKZsTQXMBUdU.jpeg', NULL, NULL, 2,
        1667381270, 1667381270, NULL),
       (419, 136, '/upload/ax_catalog_product/lisichka/YPieYR1dMWXfn6b9KAFqFfwdr1Oetq0h0oviaSCe.jpeg', NULL, NULL, 3,
        1667381270, 1667381270, NULL),
       (420, 136, '/upload/ax_catalog_product/lisichka/vsw1OL1NyfN5We6jB5ELefuT4KYa5y9U34x2IOVJ.jpeg', NULL, NULL, 4,
        1667381270, 1667381270, NULL),
       (421, 136, '/upload/ax_catalog_product/lisichka/0Mmv3G3YHrTSEBxL0vGUQcMOrG8D64zaKL45wzEr.jpeg', NULL, NULL, 5,
        1667381270, 1667381270, NULL),
       (422, 137, '/upload/ax_catalog_product/kofe-vetv/IluoCgkj2ikIb4IrShGPklnaI1DMca6d5gCWY3Cz.jpeg', NULL, NULL,
        NULL, 1667381593, 1667381593, NULL),
       (423, 137, '/upload/ax_catalog_product/kofe-vetv/sIyrgXqFJ5Mld81rsGJiazvZiiEhMqy54JinOHJc.jpeg', NULL, NULL,
        NULL, 1667381593, 1667381593, NULL),
       (424, 137, '/upload/ax_catalog_product/kofe-vetv/tHsVmLrEHYZgj9lQprNlBz2UE5F5itgmrkWX9A8S.jpeg', NULL, NULL,
        NULL, 1667381593, 1667381593, NULL),
       (425, 137, '/upload/ax_catalog_product/kofe-vetv/q28CoD1YIS6ZlWvfPi0nUa3jPOAfSjG1KCN5EJMc.jpeg', NULL, NULL,
        NULL, 1667381593, 1667381593, NULL),
       (426, 137, '/upload/ax_catalog_product/kofe-vetv/6QLoHB0UFQOL4KCL2bZeMztTj4TC8q118Iy9dc7Z.jpeg', NULL, NULL,
        NULL, 1667381593, 1667381593, NULL),
       (427, 137, '/upload/ax_catalog_product/kofe-vetv/EzdZx3pjlBcXhtdW2E2yJvFGLwuMXFVWmxELI78y.jpeg', NULL, NULL,
        NULL, 1667381593, 1667381593, NULL),
       (428, 138, '/upload/ax_catalog_product/kolosok/WqdQMKutibjl441rmZ2emUDfTnR89I3JyzpsnsrT.jpeg', NULL, NULL, NULL,
        1667381764, 1667381764, NULL),
       (429, 138, '/upload/ax_catalog_product/kolosok/4138L4ToOKAw6gbRHcZuPunYndTHSOzykbP5BZoy.jpeg', NULL, NULL, NULL,
        1667381764, 1667381764, NULL),
       (430, 138, '/upload/ax_catalog_product/kolosok/bpaWctNZF3fWupssNtDxpLTPDgvfqrLPMXT92cfc.jpeg', NULL, NULL, NULL,
        1667381764, 1667381764, NULL),
       (431, 138, '/upload/ax_catalog_product/kolosok/vVs0MiXtsl28ZWvOjsRsbbz6Fg1eeEQRApEiS8UR.jpeg', NULL, NULL, NULL,
        1667381764, 1667381764, NULL),
       (432, 138, '/upload/ax_catalog_product/kolosok/dPFzqi1HQA0CU0Tl5QcTPsfwYZhUmSPs595PKa9g.jpeg', NULL, NULL, NULL,
        1667381764, 1667381764, NULL),
       (433, 138, '/upload/ax_catalog_product/kolosok/nRVZ70ptYdmtkdtrAhBlCWGZbFqHdVsp1k6pYihN.jpeg', NULL, NULL, NULL,
        1667381764, 1667381764, NULL),
       (434, 139, '/upload/ax_catalog_product/kruassan-shtrih/EJWyRxiku929rtgVDPDg3GJbMYdlKy6VlfHTLbTK.jpeg', NULL,
        NULL, NULL, 1667382059, 1667382059, NULL),
       (435, 139, '/upload/ax_catalog_product/kruassan-shtrih/lwr6wweSzpZXtx9soriU4WvFD8ILSeon8Mx5mrUB.jpeg', NULL,
        NULL, NULL, 1667382059, 1667382059, NULL),
       (436, 139, '/upload/ax_catalog_product/kruassan-shtrih/5YgpkJi6VWmB2nIJz8qlnWRu6Q2CW7BgP9fakySw.jpeg', NULL,
        NULL, NULL, 1667382059, 1667382059, NULL),
       (437, 139, '/upload/ax_catalog_product/kruassan-shtrih/Q04xSQptvfiFpcoibQY5pxwZmbLy73adBMOR7gYl.jpeg', NULL,
        NULL, NULL, 1667382059, 1667382059, NULL),
       (438, 139, '/upload/ax_catalog_product/kruassan-shtrih/aRxHI6AREUWiPmOgCsBnTmnSNCIWiJwrXRjEgdCv.jpeg', NULL,
        NULL, NULL, 1667382059, 1667382059, NULL),
       (439, 140, '/upload/ax_catalog_product/myata-vetochka/CLehXsJZv1V1ZDKCJ2GJh2VBF8GCde5zZqjJIYZw.jpeg', NULL, NULL,
        NULL, 1667382297, 1667382297, NULL),
       (440, 140, '/upload/ax_catalog_product/myata-vetochka/osV7EyDCczHJuIblbF7W6gE52xoFQxUP6LxtOEGQ.jpeg', NULL, NULL,
        NULL, 1667382297, 1667382297, NULL),
       (441, 140, '/upload/ax_catalog_product/myata-vetochka/CDWh3mS6vxEb6cO0JhDBQWPbZ16LNxeyQys9Je1y.jpeg', NULL, NULL,
        NULL, 1667382297, 1667382297, NULL),
       (442, 140, '/upload/ax_catalog_product/myata-vetochka/93i1tjZq5KSz6zALTCa6shy37I1yttlkjE9b4Yuw.jpeg', NULL, NULL,
        NULL, 1667382297, 1667382297, NULL),
       (443, 140, '/upload/ax_catalog_product/myata-vetochka/ix7jCYocj1hWBxA0u2oqfwQUnobDcCYM2lGNORXB.jpeg', NULL, NULL,
        NULL, 1667382297, 1667382297, NULL),
       (444, 141, '/upload/ax_catalog_product/krapiva/zRkNFVB2CL1MGqFNekmW8GddBcV45kMDC8QM357g.jpeg', NULL, NULL, NULL,
        1667382556, 1667382556, NULL),
       (445, 141, '/upload/ax_catalog_product/krapiva/MV8YEL9kzw0HnDg3A54GaOh2poVR2BWe34IYaDSh.jpeg', NULL, NULL, NULL,
        1667382556, 1667382556, NULL),
       (446, 141, '/upload/ax_catalog_product/krapiva/82QOBYGZHOT5Ov14AtRHqxYJjZG48OxxTSP6bqtJ.jpeg', NULL, NULL, NULL,
        1667382556, 1667382556, NULL),
       (447, 141, '/upload/ax_catalog_product/krapiva/LA1CoNLYHt1NBEctpDz5pzqUlVSaDdKPdf3WzKfD.jpeg', NULL, NULL, NULL,
        1667382556, 1667382556, NULL),
       (448, 142, '/upload/ax_catalog_product/zebra-print/5UtYDnuM4OTbQRUBTm2jm9GhoBgSqKEpmEqTtv3G.jpeg', NULL, NULL,
        NULL, 1667382801, 1667382801, NULL),
       (449, 142, '/upload/ax_catalog_product/zebra-print/I01RfpaCS98CXOzAHgB8v3zqiHXSItjRPJpazqYV.jpeg', NULL, NULL,
        NULL, 1667382801, 1667382801, NULL),
       (450, 142, '/upload/ax_catalog_product/zebra-print/b4ivXQ6oOw8cbSA9sz0yABECSM85VZnmeN6VtzMD.jpeg', NULL, NULL,
        NULL, 1667382801, 1667382801, NULL),
       (451, 143, '/upload/ax_catalog_product/liliya/9JjYzDOjExHPave9qSJKUHbQt77rPGO4Lv4vHUT4.jpeg', NULL, NULL, NULL,
        1667382937, 1667382937, NULL),
       (452, 143, '/upload/ax_catalog_product/liliya/kt6r5dlxjnmJDmjkSA8B1akLifNk89WFO1ZxzWcX.jpeg', NULL, NULL, NULL,
        1667382937, 1667382937, NULL),
       (453, 143, '/upload/ax_catalog_product/liliya/NoheLUOMoIdch4BKwFzm6ghA8D1WULYnVaOJuvUw.jpeg', NULL, NULL, NULL,
        1667382937, 1667382937, NULL),
       (454, 143, '/upload/ax_catalog_product/liliya/J8d2zC4kIlSXE2Okoska3w14AKHNiGQKazTNfnIp.jpeg', NULL, NULL, NULL,
        1667382937, 1667382937, NULL),
       (455, 144, '/upload/ax_catalog_product/fistashka/ebthbkMlUu76TITk5atntBLRAtwfmJrJo1zAVH7a.jpeg', NULL, NULL,
        NULL, 1667383211, 1667383211, NULL),
       (456, 144, '/upload/ax_catalog_product/fistashka/ATdxtVUHOTOXPj176S0hRFlNGxPyzyQ4TNwYIenj.jpeg', NULL, NULL,
        NULL, 1667383211, 1667383211, NULL),
       (457, 144, '/upload/ax_catalog_product/fistashka/xoJk1xksyRnh6uPSteUvypGHDuO7FrCWv3peAxht.jpeg', NULL, NULL,
        NULL, 1667383211, 1667383211, NULL),
       (458, 144, '/upload/ax_catalog_product/fistashka/FFMh56Akqohgiqv6ZJPiHlTrnDOYrdQ6PdiuWQSj.jpeg', NULL, NULL,
        NULL, 1667383211, 1667383211, NULL),
       (459, 145, '/upload/ax_catalog_product/4-pyoryshka/MBai3nkS48WKKKMwv98C74tmz4LVsIXsmRtP6nbT.jpeg', NULL, NULL,
        NULL, 1667383453, 1667383453, NULL),
       (460, 145, '/upload/ax_catalog_product/4-pyoryshka/HHDNBsml0dEfsu9f3kzN9jwe1ttqDSjrQBDo7vWt.jpeg', NULL, NULL,
        NULL, 1667383453, 1667383453, NULL),
       (461, 145, '/upload/ax_catalog_product/4-pyoryshka/DqmVz0WDvPG5mgz1NVJhs7RWpi2UimDrISHZtq6N.jpeg', NULL, NULL,
        NULL, 1667383453, 1667383453, NULL),
       (462, 145, '/upload/ax_catalog_product/4-pyoryshka/t2TMjj8E5A0Zs4uRwhWeJzrZxIxRDMKKcUcaxB9d.jpeg', NULL, NULL,
        NULL, 1667383453, 1667383453, NULL),
       (463, 146, '/upload/ax_catalog_product/shef/3NAOARwmDImsH4TsLLzBbv1ZJnPGCdwQnSgRwOnt.jpeg', NULL, NULL, NULL,
        1667383640, 1667383640, NULL),
       (464, 146, '/upload/ax_catalog_product/shef/XgeObVpYU8PiLTY7SPlifHirJO71FbU0wobZbk6q.jpeg', NULL, NULL, NULL,
        1667383640, 1667383640, NULL),
       (465, 146, '/upload/ax_catalog_product/shef/1WRlMjMIN7Xmr3TkmZ8zCXOdydNIVIFLBJExsl55.jpeg', NULL, NULL, NULL,
        1667383640, 1667383640, NULL),
       (466, 146, '/upload/ax_catalog_product/shef/moNTNLmZTBUdCjmqPaiIlkVbsMiQaD30Z3Mg05IX.jpeg', NULL, NULL, NULL,
        1667383640, 1667383640, NULL),
       (467, 146, '/upload/ax_catalog_product/shef/GhTAbLYMvempC3OIyzgHGKEIG20KBdeu01tDRSYc.jpeg', NULL, NULL, NULL,
        1667383640, 1667383640, NULL),
       (468, 147, '/upload/ax_catalog_product/enot/t7r7BN2r7lQXG3jJyNG9AnbBLrCE5DK9KFy3h32R.jpeg', NULL, NULL, 1,
        1667383806, 1667383806, NULL),
       (469, 147, '/upload/ax_catalog_product/enot/AKy0jLoOTVCU1TZGCpgqQb4nBVH6fkHm9xO8UVx4.jpeg', NULL, NULL, 2,
        1667383806, 1667383806, NULL),
       (470, 147, '/upload/ax_catalog_product/enot/3Ur9Q37EvoV9Mbj30oPwBFn2x2XpcNYwlnPtr64W.jpeg', NULL, NULL, 3,
        1667383806, 1667383806, NULL),
       (471, 147, '/upload/ax_catalog_product/enot/lrKwcHJQFyn3ne2xuzRNevrOgXqSTXlWbM3FoT4z.jpeg', NULL, NULL, 4,
        1667383806, 1667383806, NULL),
       (472, 148, '/upload/ax_catalog_product/kinza/acZuluBKRisR54neP2GbH1t37hGa3MI9N80G1TIW.jpeg', NULL, NULL, NULL,
        1667383945, 1667383945, NULL),
       (473, 148, '/upload/ax_catalog_product/kinza/BRXkQIwpwhOO1ZJqRqhE6rIalfgkC6uqdZf6p1Aq.jpeg', NULL, NULL, NULL,
        1667383945, 1667383945, NULL),
       (474, 148, '/upload/ax_catalog_product/kinza/Rx9WCnZ7EvjzmnoWmqD1jbjYi7KNdyjQJOta18zo.jpeg', NULL, NULL, NULL,
        1667383945, 1667383945, NULL),
       (475, 148, '/upload/ax_catalog_product/kinza/y7y1cqoMKiM9RVWqj5zPopYydMm4j5gKJI6kvi5o.jpeg', NULL, NULL, NULL,
        1667383945, 1667383945, NULL),
       (476, 149, '/upload/ax_catalog_product/paporotnik-hilla/iniOwkG1iIstUBAATtq8GkwwNJtINNbLc8bTk0uG.jpeg', NULL,
        NULL, NULL, 1667384251, 1667384251, NULL),
       (477, 149, '/upload/ax_catalog_product/paporotnik-hilla/Sa7BrLN14wKbUb7IAzYkUIwKbMUmPZHPQ6WCOLS7.jpeg', NULL,
        NULL, NULL, 1667384251, 1667384251, NULL),
       (478, 149, '/upload/ax_catalog_product/paporotnik-hilla/9WWLCh87EjlUH7axE4bDD6WKoklWaop2nfaBmlq3.jpeg', NULL,
        NULL, NULL, 1667384251, 1667384251, NULL),
       (479, 149, '/upload/ax_catalog_product/paporotnik-hilla/Ur6yPAjk23i29GVy0rzwEgVxsuOCQ1BRyzYkQj1P.jpeg', NULL,
        NULL, NULL, 1667384251, 1667384251, NULL),
       (480, 149, '/upload/ax_catalog_product/paporotnik-hilla/nRu9jLoON0YgYCtdfMAx7bScqTtCIRhMYd8SbbeP.jpeg', NULL,
        NULL, NULL, 1667384251, 1667384251, NULL),
       (481, 150, '/upload/ax_catalog_product/art-2/v9sHReLP3jiAAuf4vkrBzdH9yVrMhIKyLbGxxqMu.jpeg', NULL, NULL, NULL,
        1667384405, 1667384405, NULL),
       (482, 150, '/upload/ax_catalog_product/art-2/BedOm4JhZIW9tulqgsCPAAuH9Hv9ZaTVRwXzFfxx.jpeg', NULL, NULL, NULL,
        1667384405, 1667384405, NULL),
       (483, 150, '/upload/ax_catalog_product/art-2/Xel2kT7f1A74DntmhhONoejs481L5XH8DDduQ9sw.jpeg', NULL, NULL, NULL,
        1667384405, 1667384405, NULL),
       (484, 150, '/upload/ax_catalog_product/art-2/JatFAfDIx0knOz36rDwMBOMURGHir7NFW6AcUAoF.jpeg', NULL, NULL, NULL,
        1667384405, 1667384405, NULL),
       (485, 150, '/upload/ax_catalog_product/art-2/vPlmoKnFwDJMzQp7BpwwJpQAfjbWoDemjekkC7ZV.jpeg', NULL, NULL, NULL,
        1667384405, 1667384405, NULL),
       (486, 151, '/upload/ax_catalog_product/karp/BywNn6DcxV7Bo1RPZ7aic0dEf5av2Wwb7NGY55R4.jpeg', NULL, NULL, NULL,
        1667384621, 1667384621, NULL),
       (487, 151, '/upload/ax_catalog_product/karp/BcRidJwT1NjXTVTBjpMIxXL5AN2V6skAFF0QIfgO.jpeg', NULL, NULL, NULL,
        1667384621, 1667384621, NULL),
       (488, 151, '/upload/ax_catalog_product/karp/YlwdvRrBk8u4WAleF6Mf3oaPH9fk30lePuAtOZXa.jpeg', NULL, NULL, NULL,
        1667384621, 1667384621, NULL),
       (489, 151, '/upload/ax_catalog_product/karp/0q64njyxKwfwl4uQ1cVENgIe3dJwAa9cSTb3XoXM.jpeg', NULL, NULL, NULL,
        1667384621, 1667384621, NULL),
       (490, 151, '/upload/ax_catalog_product/karp/564lDsy8NxBw5dmHndCVUeDRCcyhqacrmnzDyg1S.jpeg', NULL, NULL, NULL,
        1667384621, 1667384621, NULL),
       (491, 151, '/upload/ax_catalog_product/karp/Ij1kGeeC7GlQgeq7mfsLopgoqnS5Jjp8h96fjCp1.jpeg', NULL, NULL, NULL,
        1667384621, 1667384621, NULL),
       (492, 152, '/upload/ax_catalog_product/duet/uKRdw8afOR4GikPQgOidLGLbKCLDAmTulr2bkrl7.jpeg', NULL, NULL, NULL,
        1667412921, 1667412921, NULL),
       (493, 152, '/upload/ax_catalog_product/duet/19vCeQFuuWqQF78SS3VzB0GioCK0BpW6pBTuLRWG.jpeg', NULL, NULL, NULL,
        1667412921, 1667412921, NULL),
       (494, 152, '/upload/ax_catalog_product/duet/XsTjWLm71Q3I8lC6s1kmDP6XjD6W1CZcWcvfX6Cd.jpeg', NULL, NULL, NULL,
        1667412921, 1667412921, NULL),
       (495, 152, '/upload/ax_catalog_product/duet/yKryTHgN6uNv22DeffixjHWPiiVE6vnn3ZWMLqi4.jpeg', NULL, NULL, NULL,
        1667412921, 1667412921, NULL),
       (496, 152, '/upload/ax_catalog_product/duet/74I5o9EXVGc1N63EauAQmyIXS66VNoWzZhJFCIXo.jpeg', NULL, NULL, NULL,
        1667412921, 1667412921, NULL),
       (497, 152, '/upload/ax_catalog_product/duet/SwbWJLVLLjC4lc5AqehHRghAXX6tm5K594tMiEDa.jpeg', NULL, NULL, NULL,
        1667412921, 1667412921, NULL),
       (498, 152, '/upload/ax_catalog_product/duet/Leg07Ogvltrb98P7zQqI4hrdJhY3mbCBadF78soq.jpeg', NULL, NULL, NULL,
        1667412921, 1667412921, NULL),
       (499, 152, '/upload/ax_catalog_product/duet/1RDfRCPXYFzb6kx6iq7R6NhqOGKZ4abHNngPREn2.jpeg', NULL, NULL, NULL,
        1667412921, 1667412921, NULL),
       (500, 152, '/upload/ax_catalog_product/duet/hsKlV3vsJszVHaJ52W4jCkGAmIFLul8SagIYfd5V.jpeg', NULL, NULL, NULL,
        1667412921, 1667412921, NULL),
       (501, 152, '/upload/ax_catalog_product/duet/bqsS4SD6WrbLXAPqRqSRnn1Q4QZdDSkxHC0yNI5c.jpeg', NULL, NULL, NULL,
        1667412921, 1667412921, NULL),
       (502, 152, '/upload/ax_catalog_product/duet/QcMQQb1fcJIbfef8c8T0Ivx2XoSTcgYrnRh873PW.jpeg', NULL, NULL, NULL,
        1667412921, 1667412921, NULL),
       (503, 152, '/upload/ax_catalog_product/duet/OKVwyYNxrwLEt0d68UcszKiPsE06ju6Cyexq5WSM.jpeg', NULL, NULL, NULL,
        1667412921, 1667412921, NULL),
       (504, 152, '/upload/ax_catalog_product/duet/OdQaubZAvqcxqQtfWgCyWfr3Y8q4xxfil8nKZ5vJ.jpeg', NULL, NULL, NULL,
        1667412921, 1667412921, NULL),
       (505, 152, '/upload/ax_catalog_product/duet/2ztcCWKDZ7aJAIMcJWqeOITubkiGH1hdzCBw3HbR.jpeg', NULL, NULL, NULL,
        1667412921, 1667412921, NULL),
       (506, 152, '/upload/ax_catalog_product/duet/Zen6K71LTBBtuwnMHMatYsHIZe7XmD0HiTmfs9O2.jpeg', NULL, NULL, NULL,
        1667412921, 1667412921, NULL),
       (507, 152, '/upload/ax_catalog_product/duet/Vi5uQT9BrS4dVWMrZYsl9yzghXerMceEgm4cYCnN.jpeg', NULL, NULL, NULL,
        1667412921, 1667412921, NULL),
       (508, 153, '/upload/ax_catalog_product/akaciya-oreo/WdxbPSoJbPqUhPVpKqs3fzITYbjPw0vLhJ09Ao6A.jpeg', NULL, NULL,
        NULL, 1667413219, 1667413219, NULL),
       (509, 153, '/upload/ax_catalog_product/akaciya-oreo/XU3oVBzTRoQPzlHlUX4IDSIdU7p4tPRxGVlbVgg9.jpeg', NULL, NULL,
        NULL, 1667413219, 1667413219, NULL),
       (510, 153, '/upload/ax_catalog_product/akaciya-oreo/zg9vj8Cs28p5DFhOoY65bUKt31W4tBEGdde54Pyy.jpeg', NULL, NULL,
        NULL, 1667413219, 1667413219, NULL),
       (511, 153, '/upload/ax_catalog_product/akaciya-oreo/W04zRhXpVfBKC8D1MLrJWxdvmJRDyOyNoQRqZOlw.jpeg', NULL, NULL,
        NULL, 1667413219, 1667413219, NULL),
       (512, 153, '/upload/ax_catalog_product/akaciya-oreo/Ge9J4KTxJY7LEZWtNKNKi58h8pjcBq1JQ8X3wfZY.jpeg', NULL, NULL,
        NULL, 1667413219, 1667413219, NULL),
       (513, 153, '/upload/ax_catalog_product/akaciya-oreo/xowMhxP0xJRdg0Kp6ZFH9cqQDperjYJINTCCxzlZ.jpeg', NULL, NULL,
        NULL, 1667413219, 1667413219, NULL),
       (514, 153, '/upload/ax_catalog_product/akaciya-oreo/ba9YTwUiDn8JX2znp9M0XlI1sl5bNYNRMn82MEuE.jpeg', NULL, NULL,
        NULL, 1667413219, 1667413219, NULL),
       (515, 154, '/upload/ax_catalog_product/akaciya-pyata/YeJaSkQ1w0BbzicKmK6pEfGnwl6ainKPguWy3Kr3.jpeg', NULL, NULL,
        NULL, 1667413424, 1667413424, NULL),
       (516, 154, '/upload/ax_catalog_product/akaciya-pyata/wD2n1oHDMVpfrbwKLLdhoFgHriRBm6kTwtA1S9cl.jpeg', NULL, NULL,
        NULL, 1667413424, 1667413424, NULL),
       (517, 154, '/upload/ax_catalog_product/akaciya-pyata/ARd6w8ropmcXKRQeAOOtB4SbBVuDvuAMkT6iSVYf.jpeg', NULL, NULL,
        NULL, 1667413424, 1667413424, NULL),
       (518, 154, '/upload/ax_catalog_product/akaciya-pyata/RYtAZQFm1yRtbpe2yGnStOJxQe3uWxgoG7ZnWTnF.jpeg', NULL, NULL,
        NULL, 1667413424, 1667413424, NULL),
       (519, 155, '/upload/ax_catalog_product/abrikos-ozero/WG5TvwxZocmHrH85eoxxqPeAEYXcwMqXqqR98F8s.jpeg', NULL, NULL,
        NULL, 1667413938, 1667413938, NULL),
       (520, 155, '/upload/ax_catalog_product/abrikos-ozero/u3fzsVVScq9Se1SUIAkN7XrsWOnpoKQVIHe7Edai.jpeg', NULL, NULL,
        NULL, 1667413938, 1667413938, NULL),
       (521, 155, '/upload/ax_catalog_product/abrikos-ozero/lE784apS4Kby0ExKKDxE0vzfsTfWON3v714vLVL9.jpeg', NULL, NULL,
        NULL, 1667413938, 1667413938, NULL),
       (522, 155, '/upload/ax_catalog_product/abrikos-ozero/M6rltQ05Maw8C0s3JJcKQ2m0Oy16146UzmbqB8tD.jpeg', NULL, NULL,
        NULL, 1667413938, 1667413938, NULL),
       (523, 155, '/upload/ax_catalog_product/abrikos-ozero/PNMsoo9w2IMhipREOH0YCsptUJcFFBUsQnJjL9zO.jpeg', NULL, NULL,
        NULL, 1667413938, 1667413938, NULL),
       (524, 156, '/upload/ax_catalog_product/akaciya-max/s42fB0UQmjlxuB2QelHn842DvvP4wkgfidovDG5Q.jpeg', NULL, NULL,
        NULL, 1667414188, 1667414188, NULL),
       (525, 156, '/upload/ax_catalog_product/akaciya-max/jRdHPBvSmsyCcvZI48udXBKwsqQIfUdjyy1TOGHS.jpeg', NULL, NULL,
        NULL, 1667414188, 1667414188, NULL),
       (526, 156, '/upload/ax_catalog_product/akaciya-max/K5M0zkaeU1txCrJiir4vg7ZcBAoIfBA5HWWqnjBd.jpeg', NULL, NULL,
        NULL, 1667414188, 1667414188, NULL),
       (527, 156, '/upload/ax_catalog_product/akaciya-max/z0BeX05wvB3fZkMuEDglYGl515Ni3tF8AK2GxCCd.jpeg', NULL, NULL,
        NULL, 1667414188, 1667414188, NULL),
       (528, 157, '/upload/ax_catalog_product/abrikos-set/UYb42u8p6deASvOKi8S5V4UTn8Ynlhc1gHy9Gj0h.jpeg', NULL, NULL,
        NULL, 1667414462, 1667414462, NULL),
       (529, 157, '/upload/ax_catalog_product/abrikos-set/cKgGQvD85YI0vQFC8YXToxerC3IxalQ643E8Bh79.jpeg', NULL, NULL,
        NULL, 1667414462, 1667414462, NULL),
       (530, 157, '/upload/ax_catalog_product/abrikos-set/Fy2IWKYzCAoTShERVKWA4ciI7VmSmUDCvfWPBxnW.jpeg', NULL, NULL,
        NULL, 1667414462, 1667414462, NULL),
       (531, 157, '/upload/ax_catalog_product/abrikos-set/r4s8jUdguwMZ44KdKOXJo9Cs2c36DK2YfkahKWVl.jpeg', NULL, NULL,
        NULL, 1667414462, 1667414462, NULL),
       (532, 157, '/upload/ax_catalog_product/abrikos-set/nhmtLa3rJH29ZBK1upcB58ip8zGZ0e68ChBR3yLu.jpeg', NULL, NULL,
        NULL, 1667414462, 1667414462, NULL),
       (533, 157, '/upload/ax_catalog_product/abrikos-set/xu7AiGidLecetg781hwhcyh8oXNcUvmhiSmlKWs6.jpeg', NULL, NULL,
        NULL, 1667414462, 1667414462, NULL),
       (534, 1, '/upload/ax_page/portfolio/7aL10l01pHLnJsNeARS8wtjQ0rrUIMVHLi3v5sym.jpeg', '✶ Степной шмель ✶', NULL,
        NULL, 1667487425, 1667487425, NULL),
       (535, 1, '/upload/ax_page/portfolio/j3Mfo3Ig5DbERDARilIIEHpHgkP4kva8hFUnurrW.jpeg', '✶ Шеф ✶', NULL, NULL,
        1667487440, 1667487440, NULL),
       (536, 1, '/upload/ax_page/portfolio/NiGkctmlTNhQ5JtRpA0XM1h6OWcxSdaNZFzJOMkO.jpeg', '✶ Енот ✶', NULL, NULL,
        1667570945, 1667570945, NULL);

TRUNCATE `ax_main_address`;
INSERT INTO `ax_main_address` (`id`, `resource`, `resource_id`, `type`, `is_delivery`, `address`, `index`, `country`,
                               `region`, `city`, `street`, `house`, `apartment`, `description`, `image`, `created_at`,
                               `updated_at`, `deleted_at`)
VALUES (1, 'ax_user', 6, 1, 0, NULL, NULL, NULL, 'Краснодарский край', 'Краснодар', 'Петра Метальникова 7', '233', NULL,
        NULL, NULL, 1656279810, 1664612836, NULL),
       (2, 'ax_user', 11, 1, 0, NULL, NULL, NULL, 'Москва', 'Москва', 'Проезд Шокальского', '33, ПВЗ СДЭК', NULL, NULL,
        NULL, 1657567747, 1657608927, NULL),
       (3, 'ax_user', 11, 1, 1, NULL, NULL, NULL, 'Москва', 'Москва', 'Шокальского проезд', '33 ПВЗ СДЭК', NULL, NULL,
        NULL, 1657608927, 1657608927, NULL),
       (4, 'ax_user', 6, 1, 1, NULL, NULL, NULL, 'Краснодарский край', 'Краснодар', 'Петра Метальникова 7', '233',
        '233', NULL, NULL, 1664612836, 1664612836, NULL);

TRUNCATE `ax_main_history`;
INSERT INTO `ax_main_history` (`id`, `ips_id`, `user_id`, `resource`, `resource_id`, `event`, `body`, `description`,
                               `created_at`, `updated_at`, `deleted_at`)
VALUES (1, 2, NULL, 'ax_catalog_product', 53, 'updated',
        '{\"model\": {\"id\": 53, \"url\": \"maslo-vosk\", \"hits\": 0, \"sort\": null, \"alias\": \"maslo-vosk\", \"image\": \"/upload/ax_catalog_product/maslo-vosk/a25GZlIg9Ga3LnXn2bKyYxhWcVGTQE8FfiHEWa0x.jpeg\", \"media\": null, \"price\": 180, \"stars\": 0, \"title\": \"Масло-Воск\", \"is_single\": 0, \"render_id\": null, \"show_date\": 1, \"created_at\": 1653339600, \"deleted_at\": null, \"updated_at\": 1656279104, \"category_id\": 7, \"description\": \"<p><span style=\\\"font-size: 16px;\\\">Масло-воск для обработки разделочных досок.</span></p><p><span style=\\\"font-size: 16px;\\\"> </span></p><p><span style=\\\"font-size: 16px;\\\">Подходит для всех видов деревянных досок.</span></p><p><span style=\\\"font-size: 16px;\\\">В его состав входит пчелиный воск и масло медицинское вазелиновое.</span><br></p>\", \"is_comments\": 0, \"title_short\": null, \"is_published\": 1, \"is_watermark\": 0, \"is_favourites\": 0, \"preview_description\": null}, \"changes\": {\"updated_at\": 1656279104, \"is_published\": 1}}',
        NULL, 1656279104, NULL, NULL),
       (2, 2, 7, 'ax_document_coming', 1, 'created',
        '{\"model\": {\"id\": 1, \"status\": 1, \"document\": null, \"created_at\": 1653333331, \"deleted_at\": null, \"updated_at\": 1656279103, \"currency_id\": null, \"document_id\": null, \"counterparty_id\": 1, \"fin_transaction_type_id\": 2, \"catalog_storage_place_id\": 1}, \"changes\": []}',
        NULL, 1653333331, NULL, NULL),
       (3, 2, 7, 'ax_document_coming', 2, 'created',
        '{\"model\": {\"id\": 2, \"status\": 1, \"document\": null, \"created_at\": 1653333331, \"deleted_at\": null, \"updated_at\": 1656279103, \"currency_id\": null, \"document_id\": null, \"counterparty_id\": 1, \"fin_transaction_type_id\": 2, \"catalog_storage_place_id\": 1}, \"changes\": []}',
        NULL, 1653333331, NULL, NULL),
       (4, 2, 7, 'ax_document_coming', 3, 'created',
        '{\"model\": {\"id\": 3, \"status\": 1, \"document\": null, \"created_at\": 1653333331, \"deleted_at\": null, \"updated_at\": 1656279103, \"currency_id\": null, \"document_id\": null, \"counterparty_id\": 1, \"fin_transaction_type_id\": 2, \"catalog_storage_place_id\": 1}, \"changes\": []}',
        NULL, 1653333331, NULL, NULL),
       (5, 2, 7, 'ax_document_coming', 4, 'created',
        '{\"model\": {\"id\": 4, \"status\": 1, \"document\": null, \"created_at\": 1653333331, \"deleted_at\": null, \"updated_at\": 1656279103, \"currency_id\": null, \"document_id\": null, \"counterparty_id\": 1, \"fin_transaction_type_id\": 2, \"catalog_storage_place_id\": 1}, \"changes\": []}',
        NULL, 1653333331, NULL, NULL),
       (6, 2, 7, 'ax_document_coming', 5, 'created',
        '{\"model\": {\"id\": 5, \"status\": 1, \"document\": null, \"created_at\": 1653333331, \"deleted_at\": null, \"updated_at\": 1656279103, \"currency_id\": null, \"document_id\": null, \"counterparty_id\": 1, \"fin_transaction_type_id\": 2, \"catalog_storage_place_id\": 1}, \"changes\": []}',
        NULL, 1653333331, NULL, NULL),
       (7, 2, 7, 'ax_document_coming', 6, 'created',
        '{\"model\": {\"id\": 6, \"status\": 1, \"document\": null, \"created_at\": 1653333331, \"deleted_at\": null, \"updated_at\": 1656279103, \"currency_id\": null, \"document_id\": null, \"counterparty_id\": 1, \"fin_transaction_type_id\": 2, \"catalog_storage_place_id\": 1}, \"changes\": []}',
        NULL, 1653333331, NULL, NULL),
       (8, 2, 7, 'ax_document_coming', 7, 'created',
        '{\"model\": {\"id\": 7, \"status\": 1, \"document\": null, \"created_at\": 1653333331, \"deleted_at\": null, \"updated_at\": 1656279103, \"currency_id\": null, \"document_id\": null, \"counterparty_id\": 1, \"fin_transaction_type_id\": 2, \"catalog_storage_place_id\": 1}, \"changes\": []}',
        NULL, 1653333331, NULL, NULL),
       (9, 2, 7, 'ax_document_coming', 8, 'created',
        '{\"model\": {\"id\": 8, \"status\": 1, \"document\": null, \"created_at\": 1653333331, \"deleted_at\": null, \"updated_at\": 1656279103, \"currency_id\": null, \"document_id\": null, \"counterparty_id\": 1, \"fin_transaction_type_id\": 2, \"catalog_storage_place_id\": 1}, \"changes\": []}',
        NULL, 1653333331, NULL, NULL),
       (10, 2, 7, 'ax_document_coming', 9, 'created',
        '{\"model\": {\"id\": 9, \"status\": 1, \"document\": null, \"created_at\": 1653333331, \"deleted_at\": null, \"updated_at\": 1656279103, \"currency_id\": null, \"document_id\": null, \"counterparty_id\": 1, \"fin_transaction_type_id\": 2, \"catalog_storage_place_id\": 1}, \"changes\": []}',
        NULL, 1653333331, NULL, NULL),
       (11, 2, 7, 'ax_document_coming', 10, 'created',
        '{\"model\": {\"id\": 10, \"status\": 1, \"document\": null, \"created_at\": 1653333331, \"deleted_at\": null, \"updated_at\": 1656279103, \"currency_id\": null, \"document_id\": null, \"counterparty_id\": 1, \"fin_transaction_type_id\": 2, \"catalog_storage_place_id\": 1}, \"changes\": []}',
        NULL, 1653333331, NULL, NULL),
       (12, 2, 7, 'ax_document_coming', 11, 'created',
        '{\"model\": {\"id\": 11, \"status\": 1, \"document\": null, \"created_at\": 1653333331, \"deleted_at\": null, \"updated_at\": 1656279103, \"currency_id\": null, \"document_id\": null, \"counterparty_id\": 1, \"fin_transaction_type_id\": 2, \"catalog_storage_place_id\": 1}, \"changes\": []}',
        NULL, 1653333331, NULL, NULL),
       (13, 2, 7, 'ax_document_coming', 12, 'created',
        '{\"model\": {\"id\": 12, \"status\": 1, \"document\": null, \"created_at\": 1653333331, \"deleted_at\": null, \"updated_at\": 1656279103, \"currency_id\": null, \"document_id\": null, \"counterparty_id\": 1, \"fin_transaction_type_id\": 2, \"catalog_storage_place_id\": 1}, \"changes\": []}',
        NULL, 1653333331, NULL, NULL),
       (14, 2, 7, 'ax_document_coming', 13, 'created',
        '{\"model\": {\"id\": 13, \"status\": 1, \"document\": null, \"created_at\": 1653333331, \"deleted_at\": null, \"updated_at\": 1656279103, \"currency_id\": null, \"document_id\": null, \"counterparty_id\": 1, \"fin_transaction_type_id\": 2, \"catalog_storage_place_id\": 1}, \"changes\": []}',
        NULL, 1653333331, NULL, NULL),
       (15, 2, 7, 'ax_document_coming', 14, 'created',
        '{\"model\": {\"id\": 14, \"status\": 1, \"document\": null, \"created_at\": 1653333331, \"deleted_at\": null, \"updated_at\": 1656279103, \"currency_id\": null, \"document_id\": null, \"counterparty_id\": 1, \"fin_transaction_type_id\": 2, \"catalog_storage_place_id\": 1}, \"changes\": []}',
        NULL, 1653333331, NULL, NULL),
       (16, 2, 7, 'ax_document_coming', 15, 'created',
        '{\"model\": {\"id\": 15, \"status\": 1, \"document\": null, \"created_at\": 1653333331, \"deleted_at\": null, \"updated_at\": 1656279103, \"currency_id\": null, \"document_id\": null, \"counterparty_id\": 1, \"fin_transaction_type_id\": 2, \"catalog_storage_place_id\": 1}, \"changes\": []}',
        NULL, 1653333331, NULL, NULL),
       (17, 2, 7, 'ax_document_coming', 16, 'created',
        '{\"model\": {\"id\": 16, \"status\": 1, \"document\": null, \"created_at\": 1653333331, \"deleted_at\": null, \"updated_at\": 1656279103, \"currency_id\": null, \"document_id\": null, \"counterparty_id\": 1, \"fin_transaction_type_id\": 2, \"catalog_storage_place_id\": 1}, \"changes\": []}',
        NULL, 1653333331, NULL, NULL),
       (18, 2, 7, 'ax_document_coming', 17, 'created',
        '{\"model\": {\"id\": 17, \"status\": 1, \"document\": null, \"created_at\": 1653333331, \"deleted_at\": null, \"updated_at\": 1656279103, \"currency_id\": null, \"document_id\": null, \"counterparty_id\": 1, \"fin_transaction_type_id\": 2, \"catalog_storage_place_id\": 1}, \"changes\": []}',
        NULL, 1653333331, NULL, NULL),
       (19, 2, 7, 'ax_document_coming', 18, 'created',
        '{\"model\": {\"id\": 18, \"status\": 1, \"document\": null, \"created_at\": 1653333331, \"deleted_at\": null, \"updated_at\": 1656279103, \"currency_id\": null, \"document_id\": null, \"counterparty_id\": 1, \"fin_transaction_type_id\": 2, \"catalog_storage_place_id\": 1}, \"changes\": []}',
        NULL, 1653333331, NULL, NULL),
       (20, 2, 7, 'ax_document_coming', 19, 'created',
        '{\"model\": {\"id\": 19, \"status\": 1, \"document\": null, \"created_at\": 1653333331, \"deleted_at\": null, \"updated_at\": 1656279103, \"currency_id\": null, \"document_id\": null, \"counterparty_id\": 1, \"fin_transaction_type_id\": 2, \"catalog_storage_place_id\": 1}, \"changes\": []}',
        NULL, 1653333331, NULL, NULL),
       (21, 2, 7, 'ax_document_coming', 20, 'created',
        '{\"model\": {\"id\": 20, \"status\": 1, \"document\": null, \"created_at\": 1653333331, \"deleted_at\": null, \"updated_at\": 1656279103, \"currency_id\": null, \"document_id\": null, \"counterparty_id\": 1, \"fin_transaction_type_id\": 2, \"catalog_storage_place_id\": 1}, \"changes\": []}',
        NULL, 1653333331, NULL, NULL),
       (22, 2, 7, 'ax_document_coming', 21, 'created',
        '{\"model\": {\"id\": 21, \"status\": 1, \"document\": null, \"created_at\": 1653333331, \"deleted_at\": null, \"updated_at\": 1656279103, \"currency_id\": null, \"document_id\": null, \"counterparty_id\": 1, \"fin_transaction_type_id\": 2, \"catalog_storage_place_id\": 1}, \"changes\": []}',
        NULL, 1653333331, NULL, NULL),
       (23, 2, 7, 'ax_document_coming', 22, 'created',
        '{\"model\": {\"id\": 22, \"status\": 1, \"document\": null, \"created_at\": 1653333331, \"deleted_at\": null, \"updated_at\": 1656279103, \"currency_id\": null, \"document_id\": null, \"counterparty_id\": 1, \"fin_transaction_type_id\": 2, \"catalog_storage_place_id\": 1}, \"changes\": []}',
        NULL, 1653333331, NULL, NULL),
       (24, 2, 7, 'ax_document_coming', 23, 'created',
        '{\"model\": {\"id\": 23, \"status\": 1, \"document\": null, \"created_at\": 1653333331, \"deleted_at\": null, \"updated_at\": 1656279103, \"currency_id\": null, \"document_id\": null, \"counterparty_id\": 1, \"fin_transaction_type_id\": 2, \"catalog_storage_place_id\": 1}, \"changes\": []}',
        NULL, 1653333331, NULL, NULL),
       (25, 2, 7, 'ax_document_coming', 24, 'created',
        '{\"model\": {\"id\": 24, \"status\": 1, \"document\": null, \"created_at\": 1653333331, \"deleted_at\": null, \"updated_at\": 1656279103, \"currency_id\": null, \"document_id\": null, \"counterparty_id\": 1, \"fin_transaction_type_id\": 2, \"catalog_storage_place_id\": 1}, \"changes\": []}',
        NULL, 1653333331, NULL, NULL),
       (26, 2, 7, 'ax_document_coming', 25, 'created',
        '{\"model\": {\"id\": 25, \"status\": 1, \"document\": null, \"created_at\": 1653333331, \"deleted_at\": null, \"updated_at\": 1656279103, \"currency_id\": null, \"document_id\": null, \"counterparty_id\": 1, \"fin_transaction_type_id\": 2, \"catalog_storage_place_id\": 1}, \"changes\": []}',
        NULL, 1653333331, NULL, NULL),
       (27, 2, 7, 'ax_document_coming', 26, 'created',
        '{\"model\": {\"id\": 26, \"status\": 1, \"document\": null, \"created_at\": 1653333331, \"deleted_at\": null, \"updated_at\": 1656279103, \"currency_id\": null, \"document_id\": null, \"counterparty_id\": 1, \"fin_transaction_type_id\": 2, \"catalog_storage_place_id\": 1}, \"changes\": []}',
        NULL, 1653333331, NULL, NULL),
       (28, 2, 7, 'ax_document_coming', 27, 'created',
        '{\"model\": {\"id\": 27, \"status\": 1, \"document\": null, \"created_at\": 1653333331, \"deleted_at\": null, \"updated_at\": 1656279103, \"currency_id\": null, \"document_id\": null, \"counterparty_id\": 1, \"fin_transaction_type_id\": 2, \"catalog_storage_place_id\": 1}, \"changes\": []}',
        NULL, 1653333331, NULL, NULL),
       (29, 2, 7, 'ax_document_coming', 28, 'created',
        '{\"model\": {\"id\": 28, \"status\": 1, \"document\": null, \"created_at\": 1653367609, \"deleted_at\": null, \"updated_at\": 1656279103, \"currency_id\": null, \"document_id\": null, \"counterparty_id\": 1, \"fin_transaction_type_id\": 2, \"catalog_storage_place_id\": 1}, \"changes\": []}',
        NULL, 1653367609, NULL, NULL),
       (30, 2, 7, 'ax_document_coming', 29, 'created',
        '{\"model\": {\"id\": 29, \"status\": 1, \"document\": null, \"created_at\": 1653369320, \"deleted_at\": null, \"updated_at\": 1656279103, \"currency_id\": null, \"document_id\": null, \"counterparty_id\": 1, \"fin_transaction_type_id\": 2, \"catalog_storage_place_id\": 1}, \"changes\": []}',
        NULL, 1653369320, NULL, NULL),
       (31, 2, 7, 'ax_document_coming', 30, 'created',
        '{\"model\": {\"id\": 30, \"status\": 1, \"document\": null, \"created_at\": 1653369906, \"deleted_at\": null, \"updated_at\": 1656279103, \"currency_id\": null, \"document_id\": null, \"counterparty_id\": 1, \"fin_transaction_type_id\": 2, \"catalog_storage_place_id\": 1}, \"changes\": []}',
        NULL, 1653369906, NULL, NULL),
       (32, 2, 7, 'ax_document_coming', 31, 'created',
        '{\"model\": {\"id\": 31, \"status\": 1, \"document\": null, \"created_at\": 1653371682, \"deleted_at\": null, \"updated_at\": 1656279103, \"currency_id\": null, \"document_id\": null, \"counterparty_id\": 1, \"fin_transaction_type_id\": 2, \"catalog_storage_place_id\": 1}, \"changes\": []}',
        NULL, 1653371682, NULL, NULL),
       (33, 2, 7, 'ax_document_coming', 32, 'created',
        '{\"model\": {\"id\": 32, \"status\": 1, \"document\": null, \"created_at\": 1653372215, \"deleted_at\": null, \"updated_at\": 1656279103, \"currency_id\": null, \"document_id\": null, \"counterparty_id\": 1, \"fin_transaction_type_id\": 2, \"catalog_storage_place_id\": 1}, \"changes\": []}',
        NULL, 1653372215, NULL, NULL),
       (34, 2, 7, 'ax_document_coming', 33, 'created',
        '{\"model\": {\"id\": 33, \"status\": 1, \"document\": null, \"created_at\": 1653373045, \"deleted_at\": null, \"updated_at\": 1656279103, \"currency_id\": null, \"document_id\": null, \"counterparty_id\": 1, \"fin_transaction_type_id\": 2, \"catalog_storage_place_id\": 1}, \"changes\": []}',
        NULL, 1653373045, NULL, NULL),
       (35, 2, 7, 'ax_document_coming', 34, 'created',
        '{\"model\": {\"id\": 34, \"status\": 1, \"document\": null, \"created_at\": 1653373820, \"deleted_at\": null, \"updated_at\": 1656279103, \"currency_id\": null, \"document_id\": null, \"counterparty_id\": 1, \"fin_transaction_type_id\": 2, \"catalog_storage_place_id\": 1}, \"changes\": []}',
        NULL, 1653373820, NULL, NULL),
       (36, 2, 7, 'ax_document_coming', 35, 'created',
        '{\"model\": {\"id\": 35, \"status\": 1, \"document\": null, \"created_at\": 1653374302, \"deleted_at\": null, \"updated_at\": 1656279103, \"currency_id\": null, \"document_id\": null, \"counterparty_id\": 1, \"fin_transaction_type_id\": 2, \"catalog_storage_place_id\": 1}, \"changes\": []}',
        NULL, 1653374302, NULL, NULL),
       (37, 2, 7, 'ax_document_coming', 36, 'created',
        '{\"model\": {\"id\": 36, \"status\": 1, \"document\": null, \"created_at\": 1653375243, \"deleted_at\": null, \"updated_at\": 1656279103, \"currency_id\": null, \"document_id\": null, \"counterparty_id\": 1, \"fin_transaction_type_id\": 2, \"catalog_storage_place_id\": 1}, \"changes\": []}',
        NULL, 1653375243, NULL, NULL),
       (38, 2, 7, 'ax_document_coming', 37, 'created',
        '{\"model\": {\"id\": 37, \"status\": 1, \"document\": null, \"created_at\": 1653376122, \"deleted_at\": null, \"updated_at\": 1656279103, \"currency_id\": null, \"document_id\": null, \"counterparty_id\": 1, \"fin_transaction_type_id\": 2, \"catalog_storage_place_id\": 1}, \"changes\": []}',
        NULL, 1653376122, NULL, NULL),
       (39, 2, 7, 'ax_document_coming', 38, 'created',
        '{\"model\": {\"id\": 38, \"status\": 1, \"document\": null, \"created_at\": 1653377011, \"deleted_at\": null, \"updated_at\": 1656279103, \"currency_id\": null, \"document_id\": null, \"counterparty_id\": 1, \"fin_transaction_type_id\": 2, \"catalog_storage_place_id\": 1}, \"changes\": []}',
        NULL, 1653377011, NULL, NULL),
       (40, 2, 7, 'ax_document_coming', 39, 'created',
        '{\"model\": {\"id\": 39, \"status\": 1, \"document\": null, \"created_at\": 1653377639, \"deleted_at\": null, \"updated_at\": 1656279103, \"currency_id\": null, \"document_id\": null, \"counterparty_id\": 1, \"fin_transaction_type_id\": 2, \"catalog_storage_place_id\": 1}, \"changes\": []}',
        NULL, 1653377639, NULL, NULL),
       (41, 2, 7, 'ax_document_coming', 40, 'created',
        '{\"model\": {\"id\": 40, \"status\": 1, \"document\": null, \"created_at\": 1653379570, \"deleted_at\": null, \"updated_at\": 1656279103, \"currency_id\": null, \"document_id\": null, \"counterparty_id\": 1, \"fin_transaction_type_id\": 2, \"catalog_storage_place_id\": 1}, \"changes\": []}',
        NULL, 1653379570, NULL, NULL),
       (42, 2, 7, 'ax_document_coming', 41, 'created',
        '{\"model\": {\"id\": 41, \"status\": 1, \"document\": null, \"created_at\": 1653381142, \"deleted_at\": null, \"updated_at\": 1656279103, \"currency_id\": null, \"document_id\": null, \"counterparty_id\": 1, \"fin_transaction_type_id\": 2, \"catalog_storage_place_id\": 1}, \"changes\": []}',
        NULL, 1653381142, NULL, NULL),
       (43, 2, 7, 'ax_document_coming', 42, 'created',
        '{\"model\": {\"id\": 42, \"status\": 1, \"document\": null, \"created_at\": 1653381908, \"deleted_at\": null, \"updated_at\": 1656279103, \"currency_id\": null, \"document_id\": null, \"counterparty_id\": 1, \"fin_transaction_type_id\": 2, \"catalog_storage_place_id\": 1}, \"changes\": []}',
        NULL, 1653381908, NULL, NULL),
       (44, 2, 7, 'ax_document_coming', 43, 'created',
        '{\"model\": {\"id\": 43, \"status\": 1, \"document\": null, \"created_at\": 1653382697, \"deleted_at\": null, \"updated_at\": 1656279103, \"currency_id\": null, \"document_id\": null, \"counterparty_id\": 1, \"fin_transaction_type_id\": 2, \"catalog_storage_place_id\": 1}, \"changes\": []}',
        NULL, 1653382697, NULL, NULL),
       (45, 2, 7, 'ax_document_coming', 44, 'created',
        '{\"model\": {\"id\": 44, \"status\": 1, \"document\": null, \"created_at\": 1653383699, \"deleted_at\": null, \"updated_at\": 1656279103, \"currency_id\": null, \"document_id\": null, \"counterparty_id\": 1, \"fin_transaction_type_id\": 2, \"catalog_storage_place_id\": 1}, \"changes\": []}',
        NULL, 1653383699, NULL, NULL),
       (46, 2, 7, 'ax_document_coming', 45, 'created',
        '{\"model\": {\"id\": 45, \"status\": 1, \"document\": null, \"created_at\": 1653384501, \"deleted_at\": null, \"updated_at\": 1656279103, \"currency_id\": null, \"document_id\": null, \"counterparty_id\": 1, \"fin_transaction_type_id\": 2, \"catalog_storage_place_id\": 1}, \"changes\": []}',
        NULL, 1653384501, NULL, NULL),
       (47, 2, 7, 'ax_document_coming', 46, 'created',
        '{\"model\": {\"id\": 46, \"status\": 1, \"document\": null, \"created_at\": 1653385050, \"deleted_at\": null, \"updated_at\": 1656279103, \"currency_id\": null, \"document_id\": null, \"counterparty_id\": 1, \"fin_transaction_type_id\": 2, \"catalog_storage_place_id\": 1}, \"changes\": []}',
        NULL, 1653385050, NULL, NULL),
       (48, 2, 7, 'ax_document_coming', 47, 'created',
        '{\"model\": {\"id\": 47, \"status\": 1, \"document\": null, \"created_at\": 1653385494, \"deleted_at\": null, \"updated_at\": 1656279104, \"currency_id\": null, \"document_id\": null, \"counterparty_id\": 1, \"fin_transaction_type_id\": 2, \"catalog_storage_place_id\": 1}, \"changes\": []}',
        NULL, 1653385494, NULL, NULL),
       (49, 2, 7, 'ax_document_coming', 48, 'created',
        '{\"model\": {\"id\": 48, \"status\": 1, \"document\": null, \"created_at\": 1653388341, \"deleted_at\": null, \"updated_at\": 1656279104, \"currency_id\": null, \"document_id\": null, \"counterparty_id\": 1, \"fin_transaction_type_id\": 2, \"catalog_storage_place_id\": 1}, \"changes\": []}',
        NULL, 1653388341, NULL, NULL),
       (50, 2, 7, 'ax_document_coming', 49, 'created',
        '{\"model\": {\"id\": 49, \"status\": 1, \"document\": null, \"created_at\": 1653388971, \"deleted_at\": null, \"updated_at\": 1656279104, \"currency_id\": null, \"document_id\": null, \"counterparty_id\": 1, \"fin_transaction_type_id\": 2, \"catalog_storage_place_id\": 1}, \"changes\": []}',
        NULL, 1653388971, NULL, NULL),
       (51, 2, 7, 'ax_document_coming', 50, 'created',
        '{\"model\": {\"id\": 50, \"status\": 1, \"document\": null, \"created_at\": 1653390063, \"deleted_at\": null, \"updated_at\": 1656279104, \"currency_id\": null, \"document_id\": null, \"counterparty_id\": 1, \"fin_transaction_type_id\": 2, \"catalog_storage_place_id\": 1}, \"changes\": []}',
        NULL, 1653390063, NULL, NULL),
       (52, 2, 7, 'ax_document_coming', 51, 'created',
        '{\"model\": {\"id\": 51, \"status\": 1, \"document\": null, \"created_at\": 1653390495, \"deleted_at\": null, \"updated_at\": 1656279104, \"currency_id\": null, \"document_id\": null, \"counterparty_id\": 1, \"fin_transaction_type_id\": 2, \"catalog_storage_place_id\": 1}, \"changes\": []}',
        NULL, 1653390495, NULL, NULL),
       (53, 2, 7, 'ax_document_coming', 52, 'created',
        '{\"model\": {\"id\": 52, \"status\": 1, \"document\": null, \"created_at\": 1653390881, \"deleted_at\": null, \"updated_at\": 1656279104, \"currency_id\": null, \"document_id\": null, \"counterparty_id\": 1, \"fin_transaction_type_id\": 2, \"catalog_storage_place_id\": 1}, \"changes\": []}',
        NULL, 1653390881, NULL, NULL),
       (54, 2, 7, 'ax_document_coming', 53, 'created',
        '{\"model\": {\"id\": 53, \"status\": 1, \"document\": null, \"created_at\": 1653391682, \"deleted_at\": null, \"updated_at\": 1656279104, \"currency_id\": null, \"document_id\": null, \"counterparty_id\": 1, \"fin_transaction_type_id\": 2, \"catalog_storage_place_id\": 1}, \"changes\": []}',
        NULL, 1653391682, NULL, NULL),
       (55, 2, 7, 'ax_document_coming_content', 1, 'created',
        '{\"model\": {\"id\": 1, \"price\": 0, \"quantity\": 1, \"price_out\": 2000, \"created_at\": 1653333331, \"deleted_at\": null, \"updated_at\": 1656279103, \"description\": null, \"document_id\": 1, \"catalog_product_id\": 2, \"catalog_storage_id\": 1}, \"changes\": []}',
        NULL, 1653333331, NULL, NULL),
       (56, 2, 7, 'ax_document_coming_content', 2, 'created',
        '{\"model\": {\"id\": 2, \"price\": 0, \"quantity\": 1, \"price_out\": 1100, \"created_at\": 1653333331, \"deleted_at\": null, \"updated_at\": 1656279103, \"description\": null, \"document_id\": 2, \"catalog_product_id\": 3, \"catalog_storage_id\": 2}, \"changes\": []}',
        NULL, 1653333331, NULL, NULL),
       (57, 2, 7, 'ax_document_coming_content', 3, 'created',
        '{\"model\": {\"id\": 3, \"price\": 0, \"quantity\": 1, \"price_out\": 1800, \"created_at\": 1653333331, \"deleted_at\": null, \"updated_at\": 1656279103, \"description\": null, \"document_id\": 3, \"catalog_product_id\": 4, \"catalog_storage_id\": 3}, \"changes\": []}',
        NULL, 1653333331, NULL, NULL),
       (58, 2, 7, 'ax_document_coming_content', 4, 'created',
        '{\"model\": {\"id\": 4, \"price\": 0, \"quantity\": 1, \"price_out\": 2000, \"created_at\": 1653333331, \"deleted_at\": null, \"updated_at\": 1656279103, \"description\": null, \"document_id\": 4, \"catalog_product_id\": 5, \"catalog_storage_id\": 4}, \"changes\": []}',
        NULL, 1653333331, NULL, NULL),
       (59, 2, 7, 'ax_document_coming_content', 5, 'created',
        '{\"model\": {\"id\": 5, \"price\": 0, \"quantity\": 1, \"price_out\": 2000, \"created_at\": 1653333331, \"deleted_at\": null, \"updated_at\": 1656279103, \"description\": null, \"document_id\": 5, \"catalog_product_id\": 6, \"catalog_storage_id\": 5}, \"changes\": []}',
        NULL, 1653333331, NULL, NULL),
       (60, 2, 7, 'ax_document_coming_content', 6, 'created',
        '{\"model\": {\"id\": 6, \"price\": 0, \"quantity\": 1, \"price_out\": 2200, \"created_at\": 1653333331, \"deleted_at\": null, \"updated_at\": 1656279103, \"description\": null, \"document_id\": 6, \"catalog_product_id\": 7, \"catalog_storage_id\": 6}, \"changes\": []}',
        NULL, 1653333331, NULL, NULL),
       (61, 2, 7, 'ax_document_coming_content', 7, 'created',
        '{\"model\": {\"id\": 7, \"price\": 0, \"quantity\": 1, \"price_out\": 2500, \"created_at\": 1653333331, \"deleted_at\": null, \"updated_at\": 1656279103, \"description\": null, \"document_id\": 7, \"catalog_product_id\": 8, \"catalog_storage_id\": 7}, \"changes\": []}',
        NULL, 1653333331, NULL, NULL),
       (62, 2, 7, 'ax_document_coming_content', 8, 'created',
        '{\"model\": {\"id\": 8, \"price\": 0, \"quantity\": 1, \"price_out\": 2800, \"created_at\": 1653333331, \"deleted_at\": null, \"updated_at\": 1656279103, \"description\": null, \"document_id\": 8, \"catalog_product_id\": 9, \"catalog_storage_id\": 8}, \"changes\": []}',
        NULL, 1653333331, NULL, NULL),
       (63, 2, 7, 'ax_document_coming_content', 9, 'created',
        '{\"model\": {\"id\": 9, \"price\": 0, \"quantity\": 1, \"price_out\": 2300, \"created_at\": 1653333331, \"deleted_at\": null, \"updated_at\": 1656279103, \"description\": null, \"document_id\": 9, \"catalog_product_id\": 10, \"catalog_storage_id\": 9}, \"changes\": []}',
        NULL, 1653333331, NULL, NULL),
       (64, 2, 7, 'ax_document_coming_content', 10, 'created',
        '{\"model\": {\"id\": 10, \"price\": 0, \"quantity\": 1, \"price_out\": 1500, \"created_at\": 1653333331, \"deleted_at\": null, \"updated_at\": 1656279103, \"description\": null, \"document_id\": 10, \"catalog_product_id\": 11, \"catalog_storage_id\": 10}, \"changes\": []}',
        NULL, 1653333331, NULL, NULL),
       (65, 2, 7, 'ax_document_coming_content', 11, 'created',
        '{\"model\": {\"id\": 11, \"price\": 0, \"quantity\": 1, \"price_out\": 1600, \"created_at\": 1653333331, \"deleted_at\": null, \"updated_at\": 1656279103, \"description\": null, \"document_id\": 11, \"catalog_product_id\": 12, \"catalog_storage_id\": 11}, \"changes\": []}',
        NULL, 1653333331, NULL, NULL),
       (66, 2, 7, 'ax_document_coming_content', 12, 'created',
        '{\"model\": {\"id\": 12, \"price\": 0, \"quantity\": 1, \"price_out\": 1100, \"created_at\": 1653333331, \"deleted_at\": null, \"updated_at\": 1656279103, \"description\": null, \"document_id\": 12, \"catalog_product_id\": 13, \"catalog_storage_id\": 12}, \"changes\": []}',
        NULL, 1653333331, NULL, NULL),
       (67, 2, 7, 'ax_document_coming_content', 13, 'created',
        '{\"model\": {\"id\": 13, \"price\": 0, \"quantity\": 1, \"price_out\": 1200, \"created_at\": 1653333331, \"deleted_at\": null, \"updated_at\": 1656279103, \"description\": null, \"document_id\": 13, \"catalog_product_id\": 14, \"catalog_storage_id\": 13}, \"changes\": []}',
        NULL, 1653333331, NULL, NULL),
       (68, 2, 7, 'ax_document_coming_content', 14, 'created',
        '{\"model\": {\"id\": 14, \"price\": 0, \"quantity\": 1, \"price_out\": 1000, \"created_at\": 1653333331, \"deleted_at\": null, \"updated_at\": 1656279103, \"description\": null, \"document_id\": 14, \"catalog_product_id\": 15, \"catalog_storage_id\": 14}, \"changes\": []}',
        NULL, 1653333331, NULL, NULL),
       (69, 2, 7, 'ax_document_coming_content', 15, 'created',
        '{\"model\": {\"id\": 15, \"price\": 0, \"quantity\": 1, \"price_out\": 1200, \"created_at\": 1653333331, \"deleted_at\": null, \"updated_at\": 1656279103, \"description\": null, \"document_id\": 15, \"catalog_product_id\": 16, \"catalog_storage_id\": 15}, \"changes\": []}',
        NULL, 1653333331, NULL, NULL),
       (70, 2, 7, 'ax_document_coming_content', 16, 'created',
        '{\"model\": {\"id\": 16, \"price\": 0, \"quantity\": 1, \"price_out\": 1200, \"created_at\": 1653333331, \"deleted_at\": null, \"updated_at\": 1656279103, \"description\": null, \"document_id\": 16, \"catalog_product_id\": 17, \"catalog_storage_id\": 16}, \"changes\": []}',
        NULL, 1653333331, NULL, NULL),
       (71, 2, 7, 'ax_document_coming_content', 17, 'created',
        '{\"model\": {\"id\": 17, \"price\": 0, \"quantity\": 1, \"price_out\": 1200, \"created_at\": 1653333331, \"deleted_at\": null, \"updated_at\": 1656279103, \"description\": null, \"document_id\": 17, \"catalog_product_id\": 18, \"catalog_storage_id\": 17}, \"changes\": []}',
        NULL, 1653333331, NULL, NULL),
       (72, 2, 7, 'ax_document_coming_content', 18, 'created',
        '{\"model\": {\"id\": 18, \"price\": 0, \"quantity\": 1, \"price_out\": 1200, \"created_at\": 1653333331, \"deleted_at\": null, \"updated_at\": 1656279103, \"description\": null, \"document_id\": 18, \"catalog_product_id\": 19, \"catalog_storage_id\": 18}, \"changes\": []}',
        NULL, 1653333331, NULL, NULL),
       (73, 2, 7, 'ax_document_coming_content', 19, 'created',
        '{\"model\": {\"id\": 19, \"price\": 0, \"quantity\": 1, \"price_out\": 1200, \"created_at\": 1653333331, \"deleted_at\": null, \"updated_at\": 1656279103, \"description\": null, \"document_id\": 19, \"catalog_product_id\": 20, \"catalog_storage_id\": 19}, \"changes\": []}',
        NULL, 1653333331, NULL, NULL),
       (74, 2, 7, 'ax_document_coming_content', 20, 'created',
        '{\"model\": {\"id\": 20, \"price\": 0, \"quantity\": 1, \"price_out\": 600, \"created_at\": 1653333331, \"deleted_at\": null, \"updated_at\": 1656279103, \"description\": null, \"document_id\": 20, \"catalog_product_id\": 21, \"catalog_storage_id\": 20}, \"changes\": []}',
        NULL, 1653333331, NULL, NULL),
       (75, 2, 7, 'ax_document_coming_content', 21, 'created',
        '{\"model\": {\"id\": 21, \"price\": 0, \"quantity\": 1, \"price_out\": 600, \"created_at\": 1653333331, \"deleted_at\": null, \"updated_at\": 1656279103, \"description\": null, \"document_id\": 21, \"catalog_product_id\": 22, \"catalog_storage_id\": 21}, \"changes\": []}',
        NULL, 1653333331, NULL, NULL),
       (76, 2, 7, 'ax_document_coming_content', 22, 'created',
        '{\"model\": {\"id\": 22, \"price\": 0, \"quantity\": 1, \"price_out\": 1400, \"created_at\": 1653333331, \"deleted_at\": null, \"updated_at\": 1656279103, \"description\": null, \"document_id\": 22, \"catalog_product_id\": 23, \"catalog_storage_id\": 22}, \"changes\": []}',
        NULL, 1653333331, NULL, NULL),
       (77, 2, 7, 'ax_document_coming_content', 23, 'created',
        '{\"model\": {\"id\": 23, \"price\": 0, \"quantity\": 1, \"price_out\": 1000, \"created_at\": 1653333331, \"deleted_at\": null, \"updated_at\": 1656279103, \"description\": null, \"document_id\": 23, \"catalog_product_id\": 24, \"catalog_storage_id\": 23}, \"changes\": []}',
        NULL, 1653333331, NULL, NULL),
       (78, 2, 7, 'ax_document_coming_content', 24, 'created',
        '{\"model\": {\"id\": 24, \"price\": 0, \"quantity\": 1, \"price_out\": 1300, \"created_at\": 1653333331, \"deleted_at\": null, \"updated_at\": 1656279103, \"description\": null, \"document_id\": 24, \"catalog_product_id\": 25, \"catalog_storage_id\": 24}, \"changes\": []}',
        NULL, 1653333331, NULL, NULL),
       (79, 2, 7, 'ax_document_coming_content', 25, 'created',
        '{\"model\": {\"id\": 25, \"price\": 0, \"quantity\": 1, \"price_out\": 1600, \"created_at\": 1653333331, \"deleted_at\": null, \"updated_at\": 1656279103, \"description\": null, \"document_id\": 25, \"catalog_product_id\": 26, \"catalog_storage_id\": 25}, \"changes\": []}',
        NULL, 1653333331, NULL, NULL),
       (80, 2, 7, 'ax_document_coming_content', 26, 'created',
        '{\"model\": {\"id\": 26, \"price\": 0, \"quantity\": 1, \"price_out\": 1000, \"created_at\": 1653333331, \"deleted_at\": null, \"updated_at\": 1656279103, \"description\": null, \"document_id\": 26, \"catalog_product_id\": 27, \"catalog_storage_id\": 26}, \"changes\": []}',
        NULL, 1653333331, NULL, NULL),
       (81, 2, 7, 'ax_document_coming_content', 27, 'created',
        '{\"model\": {\"id\": 27, \"price\": 0, \"quantity\": 1, \"price_out\": 1500, \"created_at\": 1653333331, \"deleted_at\": null, \"updated_at\": 1656279103, \"description\": null, \"document_id\": 27, \"catalog_product_id\": 28, \"catalog_storage_id\": 27}, \"changes\": []}',
        NULL, 1653333331, NULL, NULL),
       (82, 2, 7, 'ax_document_coming_content', 28, 'created',
        '{\"model\": {\"id\": 28, \"price\": 0, \"quantity\": 1, \"price_out\": 1000, \"created_at\": 1653367609, \"deleted_at\": null, \"updated_at\": 1656279103, \"description\": null, \"document_id\": 28, \"catalog_product_id\": 29, \"catalog_storage_id\": 28}, \"changes\": []}',
        NULL, 1653367609, NULL, NULL),
       (83, 2, 7, 'ax_document_coming_content', 29, 'created',
        '{\"model\": {\"id\": 29, \"price\": 0, \"quantity\": 1, \"price_out\": 2500, \"created_at\": 1653369320, \"deleted_at\": null, \"updated_at\": 1656279103, \"description\": null, \"document_id\": 29, \"catalog_product_id\": 30, \"catalog_storage_id\": 29}, \"changes\": []}',
        NULL, 1653369320, NULL, NULL),
       (84, 2, 7, 'ax_document_coming_content', 30, 'created',
        '{\"model\": {\"id\": 30, \"price\": 0, \"quantity\": 1, \"price_out\": 2500, \"created_at\": 1653369906, \"deleted_at\": null, \"updated_at\": 1656279103, \"description\": null, \"document_id\": 30, \"catalog_product_id\": 31, \"catalog_storage_id\": 30}, \"changes\": []}',
        NULL, 1653369906, NULL, NULL),
       (85, 2, 7, 'ax_document_coming_content', 31, 'created',
        '{\"model\": {\"id\": 31, \"price\": 0, \"quantity\": 1, \"price_out\": 1100, \"created_at\": 1653371682, \"deleted_at\": null, \"updated_at\": 1656279103, \"description\": null, \"document_id\": 31, \"catalog_product_id\": 32, \"catalog_storage_id\": 31}, \"changes\": []}',
        NULL, 1653371682, NULL, NULL),
       (86, 2, 7, 'ax_document_coming_content', 32, 'created',
        '{\"model\": {\"id\": 32, \"price\": 0, \"quantity\": 1, \"price_out\": 1600, \"created_at\": 1653372215, \"deleted_at\": null, \"updated_at\": 1656279103, \"description\": null, \"document_id\": 32, \"catalog_product_id\": 33, \"catalog_storage_id\": 32}, \"changes\": []}',
        NULL, 1653372215, NULL, NULL),
       (87, 2, 7, 'ax_document_coming_content', 33, 'created',
        '{\"model\": {\"id\": 33, \"price\": 0, \"quantity\": 1, \"price_out\": 1800, \"created_at\": 1653373045, \"deleted_at\": null, \"updated_at\": 1656279103, \"description\": null, \"document_id\": 33, \"catalog_product_id\": 34, \"catalog_storage_id\": 33}, \"changes\": []}',
        NULL, 1653373045, NULL, NULL),
       (88, 2, 7, 'ax_document_coming_content', 34, 'created',
        '{\"model\": {\"id\": 34, \"price\": 0, \"quantity\": 1, \"price_out\": 1200, \"created_at\": 1653373820, \"deleted_at\": null, \"updated_at\": 1656279103, \"description\": null, \"document_id\": 34, \"catalog_product_id\": 35, \"catalog_storage_id\": 34}, \"changes\": []}',
        NULL, 1653373820, NULL, NULL),
       (89, 2, 7, 'ax_document_coming_content', 35, 'created',
        '{\"model\": {\"id\": 35, \"price\": 0, \"quantity\": 1, \"price_out\": 2800, \"created_at\": 1653374302, \"deleted_at\": null, \"updated_at\": 1656279103, \"description\": null, \"document_id\": 35, \"catalog_product_id\": 36, \"catalog_storage_id\": 35}, \"changes\": []}',
        NULL, 1653374302, NULL, NULL),
       (90, 2, 7, 'ax_document_coming_content', 36, 'created',
        '{\"model\": {\"id\": 36, \"price\": 0, \"quantity\": 1, \"price_out\": 2700, \"created_at\": 1653375243, \"deleted_at\": null, \"updated_at\": 1656279103, \"description\": null, \"document_id\": 36, \"catalog_product_id\": 37, \"catalog_storage_id\": 36}, \"changes\": []}',
        NULL, 1653375243, NULL, NULL),
       (91, 2, 7, 'ax_document_coming_content', 37, 'created',
        '{\"model\": {\"id\": 37, \"price\": 0, \"quantity\": 1, \"price_out\": 2700, \"created_at\": 1653376122, \"deleted_at\": null, \"updated_at\": 1656279103, \"description\": null, \"document_id\": 37, \"catalog_product_id\": 38, \"catalog_storage_id\": 37}, \"changes\": []}',
        NULL, 1653376122, NULL, NULL),
       (92, 2, 7, 'ax_document_coming_content', 38, 'created',
        '{\"model\": {\"id\": 38, \"price\": 0, \"quantity\": 1, \"price_out\": 3000, \"created_at\": 1653377011, \"deleted_at\": null, \"updated_at\": 1656279103, \"description\": null, \"document_id\": 38, \"catalog_product_id\": 39, \"catalog_storage_id\": 38}, \"changes\": []}',
        NULL, 1653377011, NULL, NULL),
       (93, 2, 7, 'ax_document_coming_content', 39, 'created',
        '{\"model\": {\"id\": 39, \"price\": 0, \"quantity\": 1, \"price_out\": 1600, \"created_at\": 1653377639, \"deleted_at\": null, \"updated_at\": 1656279103, \"description\": null, \"document_id\": 39, \"catalog_product_id\": 40, \"catalog_storage_id\": 39}, \"changes\": []}',
        NULL, 1653377639, NULL, NULL),
       (94, 2, 7, 'ax_document_coming_content', 40, 'created',
        '{\"model\": {\"id\": 40, \"price\": 0, \"quantity\": 1, \"price_out\": 2000, \"created_at\": 1653379570, \"deleted_at\": null, \"updated_at\": 1656279103, \"description\": null, \"document_id\": 40, \"catalog_product_id\": 41, \"catalog_storage_id\": 40}, \"changes\": []}',
        NULL, 1653379570, NULL, NULL),
       (95, 2, 7, 'ax_document_coming_content', 41, 'created',
        '{\"model\": {\"id\": 41, \"price\": 0, \"quantity\": 1, \"price_out\": 1500, \"created_at\": 1653381142, \"deleted_at\": null, \"updated_at\": 1656279103, \"description\": null, \"document_id\": 41, \"catalog_product_id\": 42, \"catalog_storage_id\": 41}, \"changes\": []}',
        NULL, 1653381142, NULL, NULL),
       (96, 2, 7, 'ax_document_coming_content', 42, 'created',
        '{\"model\": {\"id\": 42, \"price\": 0, \"quantity\": 1, \"price_out\": 1000, \"created_at\": 1653381908, \"deleted_at\": null, \"updated_at\": 1656279103, \"description\": null, \"document_id\": 42, \"catalog_product_id\": 43, \"catalog_storage_id\": 42}, \"changes\": []}',
        NULL, 1653381908, NULL, NULL),
       (97, 2, 7, 'ax_document_coming_content', 43, 'created',
        '{\"model\": {\"id\": 43, \"price\": 0, \"quantity\": 1, \"price_out\": 1300, \"created_at\": 1653382697, \"deleted_at\": null, \"updated_at\": 1656279103, \"description\": null, \"document_id\": 43, \"catalog_product_id\": 44, \"catalog_storage_id\": 43}, \"changes\": []}',
        NULL, 1653382697, NULL, NULL),
       (98, 2, 7, 'ax_document_coming_content', 44, 'created',
        '{\"model\": {\"id\": 44, \"price\": 0, \"quantity\": 1, \"price_out\": 500, \"created_at\": 1653383699, \"deleted_at\": null, \"updated_at\": 1656279103, \"description\": null, \"document_id\": 44, \"catalog_product_id\": 45, \"catalog_storage_id\": 44}, \"changes\": []}',
        NULL, 1653383699, NULL, NULL),
       (99, 2, 7, 'ax_document_coming_content', 45, 'created',
        '{\"model\": {\"id\": 45, \"price\": 0, \"quantity\": 1, \"price_out\": 400, \"created_at\": 1653384501, \"deleted_at\": null, \"updated_at\": 1656279103, \"description\": null, \"document_id\": 45, \"catalog_product_id\": 46, \"catalog_storage_id\": 45}, \"changes\": []}',
        NULL, 1653384501, NULL, NULL),
       (100, 2, 7, 'ax_document_coming_content', 46, 'created',
        '{\"model\": {\"id\": 46, \"price\": 0, \"quantity\": 1, \"price_out\": 1400, \"created_at\": 1653385050, \"deleted_at\": null, \"updated_at\": 1656279103, \"description\": null, \"document_id\": 46, \"catalog_product_id\": 47, \"catalog_storage_id\": 46}, \"changes\": []}',
        NULL, 1653385050, NULL, NULL),
       (101, 2, 7, 'ax_document_coming_content', 47, 'created',
        '{\"model\": {\"id\": 47, \"price\": 0, \"quantity\": 1, \"price_out\": 1300, \"created_at\": 1653385494, \"deleted_at\": null, \"updated_at\": 1656279104, \"description\": null, \"document_id\": 47, \"catalog_product_id\": 48, \"catalog_storage_id\": 47}, \"changes\": []}',
        NULL, 1653385494, NULL, NULL),
       (102, 2, 7, 'ax_document_coming_content', 48, 'created',
        '{\"model\": {\"id\": 48, \"price\": 0, \"quantity\": 1, \"price_out\": 2200, \"created_at\": 1653388341, \"deleted_at\": null, \"updated_at\": 1656279104, \"description\": null, \"document_id\": 48, \"catalog_product_id\": 49, \"catalog_storage_id\": 48}, \"changes\": []}',
        NULL, 1653388341, NULL, NULL),
       (103, 2, 7, 'ax_document_coming_content', 49, 'created',
        '{\"model\": {\"id\": 49, \"price\": 0, \"quantity\": 1, \"price_out\": 2000, \"created_at\": 1653388971, \"deleted_at\": null, \"updated_at\": 1656279104, \"description\": null, \"document_id\": 49, \"catalog_product_id\": 50, \"catalog_storage_id\": 49}, \"changes\": []}',
        NULL, 1653388971, NULL, NULL),
       (104, 2, 7, 'ax_document_coming_content', 50, 'created',
        '{\"model\": {\"id\": 50, \"price\": 0, \"quantity\": 1, \"price_out\": 2000, \"created_at\": 1653390063, \"deleted_at\": null, \"updated_at\": 1656279104, \"description\": null, \"document_id\": 50, \"catalog_product_id\": 51, \"catalog_storage_id\": 50}, \"changes\": []}',
        NULL, 1653390063, NULL, NULL),
       (105, 2, 7, 'ax_document_coming_content', 51, 'created',
        '{\"model\": {\"id\": 51, \"price\": 0, \"quantity\": 1, \"price_out\": 1300, \"created_at\": 1653390495, \"deleted_at\": null, \"updated_at\": 1656279104, \"description\": null, \"document_id\": 51, \"catalog_product_id\": 52, \"catalog_storage_id\": 51}, \"changes\": []}',
        NULL, 1653390495, NULL, NULL),
       (106, 2, 7, 'ax_document_coming_content', 52, 'created',
        '{\"model\": {\"id\": 52, \"price\": 0, \"quantity\": 32, \"price_out\": 180, \"created_at\": 1653390881, \"deleted_at\": null, \"updated_at\": 1656279104, \"description\": null, \"document_id\": 52, \"catalog_product_id\": 53, \"catalog_storage_id\": 52}, \"changes\": []}',
        NULL, 1653390881, NULL, NULL),
       (107, 2, 7, 'ax_document_coming_content', 53, 'created',
        '{\"model\": {\"id\": 53, \"price\": 0, \"quantity\": 1, \"price_out\": 1800, \"created_at\": 1653391682, \"deleted_at\": null, \"updated_at\": 1656279104, \"description\": null, \"document_id\": 53, \"catalog_product_id\": 54, \"catalog_storage_id\": 53}, \"changes\": []}',
        NULL, 1653391682, NULL, NULL),
       (108, 2, 7, 'ax_document_write_off', 1, 'created',
        '{\"model\": {\"id\": 1, \"status\": 1, \"document\": null, \"created_at\": 1653362858, \"deleted_at\": null, \"updated_at\": 1656279104, \"currency_id\": null, \"document_id\": null, \"fin_transaction_type_id\": 1, \"catalog_storage_place_id\": 1}, \"changes\": []}',
        NULL, 1653362858, NULL, NULL),
       (109, 2, 7, 'ax_document_write_off', 2, 'created',
        '{\"model\": {\"id\": 2, \"status\": 1, \"document\": null, \"created_at\": 1653363014, \"deleted_at\": null, \"updated_at\": 1656279104, \"currency_id\": null, \"document_id\": null, \"fin_transaction_type_id\": 1, \"catalog_storage_place_id\": 1}, \"changes\": []}',
        NULL, 1653363014, NULL, NULL),
       (110, 2, 7, 'ax_document_write_off', 3, 'created',
        '{\"model\": {\"id\": 3, \"status\": 1, \"document\": null, \"created_at\": 1653500611, \"deleted_at\": null, \"updated_at\": 1656279104, \"currency_id\": null, \"document_id\": null, \"fin_transaction_type_id\": 1, \"catalog_storage_place_id\": 1}, \"changes\": []}',
        NULL, 1653500611, NULL, NULL),
       (111, 2, 7, 'ax_document_write_off_content', 1, 'created',
        '{\"model\": {\"id\": 1, \"price\": 0, \"quantity\": 1, \"created_at\": 1653362858, \"deleted_at\": null, \"updated_at\": 1656279104, \"description\": null, \"document_id\": 1, \"catalog_product_id\": 12, \"catalog_storage_id\": 11}, \"changes\": []}',
        NULL, 1653362858, NULL, NULL),
       (112, 2, 7, 'ax_document_write_off_content', 2, 'created',
        '{\"model\": {\"id\": 2, \"price\": 0, \"quantity\": 1, \"created_at\": 1653363014, \"deleted_at\": null, \"updated_at\": 1656279104, \"description\": null, \"document_id\": 2, \"catalog_product_id\": 2, \"catalog_storage_id\": 1}, \"changes\": []}',
        NULL, 1653363014, NULL, NULL),
       (113, 2, 7, 'ax_document_write_off_content', 3, 'created',
        '{\"model\": {\"id\": 3, \"price\": 0, \"quantity\": 1, \"created_at\": 1653363014, \"deleted_at\": null, \"updated_at\": 1656279104, \"description\": null, \"document_id\": 2, \"catalog_product_id\": 7, \"catalog_storage_id\": 6}, \"changes\": []}',
        NULL, 1653363014, NULL, NULL),
       (114, 2, 7, 'ax_document_write_off_content', 4, 'created',
        '{\"model\": {\"id\": 4, \"price\": 0, \"quantity\": 1, \"created_at\": 1653500611, \"deleted_at\": null, \"updated_at\": 1656279104, \"description\": null, \"document_id\": 3, \"catalog_product_id\": 13, \"catalog_storage_id\": 12}, \"changes\": []}',
        NULL, 1653500611, NULL, NULL),
       (115, 9, 6, 'ax_user', 6, 'login',
        '{\"model\": {\"id\": 6, \"email\": \"axlle@mail.ru\", \"phone\": 9621829550, \"roles\": [{\"id\": 1, \"name\": \"admin\", \"pivot\": {\"role_id\": 1, \"model_id\": 6, \"model_type\": \"App\\\\Common\\\\Models\\\\User\\\\UserWeb\"}, \"created_at\": \"2022-05-03T20:04:28.000000Z\", \"guard_name\": \"web\", \"updated_at\": \"2022-05-03T20:04:28.000000Z\"}, {\"id\": 2, \"name\": \"employee\", \"pivot\": {\"role_id\": 2, \"model_id\": 6, \"model_type\": \"App\\\\Common\\\\Models\\\\User\\\\UserWeb\"}, \"created_at\": \"2022-05-03T20:04:28.000000Z\", \"guard_name\": \"web\", \"updated_at\": \"2022-05-03T20:04:28.000000Z\"}], \"status\": 8, \"auth_key\": \"kyyBBbb80b3ZflMDdsynKC0B4skxf_gF\", \"is_email\": 0, \"is_phone\": 0, \"last_name\": \"Алексеев\", \"created_at\": 1656279102, \"deleted_at\": null, \"first_name\": \"Алексей\", \"patronymic\": \"Александрович\", \"updated_at\": null, \"password_hash\": \"$2y$13$DMqEjJJL9gjftb80gCt5n.fOTyoTfAEv/HsQPh2IEQa42bfNsfF5S\", \"password_reset_token\": null}, \"changes\": []}',
        NULL, 1656279203, NULL, NULL),
       (116, 9, 6, 'ax_catalog_product', 55, 'created',
        '{\"model\": {\"id\": 55, \"url\": \"test\", \"sort\": null, \"alias\": \"test\", \"price\": 1, \"title\": \"test\", \"is_single\": 1, \"render_id\": null, \"created_at\": 1656277200, \"updated_at\": 1656279591, \"category_id\": 7, \"description\": null, \"is_comments\": 0, \"title_short\": null, \"is_published\": 1, \"is_watermark\": 0, \"is_favourites\": 0, \"preview_description\": null}, \"changes\": []}',
        NULL, 1656279591, NULL, NULL),
       (117, 9, 6, 'ax_document_coming', 54, 'created',
        '{\"model\": {\"id\": 54, \"status\": 2, \"created_at\": 1656279591, \"updated_at\": 1656279591, \"counterparty_id\": 1, \"fin_transaction_type_id\": 2, \"catalog_storage_place_id\": 1}, \"changes\": []}',
        NULL, 1656279591, NULL, NULL),
       (118, 9, 6, 'ax_document_coming_content', 54, 'created',
        '{\"model\": {\"id\": 54, \"price\": 1, \"quantity\": 1, \"price_out\": 1, \"created_at\": 1656279591, \"updated_at\": 1656279591, \"document_id\": 54, \"catalog_product_id\": 55}, \"changes\": []}',
        NULL, 1656279591, NULL, NULL),
       (119, 9, 6, 'ax_document_coming_content', 54, 'updated',
        '{\"model\": {\"id\": 54, \"price\": 1, \"document\": {\"id\": 54, \"status\": 2, \"document\": null, \"created_at\": 1656279591, \"deleted_at\": null, \"updated_at\": 1656279591, \"currency_id\": null, \"document_id\": null, \"counterparty_id\": 1, \"fin_transaction_type_id\": 2, \"catalog_storage_place_id\": 1}, \"quantity\": 1, \"price_out\": 1, \"created_at\": 1656279591, \"updated_at\": 1656279591, \"document_id\": 54, \"catalog_product_id\": 55, \"catalog_storage_id\": 54}, \"changes\": {\"catalog_storage_id\": 54}}',
        NULL, 1656279591, NULL, NULL),
       (120, 9, 6, 'ax_document_coming', 54, 'updated',
        '{\"model\": {\"id\": 54, \"status\": 1, \"created_at\": 1656279591, \"updated_at\": 1656279591, \"counterparty_id\": 1, \"fin_transaction_type_id\": 2, \"catalog_storage_place_id\": 1}, \"changes\": {\"status\": 1}}',
        NULL, 1656279591, NULL, NULL),
       (121, 9, 6, 'ax_catalog_product', 55, 'updated',
        '{\"model\": {\"id\": 55, \"url\": \"test\", \"hits\": 0, \"sort\": null, \"alias\": \"test\", \"image\": null, \"media\": null, \"price\": 1, \"stars\": 0, \"title\": \"test\", \"is_single\": 1, \"render_id\": null, \"show_date\": 1, \"created_at\": 1656279681, \"deleted_at\": null, \"updated_at\": 1656279681, \"category_id\": 7, \"description\": null, \"is_comments\": 0, \"title_short\": null, \"is_published\": 1, \"is_watermark\": 0, \"is_favourites\": 0, \"preview_description\": null}, \"changes\": {\"created_at\": 1656279681, \"updated_at\": 1656279681}}',
        NULL, 1656279681, NULL, NULL),
       (122, 9, 6, 'ax_catalog_product', 55, 'updated',
        '{\"model\": {\"id\": 55, \"url\": \"test\", \"hits\": 0, \"sort\": null, \"alias\": \"test\", \"image\": \"/upload/ax_catalog_product/test/hebyxkM9FT70LsTCeHgw5bm21jijMhoDhHthpgqp.png\", \"media\": null, \"price\": 1, \"stars\": 0, \"title\": \"test\", \"is_single\": 1, \"render_id\": null, \"show_date\": 1, \"created_at\": 1656279681, \"deleted_at\": null, \"updated_at\": 1656279681, \"category_id\": 7, \"description\": null, \"is_comments\": 0, \"title_short\": null, \"is_published\": 1, \"is_watermark\": 0, \"is_favourites\": 0, \"preview_description\": null}, \"changes\": {\"image\": \"/upload/ax_catalog_product/test/hebyxkM9FT70LsTCeHgw5bm21jijMhoDhHthpgqp.png\"}}',
        NULL, 1656279681, NULL, NULL),
       (123, 9, 6, 'ax_catalog_basket', 1, 'created',
        '{\"model\": {\"id\": 1, \"status\": 2, \"user_id\": 6, \"quantity\": 1, \"created_at\": 1656279710, \"updated_at\": 1656279710, \"currency_id\": null, \"document_order_id\": null, \"catalog_product_id\": 55}, \"changes\": []}',
        NULL, 1656279710, NULL, NULL),
       (124, 9, 6, 'ax_user', 6, 'updated',
        '{\"model\": {\"id\": 6, \"email\": \"axlle@mail.ru\", \"phone\": 9621829550, \"status\": 9, \"auth_key\": \"kyyBBbb80b3ZflMDdsynKC0B4skxf_gF\", \"is_email\": 0, \"is_phone\": 1, \"last_name\": \"Алексеев\", \"created_at\": 1656279102, \"deleted_at\": null, \"first_name\": \"Алексей\", \"patronymic\": \"Александрович\", \"updated_at\": 1656279804, \"password_hash\": \"$2y$13$DMqEjJJL9gjftb80gCt5n.fOTyoTfAEv/HsQPh2IEQa42bfNsfF5S\", \"password_reset_token\": null}, \"changes\": {\"status\": 9, \"is_phone\": 1, \"updated_at\": 1656279804}}',
        NULL, 1656279804, NULL, NULL),
       (125, 9, 6, 'ax_document_order', 1, 'created',
        '{\"model\": {\"id\": 1, \"uuid\": \"8fd2c02c-179b-4007-86a7-b31d6a21c5d7\", \"status\": 2, \"created_at\": 1656279810, \"updated_at\": 1656279810, \"delivery_cost\": 350, \"counterparty_id\": 2, \"payment_order_id\": null, \"catalog_payment_type_id\": 1, \"fin_transaction_type_id\": 1, \"catalog_delivery_type_id\": 2, \"catalog_storage_place_id\": 1, \"catalog_payment_status_id\": 2, \"catalog_delivery_status_id\": 1}, \"changes\": []}',
        NULL, 1656279810, NULL, NULL),
       (127, 9, 6, 'ax_catalog_basket', 1, 'deleted',
        '{\"model\": {\"id\": 1, \"status\": 2, \"user_id\": 6, \"quantity\": 1, \"created_at\": 1656279710, \"deleted_at\": null, \"updated_at\": 1656279810, \"currency_id\": null, \"document_order_id\": 1, \"catalog_product_id\": 55}, \"changes\": []}',
        NULL, 1656279890, NULL, NULL),
       (128, 9, 6, 'ax_document_order', 1, 'deleted',
        '{\"model\": {\"id\": 1, \"ip\": \"185.188.96.88\", \"uuid\": \"8fd2c02c-179b-4007-86a7-b31d6a21c5d7\", \"status\": 2, \"fin_name\": \"debit\", \"fin_title\": \"Расход\", \"created_at\": 1656279810, \"deleted_at\": null, \"updated_at\": 1656279810, \"address_city\": \"Краснодар\", \"coupon_value\": null, \"address_house\": 233, \"address_index\": null, \"delivery_cost\": 350, \"payment_title\": \"Банковской картой\", \"address_region\": \"Краснодарский край\", \"address_street\": \"Петра Метальникова 7\", \"delivery_title\": \"Курьером по г.Краснодару\", \"payment_status\": \"Не оплачен\", \"user_last_name\": \"Алексеев\", \"basket_products\": [], \"counterparty_id\": 2, \"coupon_discount\": null, \"delivery_status\": \"В обработке\", \"individual_name\": \"Алексеев\", \"user_first_name\": \"Алексей\", \"document_sale_id\": null, \"individual_email\": \"axlle@mail.ru\", \"individual_phone\": 9621829550, \"payment_order_id\": null, \"address_apartment\": null, \"catalog_coupon_id\": null, \"individual_first_name\": \"Алексей\", \"individual_patronymic\": \"Александрович\", \"catalog_payment_type_id\": 1, \"fin_transaction_type_id\": 1, \"catalog_delivery_type_id\": 2, \"catalog_storage_place_id\": 1, \"catalog_payment_status_id\": 2, \"catalog_delivery_status_id\": 1}, \"changes\": []}',
        NULL, 1656279890, NULL, NULL),
       (129, 8, 7, 'ax_document_write_off', 4, 'created',
        '{\"model\": {\"id\": 4, \"status\": 2, \"created_at\": 1656310627, \"updated_at\": 1656310627, \"fin_transaction_type_id\": 1, \"catalog_storage_place_id\": 1}, \"changes\": []}',
        NULL, 1656310627, NULL, NULL),
       (130, 8, 7, 'ax_document_write_off_content', 5, 'created',
        '{\"model\": {\"id\": 5, \"price\": 2300, \"quantity\": 1, \"created_at\": 1656310627, \"updated_at\": 1656310627, \"document_id\": 4, \"catalog_product_id\": 10}, \"changes\": []}',
        NULL, 1656310627, NULL, NULL),
       (131, 8, 7, 'ax_document_write_off_content', 5, 'updated',
        '{\"model\": {\"id\": 5, \"price\": 2300, \"document\": {\"id\": 4, \"status\": 2, \"document\": null, \"created_at\": 1656310627, \"deleted_at\": null, \"updated_at\": 1656310627, \"currency_id\": null, \"document_id\": null, \"fin_transaction_type_id\": 1, \"catalog_storage_place_id\": 1}, \"quantity\": 1, \"created_at\": 1656310627, \"deleted_at\": null, \"updated_at\": 1656310641, \"description\": null, \"document_id\": 4, \"catalog_product_id\": 10, \"catalog_storage_id\": 9}, \"changes\": {\"updated_at\": 1656310641, \"catalog_storage_id\": 9}}',
        NULL, 1656310641, NULL, NULL),
       (132, 8, 7, 'ax_document_write_off', 4, 'updated',
        '{\"model\": {\"id\": 4, \"ip\": \"45.157.213.239\", \"status\": 1, \"document\": null, \"fin_name\": \"debit\", \"fin_title\": \"Расход\", \"created_at\": 1656310627, \"deleted_at\": null, \"updated_at\": 1656310641, \"currency_id\": null, \"document_id\": null, \"user_last_name\": \"Dimmagio\", \"user_first_name\": \"Dimmagio\", \"storage_place_title\": \"Главный склад\", \"fin_transaction_type_id\": 1, \"catalog_storage_place_id\": 1}, \"changes\": {\"status\": 1, \"updated_at\": 1656310641}}',
        NULL, 1656310641, NULL, NULL),
       (133, 9, 6, 'ax_user', 6, 'login',
        '{\"model\": {\"id\": 6, \"email\": \"axlle@mail.ru\", \"phone\": 9621829550, \"roles\": [{\"id\": 1, \"name\": \"admin\", \"pivot\": {\"role_id\": 1, \"model_id\": 6, \"model_type\": \"App\\\\Common\\\\Models\\\\User\\\\UserWeb\"}, \"created_at\": \"2022-05-03T20:04:28.000000Z\", \"guard_name\": \"web\", \"updated_at\": \"2022-05-03T20:04:28.000000Z\"}, {\"id\": 2, \"name\": \"employee\", \"pivot\": {\"role_id\": 2, \"model_id\": 6, \"model_type\": \"App\\\\Common\\\\Models\\\\User\\\\UserWeb\"}, \"created_at\": \"2022-05-03T20:04:28.000000Z\", \"guard_name\": \"web\", \"updated_at\": \"2022-05-03T20:04:28.000000Z\"}], \"status\": 9, \"auth_key\": \"kyyBBbb80b3ZflMDdsynKC0B4skxf_gF\", \"is_email\": 0, \"is_phone\": 1, \"last_name\": \"Алексеев\", \"created_at\": 1656279102, \"deleted_at\": null, \"first_name\": \"Алексей\", \"patronymic\": \"Александрович\", \"updated_at\": 1656279804, \"password_hash\": \"$2y$13$DMqEjJJL9gjftb80gCt5n.fOTyoTfAEv/HsQPh2IEQa42bfNsfF5S\", \"password_reset_token\": null}, \"changes\": []}',
        NULL, 1656322585, NULL, NULL),
       (134, 8, 7, 'ax_catalog_product', 53, 'updated',
        '{\"model\": {\"id\": 53, \"url\": \"maslo-vosk\", \"hits\": 0, \"sort\": null, \"alias\": \"maslo-vosk\", \"image\": \"/upload/ax_catalog_product/maslo-vosk/a25GZlIg9Ga3LnXn2bKyYxhWcVGTQE8FfiHEWa0x.jpeg\", \"media\": null, \"price\": 180, \"stars\": 0, \"title\": \"Масло-Воск\", \"is_single\": 0, \"render_id\": null, \"show_date\": 1, \"created_at\": 1656324763, \"deleted_at\": null, \"updated_at\": 1656324763, \"category_id\": 7, \"description\": \"<p><span style=\\\"font-size: 16px;\\\">Масло-воск для обработки разделочных досок.</span></p><p><span style=\\\"font-size: 16px;\\\"> </span></p><p><span style=\\\"font-size: 16px;\\\">Подходит для всех видов деревянных досок.</span></p><p><span style=\\\"font-size: 16px;\\\">В его состав входит пчелиный воск и масло медицинское вазелиновое.</span><br></p>\", \"is_comments\": 0, \"title_short\": null, \"is_published\": 1, \"is_watermark\": 0, \"is_favourites\": 0, \"preview_description\": null}, \"changes\": {\"created_at\": 1656324763, \"updated_at\": 1656324763}}',
        NULL, 1656324763, NULL, NULL),
       (135, 8, 7, 'ax_catalog_product', 53, 'updated',
        '{\"model\": {\"id\": 53, \"url\": \"maslo-vosk\", \"hits\": 0, \"sort\": null, \"alias\": \"maslo-vosk\", \"image\": null, \"media\": null, \"price\": 180, \"stars\": 0, \"title\": \"Масло-Воск\", \"is_single\": 0, \"render_id\": null, \"show_date\": 1, \"created_at\": 1656324763, \"deleted_at\": null, \"updated_at\": 1656324771, \"category_id\": 7, \"description\": \"<p><span style=\\\"font-size: 16px;\\\">Масло-воск для обработки разделочных досок.</span></p><p><span style=\\\"font-size: 16px;\\\"> </span></p><p><span style=\\\"font-size: 16px;\\\">Подходит для всех видов деревянных досок.</span></p><p><span style=\\\"font-size: 16px;\\\">В его состав входит пчелиный воск и масло медицинское вазелиновое.</span><br></p>\", \"is_comments\": 0, \"title_short\": null, \"is_published\": 1, \"is_watermark\": 0, \"is_favourites\": 0, \"preview_description\": null}, \"changes\": {\"image\": null, \"updated_at\": 1656324771}}',
        NULL, 1656324771, NULL, NULL),
       (136, 8, 7, 'ax_catalog_product', 53, 'updated',
        '{\"model\": {\"id\": 53, \"url\": \"maslo-vosk\", \"hits\": 0, \"sort\": null, \"alias\": \"maslo-vosk\", \"image\": null, \"media\": null, \"price\": 180, \"stars\": 0, \"title\": \"Масло-Воск\", \"is_single\": 0, \"render_id\": null, \"show_date\": 1, \"created_at\": 1656324784, \"deleted_at\": null, \"updated_at\": 1656324784, \"category_id\": 7, \"description\": \"<p><span style=\\\"font-size: 16px;\\\">Масло-воск для обработки разделочных досок.</span></p><p><span style=\\\"font-size: 16px;\\\"> </span></p><p><span style=\\\"font-size: 16px;\\\">Подходит для всех видов деревянных досок.</span></p><p><span style=\\\"font-size: 16px;\\\">В его состав входит пчелиный воск и масло медицинское вазелиновое.</span><br></p>\", \"is_comments\": 0, \"title_short\": null, \"is_published\": 1, \"is_watermark\": 0, \"is_favourites\": 0, \"preview_description\": null}, \"changes\": {\"created_at\": 1656324784, \"updated_at\": 1656324784}}',
        NULL, 1656324784, NULL, NULL),
       (137, 8, 7, 'ax_catalog_product', 53, 'updated',
        '{\"model\": {\"id\": 53, \"url\": \"maslo-vosk\", \"hits\": 0, \"sort\": null, \"alias\": \"maslo-vosk\", \"image\": \"/upload/ax_catalog_product/maslo-vosk/HPRQqBH66Rd5rR2GJoxpd3yDXlgWLeohurnYMd8c.jpeg\", \"media\": null, \"price\": 180, \"stars\": 0, \"title\": \"Масло-Воск\", \"is_single\": 0, \"render_id\": null, \"show_date\": 1, \"created_at\": 1656324784, \"deleted_at\": null, \"updated_at\": 1656324784, \"category_id\": 7, \"description\": \"<p><span style=\\\"font-size: 16px;\\\">Масло-воск для обработки разделочных досок.</span></p><p><span style=\\\"font-size: 16px;\\\"> </span></p><p><span style=\\\"font-size: 16px;\\\">Подходит для всех видов деревянных досок.</span></p><p><span style=\\\"font-size: 16px;\\\">В его состав входит пчелиный воск и масло медицинское вазелиновое.</span><br></p>\", \"is_comments\": 0, \"title_short\": null, \"is_published\": 1, \"is_watermark\": 0, \"is_favourites\": 0, \"preview_description\": null}, \"changes\": {\"image\": \"/upload/ax_catalog_product/maslo-vosk/HPRQqBH66Rd5rR2GJoxpd3yDXlgWLeohurnYMd8c.jpeg\"}}',
        NULL, 1656324784, NULL, NULL),
       (138, 8, 7, 'ax_catalog_product', 53, 'updated',
        '{\"model\": {\"id\": 53, \"url\": \"maslo-vosk\", \"hits\": 0, \"sort\": null, \"alias\": \"maslo-vosk\", \"image\": \"/upload/ax_catalog_product/maslo-vosk/HPRQqBH66Rd5rR2GJoxpd3yDXlgWLeohurnYMd8c.jpeg\", \"media\": null, \"price\": 180, \"stars\": 0, \"title\": \"Масло-Воск\", \"is_single\": 0, \"render_id\": null, \"show_date\": 1, \"created_at\": 1656324868, \"deleted_at\": null, \"updated_at\": 1656324868, \"category_id\": 7, \"description\": \"<p><span style=\\\"font-size: 16px;\\\">Масло-воск для обработки разделочных досок.</span></p><p><span style=\\\"font-size: 16px;\\\"> </span></p><p><span style=\\\"font-size: 16px;\\\">Подходит для всех видов деревянных досок.</span></p><p><span style=\\\"font-size: 16px;\\\">В его состав входит пчелиный воск и масло медицинское вазелиновое.</span><br></p>\", \"is_comments\": 0, \"title_short\": null, \"is_published\": 1, \"is_watermark\": 0, \"is_favourites\": 0, \"preview_description\": null}, \"changes\": {\"created_at\": 1656324868, \"updated_at\": 1656324868}}',
        NULL, 1656324868, NULL, NULL),
       (139, 8, 7, 'ax_catalog_product', 53, 'updated',
        '{\"model\": {\"id\": 53, \"url\": \"maslo-vosk\", \"hits\": 0, \"sort\": null, \"alias\": \"maslo-vosk\", \"image\": \"/upload/ax_catalog_product/maslo-vosk/HPRQqBH66Rd5rR2GJoxpd3yDXlgWLeohurnYMd8c.jpeg\", \"media\": null, \"price\": 180, \"stars\": 0, \"title\": \"Масло-Воск\", \"is_single\": 0, \"render_id\": null, \"show_date\": 1, \"created_at\": 1656324912, \"deleted_at\": null, \"updated_at\": 1656324912, \"category_id\": 7, \"description\": \"<p><span style=\\\"font-size: 16px;\\\">Масло-воск для обработки разделочных досок.</span></p><p><span style=\\\"font-size: 16px;\\\"> </span></p><p><span style=\\\"font-size: 16px;\\\">Подходит для всех видов деревянных досок.</span></p><p><span style=\\\"font-size: 16px;\\\">В его состав входит пчелиный воск и масло медицинское вазелиновое.</span><br></p>\", \"is_comments\": 0, \"title_short\": null, \"is_published\": 1, \"is_watermark\": 0, \"is_favourites\": 0, \"preview_description\": null}, \"changes\": {\"created_at\": 1656324912, \"updated_at\": 1656324912}}',
        NULL, 1656324912, NULL, NULL),
       (140, 8, 7, 'ax_catalog_product', 56, 'created',
        '{\"model\": {\"id\": 56, \"url\": \"baklan\", \"sort\": null, \"alias\": \"baklan\", \"price\": 2200, \"title\": \"✶ Баклан ✶\", \"is_single\": 1, \"render_id\": null, \"created_at\": 1656277200, \"updated_at\": 1656326085, \"category_id\": 2, \"description\": \"<p><br></p>\", \"is_comments\": 0, \"title_short\": null, \"is_published\": 1, \"is_watermark\": 0, \"is_favourites\": 0, \"preview_description\": \"Доска с птичкой - Баклан поднимет вам настроение и окунет в воспоминание о лете.\"}, \"changes\": []}',
        NULL, 1656326085, NULL, NULL),
       (141, 8, 7, 'ax_document_coming', 55, 'created',
        '{\"model\": {\"id\": 55, \"status\": 2, \"created_at\": 1656326085, \"updated_at\": 1656326085, \"counterparty_id\": 1, \"fin_transaction_type_id\": 2, \"catalog_storage_place_id\": 1}, \"changes\": []}',
        NULL, 1656326085, NULL, NULL),
       (142, 8, 7, 'ax_document_coming_content', 55, 'created',
        '{\"model\": {\"id\": 55, \"price\": 1, \"quantity\": 1, \"price_out\": 2200, \"created_at\": 1656326085, \"updated_at\": 1656326085, \"document_id\": 55, \"catalog_product_id\": 56}, \"changes\": []}',
        NULL, 1656326085, NULL, NULL),
       (143, 8, 7, 'ax_document_coming_content', 55, 'updated',
        '{\"model\": {\"id\": 55, \"price\": 1, \"document\": {\"id\": 55, \"status\": 2, \"document\": null, \"created_at\": 1656326085, \"deleted_at\": null, \"updated_at\": 1656326085, \"currency_id\": null, \"document_id\": null, \"counterparty_id\": 1, \"fin_transaction_type_id\": 2, \"catalog_storage_place_id\": 1}, \"quantity\": 1, \"price_out\": 2200, \"created_at\": 1656326085, \"updated_at\": 1656326085, \"document_id\": 55, \"catalog_product_id\": 56, \"catalog_storage_id\": 55}, \"changes\": {\"catalog_storage_id\": 55}}',
        NULL, 1656326085, NULL, NULL),
       (144, 8, 7, 'ax_document_coming', 55, 'updated',
        '{\"model\": {\"id\": 55, \"status\": 1, \"created_at\": 1656326085, \"updated_at\": 1656326085, \"counterparty_id\": 1, \"fin_transaction_type_id\": 2, \"catalog_storage_place_id\": 1}, \"changes\": {\"status\": 1}}',
        NULL, 1656326085, NULL, NULL),
       (145, 8, 7, 'ax_catalog_product', 56, 'updated',
        '{\"model\": {\"id\": 56, \"url\": \"baklan\", \"sort\": null, \"alias\": \"baklan\", \"image\": \"/upload/ax_catalog_product/baklan/SIOjpDmymx9obaRtBeu6MwHHQHeJZ8o5wNYdUbVe.jpeg\", \"price\": 2200, \"title\": \"✶ Баклан ✶\", \"is_single\": 1, \"render_id\": null, \"created_at\": 1656277200, \"updated_at\": 1656326085, \"category_id\": 2, \"description\": \"<p><br></p>\", \"is_comments\": 0, \"title_short\": null, \"is_published\": 1, \"is_watermark\": 0, \"is_favourites\": 0, \"preview_description\": \"Доска с птичкой - Баклан поднимет вам настроение и окунет в воспоминание о лете.\"}, \"changes\": {\"image\": \"/upload/ax_catalog_product/baklan/SIOjpDmymx9obaRtBeu6MwHHQHeJZ8o5wNYdUbVe.jpeg\"}}',
        NULL, 1656326085, NULL, NULL),
       (146, 8, 7, 'ax_catalog_product', 56, 'updated',
        '{\"model\": {\"id\": 56, \"url\": \"baklan\", \"hits\": 0, \"sort\": null, \"alias\": \"baklan\", \"image\": \"/upload/ax_catalog_product/baklan/SIOjpDmymx9obaRtBeu6MwHHQHeJZ8o5wNYdUbVe.jpeg\", \"media\": null, \"price\": 2200, \"stars\": 0, \"title\": \"✶ Баклан ✶\", \"is_single\": 1, \"render_id\": null, \"show_date\": 1, \"created_at\": 1656326165, \"deleted_at\": null, \"updated_at\": 1656326165, \"category_id\": 2, \"description\": \"<p>Доска с птичкой - Баклан поднимет вам настроение и окунет в воспоминание о лете.<br></p>\", \"is_comments\": 0, \"title_short\": null, \"is_published\": 1, \"is_watermark\": 0, \"is_favourites\": 0, \"preview_description\": null}, \"changes\": {\"created_at\": 1656326165, \"updated_at\": 1656326165, \"description\": \"<p>Доска с птичкой - Баклан поднимет вам настроение и окунет в воспоминание о лете.<br></p>\", \"preview_description\": null}}',
        NULL, 1656326165, NULL, NULL),
       (147, 8, 7, 'ax_catalog_product', 57, 'created',
        '{\"model\": {\"id\": 57, \"url\": \"shmel\", \"sort\": null, \"alias\": \"shmel\", \"price\": 2900, \"title\": \"✶ Шмель ✶\", \"is_single\": 1, \"render_id\": null, \"created_at\": 1656277200, \"updated_at\": 1656327069, \"category_id\": 2, \"description\": \"<p>Доска из категории одних из удобных размеров. </p><p>Идеальна для каждодневного использования и еще удобна для подачи закусок на большую компанию.</p>\", \"is_comments\": 0, \"title_short\": null, \"is_published\": 0, \"is_watermark\": 0, \"is_favourites\": 0, \"preview_description\": null}, \"changes\": []}',
        NULL, 1656327069, NULL, NULL),
       (148, 8, 7, 'ax_catalog_product', 57, 'updated',
        '{\"model\": {\"id\": 57, \"url\": \"shmel\", \"sort\": null, \"alias\": \"shmel\", \"image\": \"/upload/ax_catalog_product/shmel/QhR7WtFBso5JUc0JOJ3QN2RINuc40AhFHxpubnqB.jpeg\", \"price\": 2900, \"title\": \"✶ Шмель ✶\", \"is_single\": 1, \"render_id\": null, \"created_at\": 1656277200, \"updated_at\": 1656327069, \"category_id\": 2, \"description\": \"<p>Доска из категории одних из удобных размеров. </p><p>Идеальна для каждодневного использования и еще удобна для подачи закусок на большую компанию.</p>\", \"is_comments\": 0, \"title_short\": null, \"is_published\": 0, \"is_watermark\": 0, \"is_favourites\": 0, \"preview_description\": null}, \"changes\": {\"image\": \"/upload/ax_catalog_product/shmel/QhR7WtFBso5JUc0JOJ3QN2RINuc40AhFHxpubnqB.jpeg\"}}',
        NULL, 1656327069, NULL, NULL),
       (149, 8, 7, 'ax_catalog_product', 58, 'created',
        '{\"model\": {\"id\": 58, \"url\": \"syr-1\", \"sort\": null, \"alias\": \"syr-1\", \"price\": 2700, \"title\": \"✶ Сыр ✶\", \"is_single\": 1, \"render_id\": null, \"created_at\": 1656277200, \"updated_at\": 1656327903, \"category_id\": 3, \"description\": \"<p>Подаем красиво и удивляем гостей.</p><p>Помним наше правило, на одной стороне режем, на другой подаем. </p><p>Так мы используем доску по назначению а вторая сторона остается без царапин для красивой подачи.</p><p>Особые ценители, которым жалко использовать по назначению, используют их в интерьере, для свечей и всего что придумают. </p>\", \"is_comments\": 0, \"title_short\": null, \"is_published\": 0, \"is_watermark\": 0, \"is_favourites\": 0, \"preview_description\": null}, \"changes\": []}',
        NULL, 1656327903, NULL, NULL),
       (150, 8, 7, 'ax_catalog_product', 58, 'updated',
        '{\"model\": {\"id\": 58, \"url\": \"syr-1\", \"sort\": null, \"alias\": \"syr-1\", \"image\": \"/upload/ax_catalog_product/syr-1/T5k3qfUj90DDMdLP4iWTkdxMq3uLS9fpf4Ccu8gp.jpeg\", \"price\": 2700, \"title\": \"✶ Сыр ✶\", \"is_single\": 1, \"render_id\": null, \"created_at\": 1656277200, \"updated_at\": 1656327903, \"category_id\": 3, \"description\": \"<p>Подаем красиво и удивляем гостей.</p><p>Помним наше правило, на одной стороне режем, на другой подаем. </p><p>Так мы используем доску по назначению а вторая сторона остается без царапин для красивой подачи.</p><p>Особые ценители, которым жалко использовать по назначению, используют их в интерьере, для свечей и всего что придумают. </p>\", \"is_comments\": 0, \"title_short\": null, \"is_published\": 0, \"is_watermark\": 0, \"is_favourites\": 0, \"preview_description\": null}, \"changes\": {\"image\": \"/upload/ax_catalog_product/syr-1/T5k3qfUj90DDMdLP4iWTkdxMq3uLS9fpf4Ccu8gp.jpeg\"}}',
        NULL, 1656327903, NULL, NULL),
       (151, 8, 7, 'ax_catalog_product', 59, 'created',
        '{\"model\": {\"id\": 59, \"url\": \"brokkoli\", \"sort\": null, \"alias\": \"brokkoli\", \"price\": 3200, \"title\": \"✶ Брокколи ✶\", \"is_single\": 1, \"render_id\": null, \"created_at\": 1656277200, \"updated_at\": 1656328324, \"category_id\": 2, \"description\": \"<p>Широкая доска удобна, особенно когда надо резать много или большие овощи.</p><p>Маркированная доска - для овощей. Точно уже не перепутаете.</p><p>Не просто так говорят что надо иметь разные доски для разных категорий продуктов.</p>\", \"is_comments\": 0, \"title_short\": null, \"is_published\": 0, \"is_watermark\": 0, \"is_favourites\": 0, \"preview_description\": null}, \"changes\": []}',
        NULL, 1656328324, NULL, NULL),
       (152, 8, 7, 'ax_catalog_product', 59, 'updated',
        '{\"model\": {\"id\": 59, \"url\": \"brokkoli\", \"sort\": null, \"alias\": \"brokkoli\", \"image\": \"/upload/ax_catalog_product/brokkoli/9tPC7MZ0s8bIIiA0AewdTVxiOewLyFvN84A01J1m.jpeg\", \"price\": 3200, \"title\": \"✶ Брокколи ✶\", \"is_single\": 1, \"render_id\": null, \"created_at\": 1656277200, \"updated_at\": 1656328324, \"category_id\": 2, \"description\": \"<p>Широкая доска удобна, особенно когда надо резать много или большие овощи.</p><p>Маркированная доска - для овощей. Точно уже не перепутаете.</p><p>Не просто так говорят что надо иметь разные доски для разных категорий продуктов.</p>\", \"is_comments\": 0, \"title_short\": null, \"is_published\": 0, \"is_watermark\": 0, \"is_favourites\": 0, \"preview_description\": null}, \"changes\": {\"image\": \"/upload/ax_catalog_product/brokkoli/9tPC7MZ0s8bIIiA0AewdTVxiOewLyFvN84A01J1m.jpeg\"}}',
        NULL, 1656328324, NULL, NULL),
       (153, 8, 7, 'ax_catalog_product', 60, 'created',
        '{\"model\": {\"id\": 60, \"url\": \"h-akazie\", \"sort\": null, \"alias\": \"h-akazie\", \"price\": 800, \"title\": \"✶ H. Akazie ✶\", \"is_single\": 1, \"render_id\": null, \"created_at\": 1656277200, \"updated_at\": 1656329296, \"category_id\": 3, \"description\": \"<p>Камушек для легкой, небольшой, романтической подачи. </p><p><br></p>\", \"is_comments\": 0, \"title_short\": null, \"is_published\": 0, \"is_watermark\": 0, \"is_favourites\": 0, \"preview_description\": null}, \"changes\": []}',
        NULL, 1656329296, NULL, NULL),
       (154, 8, 7, 'ax_catalog_product', 60, 'updated',
        '{\"model\": {\"id\": 60, \"url\": \"h-akazie\", \"sort\": null, \"alias\": \"h-akazie\", \"image\": \"/upload/ax_catalog_product/h-akazie/pZjJSch0JWpSe1ksMKOHsSWV2nmdCgqhGzON3XVR.jpeg\", \"price\": 800, \"title\": \"✶ H. Akazie ✶\", \"is_single\": 1, \"render_id\": null, \"created_at\": 1656277200, \"updated_at\": 1656329296, \"category_id\": 3, \"description\": \"<p>Камушек для легкой, небольшой, романтической подачи. </p><p><br></p>\", \"is_comments\": 0, \"title_short\": null, \"is_published\": 0, \"is_watermark\": 0, \"is_favourites\": 0, \"preview_description\": null}, \"changes\": {\"image\": \"/upload/ax_catalog_product/h-akazie/pZjJSch0JWpSe1ksMKOHsSWV2nmdCgqhGzON3XVR.jpeg\"}}',
        NULL, 1656329296, NULL, NULL),
       (155, 9, 6, 'ax_catalog_basket', 2, 'created',
        '{\"model\": {\"id\": 2, \"status\": 2, \"user_id\": 6, \"quantity\": 1, \"created_at\": 1656329570, \"updated_at\": 1656329570, \"currency_id\": null, \"document_order_id\": null, \"catalog_product_id\": 55}, \"changes\": []}',
        NULL, 1656329570, NULL, NULL),
       (156, 9, 6, 'ax_document_order', 2, 'created',
        '{\"model\": {\"id\": 2, \"uuid\": \"9225c97b-4555-4701-a234-d095aafebabc\", \"status\": 2, \"created_at\": 1656329584, \"updated_at\": 1656329584, \"delivery_cost\": 350, \"counterparty_id\": 2, \"payment_order_id\": null, \"catalog_payment_type_id\": 1, \"fin_transaction_type_id\": 1, \"catalog_delivery_type_id\": 2, \"catalog_storage_place_id\": 1, \"catalog_payment_status_id\": 2, \"catalog_delivery_status_id\": 1}, \"changes\": []}',
        NULL, 1656329584, NULL, NULL),
       (157, 9, 6, 'ax_document_order', 2, 'updated',
        '{\"model\": {\"id\": 2, \"ip\": \"185.188.96.88\", \"uuid\": \"9225c97b-4555-4701-a234-d095aafebabc\", \"status\": 1, \"fin_name\": \"debit\", \"fin_title\": \"Расход\", \"created_at\": 1656329584, \"deleted_at\": null, \"updated_at\": 1656329588, \"address_city\": \"Краснодар\", \"coupon_value\": null, \"address_house\": 233, \"address_index\": null, \"delivery_cost\": 350, \"payment_title\": \"Банковской картой\", \"address_region\": \"Краснодарский край\", \"address_street\": \"Петра Метальникова 7\", \"delivery_title\": \"Курьером по г.Краснодару\", \"payment_status\": \"Не оплачен\", \"user_last_name\": \"Алексеев\", \"basket_products\": [{\"id\": 2, \"price\": 1, \"title\": \"test\", \"status\": 2, \"user_id\": 6, \"in_stock\": 1, \"quantity\": 1, \"created_at\": 1656329570, \"deleted_at\": null, \"in_reserve\": 0, \"updated_at\": 1656329584, \"currency_id\": null, \"document_order_id\": 2, \"catalog_product_id\": 55}], \"counterparty_id\": 2, \"coupon_discount\": null, \"delivery_status\": \"В обработке\", \"individual_name\": \"Алексеев\", \"user_first_name\": \"Алексей\", \"document_sale_id\": null, \"individual_email\": \"axlle@mail.ru\", \"individual_phone\": 9621829550, \"payment_order_id\": null, \"address_apartment\": null, \"catalog_coupon_id\": null, \"individual_first_name\": \"Алексей\", \"individual_patronymic\": \"Александрович\", \"catalog_payment_type_id\": 1, \"fin_transaction_type_id\": 1, \"catalog_delivery_type_id\": 2, \"catalog_storage_place_id\": 1, \"catalog_payment_status_id\": 2, \"catalog_delivery_status_id\": 1}, \"changes\": {\"status\": 1, \"updated_at\": 1656329588}}',
        NULL, 1656329588, NULL, NULL),
       (158, 9, 6, 'ax_document_order', 2, 'updated',
        '{\"model\": {\"id\": 2, \"ip\": \"185.188.96.88\", \"uuid\": \"9225c97b-4555-4701-a234-d095aafebabc\", \"status\": 1, \"fin_name\": \"debit\", \"fin_title\": \"Расход\", \"created_at\": 1656329584, \"deleted_at\": null, \"updated_at\": 1656329588, \"address_city\": \"Краснодар\", \"coupon_value\": null, \"address_house\": 233, \"address_index\": null, \"delivery_cost\": 350, \"payment_title\": \"Банковской картой\", \"address_region\": \"Краснодарский край\", \"address_street\": \"Петра Метальникова 7\", \"delivery_title\": \"Курьером по г.Краснодару\", \"payment_status\": \"Не оплачен\", \"user_last_name\": \"Алексеев\", \"basket_products\": [{\"id\": 2, \"price\": 1, \"title\": \"test\", \"status\": 2, \"user_id\": 6, \"in_stock\": 1, \"quantity\": 1, \"created_at\": 1656329570, \"deleted_at\": null, \"in_reserve\": 0, \"updated_at\": 1656329584, \"currency_id\": null, \"document_order_id\": 2, \"catalog_product_id\": 55}], \"counterparty_id\": 2, \"coupon_discount\": null, \"delivery_status\": \"В обработке\", \"individual_name\": \"Алексеев\", \"user_first_name\": \"Алексей\", \"document_sale_id\": null, \"individual_email\": \"axlle@mail.ru\", \"individual_phone\": 9621829550, \"payment_order_id\": \"545794ed-70fd-7a0f-96e0-ce240443bd58\", \"address_apartment\": null, \"catalog_coupon_id\": null, \"individual_first_name\": \"Алексей\", \"individual_patronymic\": \"Александрович\", \"catalog_payment_type_id\": 1, \"fin_transaction_type_id\": 1, \"catalog_delivery_type_id\": 2, \"catalog_storage_place_id\": 1, \"catalog_payment_status_id\": 2, \"catalog_delivery_status_id\": 1}, \"changes\": {\"payment_order_id\": \"545794ed-70fd-7a0f-96e0-ce240443bd58\"}}',
        NULL, 1656329588, NULL, NULL),
       (159, 9, 6, 'ax_document_sale', 1, 'created',
        '{\"model\": {\"id\": 1, \"status\": 2, \"document\": \"ax_document_order\", \"created_at\": 1656329683, \"updated_at\": 1656329683, \"document_id\": 2, \"counterparty_id\": 2, \"fin_transaction_type_id\": 1, \"catalog_storage_place_id\": 1}, \"changes\": []}',
        NULL, 1656329683, NULL, NULL),
       (160, 9, 6, 'ax_document_sale_content', 1, 'created',
        '{\"model\": {\"id\": 1, \"price\": 1, \"quantity\": 1, \"created_at\": 1656329683, \"updated_at\": 1656329683, \"document_id\": 1, \"catalog_product_id\": 55}, \"changes\": []}',
        NULL, 1656329683, NULL, NULL),
       (161, 9, 6, 'ax_document_sale_content', 1, 'updated',
        '{\"model\": {\"id\": 1, \"price\": 1, \"document\": {\"id\": 1, \"status\": 2, \"document\": \"ax_document_order\", \"created_at\": 1656329683, \"deleted_at\": null, \"updated_at\": 1656329683, \"currency_id\": null, \"document_id\": 2, \"counterparty_id\": 2, \"fin_transaction_type_id\": 1, \"catalog_storage_place_id\": 1}, \"quantity\": 1, \"created_at\": 1656329683, \"updated_at\": 1656329683, \"document_id\": 1, \"catalog_product_id\": 55, \"catalog_storage_id\": 54}, \"changes\": {\"catalog_storage_id\": 54}}',
        NULL, 1656329683, NULL, NULL),
       (162, 9, 6, 'ax_document_sale', 1, 'updated',
        '{\"model\": {\"id\": 1, \"status\": 1, \"document\": \"ax_document_order\", \"created_at\": 1656329683, \"updated_at\": 1656329683, \"document_id\": 2, \"counterparty_id\": 2, \"fin_transaction_type_id\": 1, \"catalog_storage_place_id\": 1}, \"changes\": {\"status\": 1}}',
        NULL, 1656329683, NULL, NULL),
       (163, 9, 6, 'ax_document_order', 2, 'updated',
        '{\"model\": {\"id\": 2, \"ip\": \"185.188.96.88\", \"uuid\": \"9225c97b-4555-4701-a234-d095aafebabc\", \"status\": 1, \"fin_name\": \"debit\", \"fin_title\": \"Расход\", \"created_at\": 1656329584, \"deleted_at\": null, \"updated_at\": 1656329683, \"address_city\": \"Краснодар\", \"coupon_value\": null, \"address_house\": 233, \"address_index\": null, \"delivery_cost\": 350, \"payment_title\": \"Банковской картой\", \"address_region\": \"Краснодарский край\", \"address_street\": \"Петра Метальникова 7\", \"delivery_title\": \"Курьером по г.Краснодару\", \"payment_status\": \"Не оплачен\", \"user_last_name\": \"Алексеев\", \"counterparty_id\": 2, \"coupon_discount\": null, \"delivery_status\": \"В обработке\", \"individual_name\": \"Алексеев\", \"user_first_name\": \"Алексей\", \"document_sale_id\": null, \"individual_email\": \"axlle@mail.ru\", \"individual_phone\": 9621829550, \"payment_order_id\": \"545794ed-70fd-7a0f-96e0-ce240443bd58\", \"address_apartment\": null, \"catalog_coupon_id\": null, \"individual_first_name\": \"Алексей\", \"individual_patronymic\": \"Александрович\", \"catalog_payment_type_id\": 1, \"fin_transaction_type_id\": 1, \"catalog_delivery_type_id\": 2, \"catalog_storage_place_id\": 1, \"catalog_payment_status_id\": 1, \"catalog_delivery_status_id\": 1}, \"changes\": {\"updated_at\": 1656329683, \"catalog_payment_status_id\": 1}}',
        NULL, 1656329683, NULL, NULL),
       (164, 8, 7, 'ax_catalog_product', 61, 'created',
        '{\"model\": {\"id\": 61, \"url\": \"bazilik\", \"sort\": null, \"alias\": \"bazilik\", \"price\": 2800, \"title\": \"✶ Базилик ✶\", \"is_single\": 1, \"render_id\": null, \"created_at\": 1656277200, \"updated_at\": 1656329802, \"category_id\": 3, \"description\": \"<p><span style=\\\"font-size: 12.8px;\\\">Массив акации невероятно красив, цвет вообще бесподобен.</span><br></p><p>Края обработаны так, как будто вы держите в руках морской камушек, который годами оттесывало море.</p><p>Доска такая же гладкая, приятная, не хочется выпускать из рук.</p><p><span style=\\\"font-size: 12.8px;\\\">Удобная доска-камень как для подачи так и для использования в быту.</span><br></p>\", \"is_comments\": 0, \"title_short\": null, \"is_published\": 0, \"is_watermark\": 0, \"is_favourites\": 0, \"preview_description\": null}, \"changes\": []}',
        NULL, 1656329802, NULL, NULL),
       (165, 8, 7, 'ax_catalog_product', 61, 'updated',
        '{\"model\": {\"id\": 61, \"url\": \"bazilik\", \"sort\": null, \"alias\": \"bazilik\", \"image\": \"/upload/ax_catalog_product/bazilik/X7vjmolDqLreA6wB2HPi8smyCs1nHD4SrYUzY95O.jpeg\", \"price\": 2800, \"title\": \"✶ Базилик ✶\", \"is_single\": 1, \"render_id\": null, \"created_at\": 1656277200, \"updated_at\": 1656329802, \"category_id\": 3, \"description\": \"<p><span style=\\\"font-size: 12.8px;\\\">Массив акации невероятно красив, цвет вообще бесподобен.</span><br></p><p>Края обработаны так, как будто вы держите в руках морской камушек, который годами оттесывало море.</p><p>Доска такая же гладкая, приятная, не хочется выпускать из рук.</p><p><span style=\\\"font-size: 12.8px;\\\">Удобная доска-камень как для подачи так и для использования в быту.</span><br></p>\", \"is_comments\": 0, \"title_short\": null, \"is_published\": 0, \"is_watermark\": 0, \"is_favourites\": 0, \"preview_description\": null}, \"changes\": {\"image\": \"/upload/ax_catalog_product/bazilik/X7vjmolDqLreA6wB2HPi8smyCs1nHD4SrYUzY95O.jpeg\"}}',
        NULL, 1656329802, NULL, NULL),
       (166, 9, 6, 'ax_catalog_product', 55, 'updated',
        '{\"model\": {\"id\": 55, \"url\": \"test\", \"hits\": 0, \"sort\": null, \"alias\": \"test\", \"image\": \"/upload/ax_catalog_product/test/hebyxkM9FT70LsTCeHgw5bm21jijMhoDhHthpgqp.png\", \"media\": null, \"price\": 1, \"stars\": 0, \"title\": \"test\", \"is_single\": 1, \"render_id\": null, \"show_date\": 1, \"created_at\": 1656330536, \"deleted_at\": null, \"updated_at\": 1656330536, \"category_id\": 7, \"description\": null, \"is_comments\": 0, \"title_short\": null, \"is_published\": 1, \"is_watermark\": 0, \"is_favourites\": 0, \"preview_description\": null}, \"changes\": {\"created_at\": 1656330536, \"updated_at\": 1656330536}}',
        NULL, 1656330536, NULL, NULL),
       (167, 8, 7, 'ax_catalog_product', 62, 'created',
        '{\"model\": {\"id\": 62, \"url\": \"ananas\", \"sort\": null, \"alias\": \"ananas\", \"price\": 1300, \"title\": \"✶ Ананас ✶\", \"is_single\": 1, \"render_id\": null, \"created_at\": 1656277200, \"updated_at\": 1656330555, \"category_id\": 3, \"description\": \"<p>Яркая и красивая подача обеспечена.</p>\", \"is_comments\": 0, \"title_short\": null, \"is_published\": 0, \"is_watermark\": 0, \"is_favourites\": 0, \"preview_description\": null}, \"changes\": []}',
        NULL, 1656330555, NULL, NULL),
       (168, 8, 7, 'ax_catalog_product', 62, 'updated',
        '{\"model\": {\"id\": 62, \"url\": \"ananas\", \"sort\": null, \"alias\": \"ananas\", \"image\": \"/upload/ax_catalog_product/ananas/T9ZYEeIeAPTrOaFvTwkk20NDel1MorRWhQrRbLox.jpeg\", \"price\": 1300, \"title\": \"✶ Ананас ✶\", \"is_single\": 1, \"render_id\": null, \"created_at\": 1656277200, \"updated_at\": 1656330555, \"category_id\": 3, \"description\": \"<p>Яркая и красивая подача обеспечена.</p>\", \"is_comments\": 0, \"title_short\": null, \"is_published\": 0, \"is_watermark\": 0, \"is_favourites\": 0, \"preview_description\": null}, \"changes\": {\"image\": \"/upload/ax_catalog_product/ananas/T9ZYEeIeAPTrOaFvTwkk20NDel1MorRWhQrRbLox.jpeg\"}}',
        NULL, 1656330555, NULL, NULL),
       (169, 9, 6, 'ax_catalog_product', 55, 'updated',
        '{\"model\": {\"id\": 55, \"url\": \"test\", \"hits\": 0, \"sort\": null, \"alias\": \"test\", \"image\": \"/upload/ax_catalog_product/test/hebyxkM9FT70LsTCeHgw5bm21jijMhoDhHthpgqp.png\", \"media\": null, \"price\": 1, \"stars\": 0, \"title\": \"test\", \"is_single\": 1, \"render_id\": null, \"show_date\": 1, \"created_at\": 1656330643, \"deleted_at\": null, \"updated_at\": 1656330643, \"category_id\": 7, \"description\": null, \"is_comments\": 0, \"title_short\": null, \"is_published\": 1, \"is_watermark\": 0, \"is_favourites\": 0, \"preview_description\": null}, \"changes\": {\"created_at\": 1656330643, \"updated_at\": 1656330643}}',
        NULL, 1656330643, NULL, NULL),
       (170, 8, 7, 'ax_catalog_product', 63, 'created',
        '{\"model\": {\"id\": 63, \"url\": \"lastochka\", \"sort\": null, \"alias\": \"lastochka\", \"price\": 2700, \"title\": \"✶ Ласточка ✶\", \"is_single\": 1, \"render_id\": null, \"created_at\": 1656277200, \"updated_at\": 1656331248, \"category_id\": 3, \"description\": \"<p>Широкая, красивая, удобная доска.</p><p>Режем и красиво подаем.</p>\", \"is_comments\": 0, \"title_short\": null, \"is_published\": 0, \"is_watermark\": 0, \"is_favourites\": 0, \"preview_description\": null}, \"changes\": []}',
        NULL, 1656331248, NULL, NULL),
       (171, 8, 7, 'ax_catalog_product', 63, 'updated',
        '{\"model\": {\"id\": 63, \"url\": \"lastochka\", \"sort\": null, \"alias\": \"lastochka\", \"image\": \"/upload/ax_catalog_product/lastochka/mQyCT8CAa3dMYyvTSxfIzPNIY8dCGKhByLzYZ3gg.jpeg\", \"price\": 2700, \"title\": \"✶ Ласточка ✶\", \"is_single\": 1, \"render_id\": null, \"created_at\": 1656277200, \"updated_at\": 1656331248, \"category_id\": 3, \"description\": \"<p>Широкая, красивая, удобная доска.</p><p>Режем и красиво подаем.</p>\", \"is_comments\": 0, \"title_short\": null, \"is_published\": 0, \"is_watermark\": 0, \"is_favourites\": 0, \"preview_description\": null}, \"changes\": {\"image\": \"/upload/ax_catalog_product/lastochka/mQyCT8CAa3dMYyvTSxfIzPNIY8dCGKhByLzYZ3gg.jpeg\"}}',
        NULL, 1656331248, NULL, NULL),
       (172, 8, 7, 'ax_catalog_product', 58, 'updated',
        '{\"model\": {\"id\": 58, \"url\": \"syr-1\", \"hits\": 0, \"sort\": null, \"alias\": \"syr-1\", \"image\": \"/upload/ax_catalog_product/syr-1/T5k3qfUj90DDMdLP4iWTkdxMq3uLS9fpf4Ccu8gp.jpeg\", \"media\": null, \"price\": 2700, \"stars\": 0, \"title\": \"✶ Сыр А. ✶\", \"is_single\": 1, \"render_id\": null, \"show_date\": 1, \"created_at\": 1656277200, \"deleted_at\": null, \"updated_at\": 1656331432, \"category_id\": 3, \"description\": \"<p>Подаем красиво и удивляем гостей.</p><p>Помним наше правило, на одной стороне режем, на другой подаем. </p><p>Так мы используем доску по назначению а вторая сторона остается без царапин для красивой подачи.</p><p>Особые ценители, которым жалко использовать по назначению, используют их в интерьере, для свечей и всего что придумают. </p>\", \"is_comments\": 0, \"title_short\": null, \"is_published\": 0, \"is_watermark\": 0, \"is_favourites\": 0, \"preview_description\": null}, \"changes\": {\"title\": \"✶ Сыр А. ✶\", \"updated_at\": 1656331432, \"description\": \"<p>Подаем красиво и удивляем гостей.</p><p>Помним наше правило, на одной стороне режем, на другой подаем. </p><p>Так мы используем доску по назначению а вторая сторона остается без царапин для красивой подачи.</p><p>Особые ценители, которым жалко использовать по назначению, используют их в интерьере, для свечей и всего что придумают. </p>\"}}',
        NULL, 1656331432, NULL, NULL),
       (173, 8, 7, 'ax_document_coming', 56, 'created',
        '{\"model\": {\"id\": 56, \"status\": 2, \"created_at\": 1656331486, \"updated_at\": 1656331486, \"counterparty_id\": 1, \"fin_transaction_type_id\": 2, \"catalog_storage_place_id\": 1}, \"changes\": []}',
        NULL, 1656331486, NULL, NULL),
       (174, 8, 7, 'ax_document_coming_content', 56, 'created',
        '{\"model\": {\"id\": 56, \"price\": 0, \"quantity\": 1, \"price_out\": 2700, \"created_at\": 1656331486, \"updated_at\": 1656331486, \"document_id\": 56, \"catalog_product_id\": 63}, \"changes\": []}',
        NULL, 1656331486, NULL, NULL),
       (175, 8, 7, 'ax_document_coming_content', 57, 'created',
        '{\"model\": {\"id\": 57, \"price\": 0, \"quantity\": 1, \"price_out\": 1300, \"created_at\": 1656331486, \"updated_at\": 1656331486, \"document_id\": 56, \"catalog_product_id\": 62}, \"changes\": []}',
        NULL, 1656331486, NULL, NULL),
       (176, 8, 7, 'ax_document_coming_content', 58, 'created',
        '{\"model\": {\"id\": 58, \"price\": 0, \"quantity\": 1, \"price_out\": 2800, \"created_at\": 1656331486, \"updated_at\": 1656331486, \"document_id\": 56, \"catalog_product_id\": 61}, \"changes\": []}',
        NULL, 1656331486, NULL, NULL),
       (177, 8, 7, 'ax_document_coming_content', 59, 'created',
        '{\"model\": {\"id\": 59, \"price\": 0, \"quantity\": 1, \"price_out\": 800, \"created_at\": 1656331486, \"updated_at\": 1656331486, \"document_id\": 56, \"catalog_product_id\": 60}, \"changes\": []}',
        NULL, 1656331486, NULL, NULL),
       (178, 8, 7, 'ax_document_coming_content', 60, 'created',
        '{\"model\": {\"id\": 60, \"price\": 0, \"quantity\": 1, \"price_out\": 3200, \"created_at\": 1656331486, \"updated_at\": 1656331486, \"document_id\": 56, \"catalog_product_id\": 59}, \"changes\": []}',
        NULL, 1656331486, NULL, NULL),
       (179, 8, 7, 'ax_document_coming_content', 61, 'created',
        '{\"model\": {\"id\": 61, \"price\": 0, \"quantity\": 1, \"price_out\": 2700, \"created_at\": 1656331486, \"updated_at\": 1656331486, \"document_id\": 56, \"catalog_product_id\": 58}, \"changes\": []}',
        NULL, 1656331486, NULL, NULL),
       (180, 8, 7, 'ax_document_coming_content', 62, 'created',
        '{\"model\": {\"id\": 62, \"price\": 0, \"quantity\": 1, \"price_out\": 2900, \"created_at\": 1656331486, \"updated_at\": 1656331486, \"document_id\": 56, \"catalog_product_id\": 57}, \"changes\": []}',
        NULL, 1656331486, NULL, NULL),
       (181, 8, 7, 'ax_catalog_product', 63, 'updated',
        '{\"model\": {\"id\": 63, \"url\": \"lastochka\", \"hits\": 0, \"sort\": null, \"alias\": \"lastochka\", \"image\": \"/upload/ax_catalog_product/lastochka/mQyCT8CAa3dMYyvTSxfIzPNIY8dCGKhByLzYZ3gg.jpeg\", \"media\": null, \"price\": 2700, \"stars\": 0, \"title\": \"✶ Ласточка ✶\", \"is_single\": 1, \"render_id\": null, \"show_date\": 1, \"created_at\": 1656277200, \"deleted_at\": null, \"updated_at\": 1656331543, \"category_id\": 3, \"description\": \"<p>Широкая, красивая, удобная доска.</p><p>Режем и красиво подаем.</p>\", \"is_comments\": 0, \"title_short\": null, \"is_published\": 1, \"is_watermark\": 0, \"is_favourites\": 0, \"preview_description\": null}, \"changes\": {\"updated_at\": 1656331543, \"is_published\": 1}}',
        NULL, 1656331543, NULL, NULL),
       (182, 8, 7, 'ax_document_coming_content', 56, 'updated',
        '{\"model\": {\"id\": 56, \"price\": 0, \"document\": {\"id\": 56, \"status\": 2, \"document\": null, \"created_at\": 1656331486, \"deleted_at\": null, \"updated_at\": 1656331486, \"currency_id\": null, \"document_id\": null, \"counterparty_id\": 1, \"fin_transaction_type_id\": 2, \"catalog_storage_place_id\": 1}, \"quantity\": 1, \"price_out\": 2700, \"created_at\": 1656331486, \"deleted_at\": null, \"updated_at\": 1656331543, \"description\": null, \"document_id\": 56, \"catalog_product_id\": 63, \"catalog_storage_id\": 56}, \"changes\": {\"updated_at\": 1656331543, \"catalog_storage_id\": 56}}',
        NULL, 1656331543, NULL, NULL),
       (183, 8, 7, 'ax_catalog_product', 62, 'updated',
        '{\"model\": {\"id\": 62, \"url\": \"ananas\", \"hits\": 0, \"sort\": null, \"alias\": \"ananas\", \"image\": \"/upload/ax_catalog_product/ananas/T9ZYEeIeAPTrOaFvTwkk20NDel1MorRWhQrRbLox.jpeg\", \"media\": null, \"price\": 1300, \"stars\": 0, \"title\": \"✶ Ананас ✶\", \"is_single\": 1, \"render_id\": null, \"show_date\": 1, \"created_at\": 1656277200, \"deleted_at\": null, \"updated_at\": 1656331543, \"category_id\": 3, \"description\": \"<p>Яркая и красивая подача обеспечена.</p>\", \"is_comments\": 0, \"title_short\": null, \"is_published\": 1, \"is_watermark\": 0, \"is_favourites\": 0, \"preview_description\": null}, \"changes\": {\"updated_at\": 1656331543, \"is_published\": 1}}',
        NULL, 1656331543, NULL, NULL),
       (184, 8, 7, 'ax_document_coming_content', 57, 'updated',
        '{\"model\": {\"id\": 57, \"price\": 0, \"document\": {\"id\": 56, \"status\": 2, \"document\": null, \"created_at\": 1656331486, \"deleted_at\": null, \"updated_at\": 1656331486, \"currency_id\": null, \"document_id\": null, \"counterparty_id\": 1, \"fin_transaction_type_id\": 2, \"catalog_storage_place_id\": 1}, \"quantity\": 1, \"price_out\": 1300, \"created_at\": 1656331486, \"deleted_at\": null, \"updated_at\": 1656331543, \"description\": null, \"document_id\": 56, \"catalog_product_id\": 62, \"catalog_storage_id\": 57}, \"changes\": {\"updated_at\": 1656331543, \"catalog_storage_id\": 57}}',
        NULL, 1656331543, NULL, NULL),
       (185, 8, 7, 'ax_catalog_product', 61, 'updated',
        '{\"model\": {\"id\": 61, \"url\": \"bazilik\", \"hits\": 0, \"sort\": null, \"alias\": \"bazilik\", \"image\": \"/upload/ax_catalog_product/bazilik/X7vjmolDqLreA6wB2HPi8smyCs1nHD4SrYUzY95O.jpeg\", \"media\": null, \"price\": 2800, \"stars\": 0, \"title\": \"✶ Базилик ✶\", \"is_single\": 1, \"render_id\": null, \"show_date\": 1, \"created_at\": 1656277200, \"deleted_at\": null, \"updated_at\": 1656331543, \"category_id\": 3, \"description\": \"<p><span style=\\\"font-size: 12.8px;\\\">Массив акации невероятно красив, цвет вообще бесподобен.</span><br></p><p>Края обработаны так, как будто вы держите в руках морской камушек, который годами оттесывало море.</p><p>Доска такая же гладкая, приятная, не хочется выпускать из рук.</p><p><span style=\\\"font-size: 12.8px;\\\">Удобная доска-камень как для подачи так и для использования в быту.</span><br></p>\", \"is_comments\": 0, \"title_short\": null, \"is_published\": 1, \"is_watermark\": 0, \"is_favourites\": 0, \"preview_description\": null}, \"changes\": {\"updated_at\": 1656331543, \"is_published\": 1}}',
        NULL, 1656331543, NULL, NULL),
       (186, 8, 7, 'ax_document_coming_content', 58, 'updated',
        '{\"model\": {\"id\": 58, \"price\": 0, \"document\": {\"id\": 56, \"status\": 2, \"document\": null, \"created_at\": 1656331486, \"deleted_at\": null, \"updated_at\": 1656331486, \"currency_id\": null, \"document_id\": null, \"counterparty_id\": 1, \"fin_transaction_type_id\": 2, \"catalog_storage_place_id\": 1}, \"quantity\": 1, \"price_out\": 2800, \"created_at\": 1656331486, \"deleted_at\": null, \"updated_at\": 1656331543, \"description\": null, \"document_id\": 56, \"catalog_product_id\": 61, \"catalog_storage_id\": 58}, \"changes\": {\"updated_at\": 1656331543, \"catalog_storage_id\": 58}}',
        NULL, 1656331543, NULL, NULL),
       (187, 8, 7, 'ax_catalog_product', 60, 'updated',
        '{\"model\": {\"id\": 60, \"url\": \"h-akazie\", \"hits\": 0, \"sort\": null, \"alias\": \"h-akazie\", \"image\": \"/upload/ax_catalog_product/h-akazie/pZjJSch0JWpSe1ksMKOHsSWV2nmdCgqhGzON3XVR.jpeg\", \"media\": null, \"price\": 800, \"stars\": 0, \"title\": \"✶ H. Akazie ✶\", \"is_single\": 1, \"render_id\": null, \"show_date\": 1, \"created_at\": 1656277200, \"deleted_at\": null, \"updated_at\": 1656331543, \"category_id\": 3, \"description\": \"<p>Камушек для легкой, небольшой, романтической подачи. </p><p><br></p>\", \"is_comments\": 0, \"title_short\": null, \"is_published\": 1, \"is_watermark\": 0, \"is_favourites\": 0, \"preview_description\": null}, \"changes\": {\"updated_at\": 1656331543, \"is_published\": 1}}',
        NULL, 1656331543, NULL, NULL),
       (188, 8, 7, 'ax_document_coming_content', 59, 'updated',
        '{\"model\": {\"id\": 59, \"price\": 0, \"document\": {\"id\": 56, \"status\": 2, \"document\": null, \"created_at\": 1656331486, \"deleted_at\": null, \"updated_at\": 1656331486, \"currency_id\": null, \"document_id\": null, \"counterparty_id\": 1, \"fin_transaction_type_id\": 2, \"catalog_storage_place_id\": 1}, \"quantity\": 1, \"price_out\": 800, \"created_at\": 1656331486, \"deleted_at\": null, \"updated_at\": 1656331543, \"description\": null, \"document_id\": 56, \"catalog_product_id\": 60, \"catalog_storage_id\": 59}, \"changes\": {\"updated_at\": 1656331543, \"catalog_storage_id\": 59}}',
        NULL, 1656331543, NULL, NULL),
       (189, 8, 7, 'ax_catalog_product', 59, 'updated',
        '{\"model\": {\"id\": 59, \"url\": \"brokkoli\", \"hits\": 0, \"sort\": null, \"alias\": \"brokkoli\", \"image\": \"/upload/ax_catalog_product/brokkoli/9tPC7MZ0s8bIIiA0AewdTVxiOewLyFvN84A01J1m.jpeg\", \"media\": null, \"price\": 3200, \"stars\": 0, \"title\": \"✶ Брокколи ✶\", \"is_single\": 1, \"render_id\": null, \"show_date\": 1, \"created_at\": 1656277200, \"deleted_at\": null, \"updated_at\": 1656331543, \"category_id\": 2, \"description\": \"<p>Широкая доска удобна, особенно когда надо резать много или большие овощи.</p><p>Маркированная доска - для овощей. Точно уже не перепутаете.</p><p>Не просто так говорят что надо иметь разные доски для разных категорий продуктов.</p>\", \"is_comments\": 0, \"title_short\": null, \"is_published\": 1, \"is_watermark\": 0, \"is_favourites\": 0, \"preview_description\": null}, \"changes\": {\"updated_at\": 1656331543, \"is_published\": 1}}',
        NULL, 1656331543, NULL, NULL),
       (190, 8, 7, 'ax_document_coming_content', 60, 'updated',
        '{\"model\": {\"id\": 60, \"price\": 0, \"document\": {\"id\": 56, \"status\": 2, \"document\": null, \"created_at\": 1656331486, \"deleted_at\": null, \"updated_at\": 1656331486, \"currency_id\": null, \"document_id\": null, \"counterparty_id\": 1, \"fin_transaction_type_id\": 2, \"catalog_storage_place_id\": 1}, \"quantity\": 1, \"price_out\": 3200, \"created_at\": 1656331486, \"deleted_at\": null, \"updated_at\": 1656331543, \"description\": null, \"document_id\": 56, \"catalog_product_id\": 59, \"catalog_storage_id\": 60}, \"changes\": {\"updated_at\": 1656331543, \"catalog_storage_id\": 60}}',
        NULL, 1656331543, NULL, NULL),
       (191, 8, 7, 'ax_catalog_product', 58, 'updated',
        '{\"model\": {\"id\": 58, \"url\": \"syr-1\", \"hits\": 0, \"sort\": null, \"alias\": \"syr-1\", \"image\": \"/upload/ax_catalog_product/syr-1/T5k3qfUj90DDMdLP4iWTkdxMq3uLS9fpf4Ccu8gp.jpeg\", \"media\": null, \"price\": 2700, \"stars\": 0, \"title\": \"✶ Сыр А. ✶\", \"is_single\": 1, \"render_id\": null, \"show_date\": 1, \"created_at\": 1656277200, \"deleted_at\": null, \"updated_at\": 1656331543, \"category_id\": 3, \"description\": \"<p>Подаем красиво и удивляем гостей.</p><p>Помним наше правило, на одной стороне режем, на другой подаем. </p><p>Так мы используем доску по назначению а вторая сторона остается без царапин для красивой подачи.</p><p>Особые ценители, которым жалко использовать по назначению, используют их в интерьере, для свечей и всего что придумают. </p>\", \"is_comments\": 0, \"title_short\": null, \"is_published\": 1, \"is_watermark\": 0, \"is_favourites\": 0, \"preview_description\": null}, \"changes\": {\"updated_at\": 1656331543, \"is_published\": 1}}',
        NULL, 1656331543, NULL, NULL),
       (192, 8, 7, 'ax_document_coming_content', 61, 'updated',
        '{\"model\": {\"id\": 61, \"price\": 0, \"document\": {\"id\": 56, \"status\": 2, \"document\": null, \"created_at\": 1656331486, \"deleted_at\": null, \"updated_at\": 1656331486, \"currency_id\": null, \"document_id\": null, \"counterparty_id\": 1, \"fin_transaction_type_id\": 2, \"catalog_storage_place_id\": 1}, \"quantity\": 1, \"price_out\": 2700, \"created_at\": 1656331486, \"deleted_at\": null, \"updated_at\": 1656331543, \"description\": null, \"document_id\": 56, \"catalog_product_id\": 58, \"catalog_storage_id\": 61}, \"changes\": {\"updated_at\": 1656331543, \"catalog_storage_id\": 61}}',
        NULL, 1656331543, NULL, NULL),
       (193, 8, 7, 'ax_catalog_product', 57, 'updated',
        '{\"model\": {\"id\": 57, \"url\": \"shmel\", \"hits\": 0, \"sort\": null, \"alias\": \"shmel\", \"image\": \"/upload/ax_catalog_product/shmel/QhR7WtFBso5JUc0JOJ3QN2RINuc40AhFHxpubnqB.jpeg\", \"media\": null, \"price\": 2900, \"stars\": 0, \"title\": \"✶ Шмель ✶\", \"is_single\": 1, \"render_id\": null, \"show_date\": 1, \"created_at\": 1656277200, \"deleted_at\": null, \"updated_at\": 1656331543, \"category_id\": 2, \"description\": \"<p>Доска из категории одних из удобных размеров. </p><p>Идеальна для каждодневного использования и еще удобна для подачи закусок на большую компанию.</p>\", \"is_comments\": 0, \"title_short\": null, \"is_published\": 1, \"is_watermark\": 0, \"is_favourites\": 0, \"preview_description\": null}, \"changes\": {\"updated_at\": 1656331543, \"is_published\": 1}}',
        NULL, 1656331543, NULL, NULL),
       (194, 8, 7, 'ax_document_coming_content', 62, 'updated',
        '{\"model\": {\"id\": 62, \"price\": 0, \"document\": {\"id\": 56, \"status\": 2, \"document\": null, \"created_at\": 1656331486, \"deleted_at\": null, \"updated_at\": 1656331486, \"currency_id\": null, \"document_id\": null, \"counterparty_id\": 1, \"fin_transaction_type_id\": 2, \"catalog_storage_place_id\": 1}, \"quantity\": 1, \"price_out\": 2900, \"created_at\": 1656331486, \"deleted_at\": null, \"updated_at\": 1656331543, \"description\": null, \"document_id\": 56, \"catalog_product_id\": 57, \"catalog_storage_id\": 62}, \"changes\": {\"updated_at\": 1656331543, \"catalog_storage_id\": 62}}',
        NULL, 1656331543, NULL, NULL),
       (195, 8, 7, 'ax_document_coming', 56, 'updated',
        '{\"model\": {\"id\": 56, \"ip\": \"45.157.213.239\", \"status\": 1, \"document\": null, \"fin_name\": \"credit\", \"fin_title\": \"Приход\", \"created_at\": 1656331486, \"deleted_at\": null, \"updated_at\": 1656331543, \"currency_id\": null, \"document_id\": null, \"user_last_name\": \"Dimmagio\", \"counterparty_id\": 1, \"individual_name\": \"Dimmagio\", \"user_first_name\": \"Dimmagio\", \"counterparty_name\": null, \"storage_place_title\": \"Главный склад\", \"fin_transaction_type_id\": 2, \"catalog_storage_place_id\": 1}, \"changes\": {\"status\": 1, \"updated_at\": 1656331543}}',
        NULL, 1656331543, NULL, NULL),
       (196, 9, 6, 'ax_catalog_product', 55, 'updated',
        '{\"model\": {\"id\": 55, \"url\": \"test\", \"hits\": 0, \"sort\": null, \"alias\": \"test\", \"image\": \"/upload/ax_catalog_product/test/hebyxkM9FT70LsTCeHgw5bm21jijMhoDhHthpgqp.png\", \"media\": null, \"price\": 1, \"stars\": 0, \"title\": \"test\", \"is_single\": 1, \"render_id\": null, \"show_date\": 1, \"created_at\": 1656331784, \"deleted_at\": null, \"updated_at\": 1656331784, \"category_id\": 7, \"description\": null, \"is_comments\": 0, \"title_short\": null, \"is_published\": 1, \"is_watermark\": 0, \"is_favourites\": 0, \"preview_description\": null}, \"changes\": {\"created_at\": 1656331784, \"updated_at\": 1656331784}}',
        NULL, 1656331784, NULL, NULL),
       (197, 8, 7, 'ax_catalog_product', 56, 'updated',
        '{\"model\": {\"id\": 56, \"url\": \"baklan\", \"hits\": 0, \"sort\": null, \"alias\": \"baklan\", \"image\": \"/upload/ax_catalog_product/baklan/SIOjpDmymx9obaRtBeu6MwHHQHeJZ8o5wNYdUbVe.jpeg\", \"media\": null, \"price\": 2200, \"stars\": 0, \"title\": \"✶ Баклан ✶\", \"is_single\": 1, \"render_id\": null, \"show_date\": 1, \"created_at\": 1656338677, \"deleted_at\": null, \"updated_at\": 1656338677, \"category_id\": 2, \"description\": \"<p>Доска с птичкой - Баклан поднимет вам настроение и окунет в воспоминание о лете.<br></p>\", \"is_comments\": 0, \"title_short\": null, \"is_published\": 1, \"is_watermark\": 0, \"is_favourites\": 0, \"preview_description\": null}, \"changes\": {\"created_at\": 1656338677, \"updated_at\": 1656338677}}',
        NULL, 1656338677, NULL, NULL),
       (198, 8, 7, 'ax_catalog_product', 64, 'created',
        '{\"model\": {\"id\": 64, \"url\": \"bezmyatezhnost\", \"sort\": null, \"alias\": \"bezmyatezhnost\", \"price\": 4500, \"title\": \"✶ Безмятежность ✶\", \"is_single\": 1, \"render_id\": null, \"created_at\": 1656277200, \"updated_at\": 1656339124, \"category_id\": 4, \"description\": \"<p>Торцевая разделочная доска - доска шеф-поваров, прочная, не тупит ножи, настоящий долгожитель на кухне.</p><p>Доска односторонняя, оснащена черными силиконовыми ножками. </p><p>Устойчиво стоит на поверхности стола.</p>\", \"is_comments\": 0, \"title_short\": null, \"is_published\": 0, \"is_watermark\": 0, \"is_favourites\": 0, \"preview_description\": null}, \"changes\": []}',
        NULL, 1656339124, NULL, NULL),
       (199, 8, 7, 'ax_catalog_product', 64, 'updated',
        '{\"model\": {\"id\": 64, \"url\": \"bezmyatezhnost\", \"sort\": null, \"alias\": \"bezmyatezhnost\", \"image\": \"/upload/ax_catalog_product/bezmyatezhnost/TntMhqHG0LvJ4BY9XXxQyNjJc01Fy5MDAhScOup0.jpeg\", \"price\": 4500, \"title\": \"✶ Безмятежность ✶\", \"is_single\": 1, \"render_id\": null, \"created_at\": 1656277200, \"updated_at\": 1656339124, \"category_id\": 4, \"description\": \"<p>Торцевая разделочная доска - доска шеф-поваров, прочная, не тупит ножи, настоящий долгожитель на кухне.</p><p>Доска односторонняя, оснащена черными силиконовыми ножками. </p><p>Устойчиво стоит на поверхности стола.</p>\", \"is_comments\": 0, \"title_short\": null, \"is_published\": 0, \"is_watermark\": 0, \"is_favourites\": 0, \"preview_description\": null}, \"changes\": {\"image\": \"/upload/ax_catalog_product/bezmyatezhnost/TntMhqHG0LvJ4BY9XXxQyNjJc01Fy5MDAhScOup0.jpeg\"}}',
        NULL, 1656339124, NULL, NULL),
       (200, 8, 7, 'ax_catalog_product', 65, 'created',
        '{\"model\": {\"id\": 65, \"url\": \"sado-m\", \"sort\": null, \"alias\": \"sado-m\", \"price\": 3700, \"title\": \"✶ Садо\'м ✶\", \"is_single\": 1, \"render_id\": null, \"created_at\": 1656277200, \"updated_at\": 1656339649, \"category_id\": 4, \"description\": \"<p>Доска с хаотичным рисунком не даёт воображению покоя, каждый раз смотришь на нее и каждый раз видишь разный рисунок или образ созданный природой.</p><p>Две стороны позволяют доску использовать под разные продукты или одну сторону использовать для подачи.</p>\", \"is_comments\": 0, \"title_short\": null, \"is_published\": 0, \"is_watermark\": 0, \"is_favourites\": 0, \"preview_description\": null}, \"changes\": []}',
        NULL, 1656339649, NULL, NULL),
       (201, 8, 7, 'ax_catalog_product', 65, 'updated',
        '{\"model\": {\"id\": 65, \"url\": \"sado-m\", \"sort\": null, \"alias\": \"sado-m\", \"image\": \"/upload/ax_catalog_product/sado-m/X6dPenD7Cu3TTdmZ2PfAW3vKJl7Xwol1LkVGl3ZW.jpeg\", \"price\": 3700, \"title\": \"✶ Садо\'м ✶\", \"is_single\": 1, \"render_id\": null, \"created_at\": 1656277200, \"updated_at\": 1656339649, \"category_id\": 4, \"description\": \"<p>Доска с хаотичным рисунком не даёт воображению покоя, каждый раз смотришь на нее и каждый раз видишь разный рисунок или образ созданный природой.</p><p>Две стороны позволяют доску использовать под разные продукты или одну сторону использовать для подачи.</p>\", \"is_comments\": 0, \"title_short\": null, \"is_published\": 0, \"is_watermark\": 0, \"is_favourites\": 0, \"preview_description\": null}, \"changes\": {\"image\": \"/upload/ax_catalog_product/sado-m/X6dPenD7Cu3TTdmZ2PfAW3vKJl7Xwol1LkVGl3ZW.jpeg\"}}',
        NULL, 1656339649, NULL, NULL),
       (202, 8, 7, 'ax_document_coming', 57, 'created',
        '{\"model\": {\"id\": 57, \"status\": 2, \"created_at\": 1656339690, \"updated_at\": 1656339690, \"counterparty_id\": 1, \"fin_transaction_type_id\": 2, \"catalog_storage_place_id\": 1}, \"changes\": []}',
        NULL, 1656339690, NULL, NULL),
       (203, 8, 7, 'ax_document_coming_content', 63, 'created',
        '{\"model\": {\"id\": 63, \"price\": 0, \"quantity\": 1, \"price_out\": 4500, \"created_at\": 1656339690, \"updated_at\": 1656339690, \"document_id\": 57, \"catalog_product_id\": 64}, \"changes\": []}',
        NULL, 1656339690, NULL, NULL),
       (204, 8, 7, 'ax_document_coming_content', 64, 'created',
        '{\"model\": {\"id\": 64, \"price\": 0, \"quantity\": 1, \"price_out\": 3700, \"created_at\": 1656339690, \"updated_at\": 1656339690, \"document_id\": 57, \"catalog_product_id\": 65}, \"changes\": []}',
        NULL, 1656339690, NULL, NULL),
       (205, 8, 7, 'ax_catalog_product', 64, 'updated',
        '{\"model\": {\"id\": 64, \"url\": \"bezmyatezhnost\", \"hits\": 0, \"sort\": null, \"alias\": \"bezmyatezhnost\", \"image\": \"/upload/ax_catalog_product/bezmyatezhnost/TntMhqHG0LvJ4BY9XXxQyNjJc01Fy5MDAhScOup0.jpeg\", \"media\": null, \"price\": 4500, \"stars\": 0, \"title\": \"✶ Безмятежность ✶\", \"is_single\": 1, \"render_id\": null, \"show_date\": 1, \"created_at\": 1656277200, \"deleted_at\": null, \"updated_at\": 1656339698, \"category_id\": 4, \"description\": \"<p>Торцевая разделочная доска - доска шеф-поваров, прочная, не тупит ножи, настоящий долгожитель на кухне.</p><p>Доска односторонняя, оснащена черными силиконовыми ножками. </p><p>Устойчиво стоит на поверхности стола.</p>\", \"is_comments\": 0, \"title_short\": null, \"is_published\": 1, \"is_watermark\": 0, \"is_favourites\": 0, \"preview_description\": null}, \"changes\": {\"updated_at\": 1656339698, \"is_published\": 1}}',
        NULL, 1656339698, NULL, NULL),
       (206, 8, 7, 'ax_document_coming_content', 63, 'updated',
        '{\"model\": {\"id\": 63, \"price\": 0, \"document\": {\"id\": 57, \"status\": 2, \"document\": null, \"created_at\": 1656339690, \"deleted_at\": null, \"updated_at\": 1656339690, \"currency_id\": null, \"document_id\": null, \"counterparty_id\": 1, \"fin_transaction_type_id\": 2, \"catalog_storage_place_id\": 1}, \"quantity\": 1, \"price_out\": 4500, \"created_at\": 1656339690, \"deleted_at\": null, \"updated_at\": 1656339698, \"description\": null, \"document_id\": 57, \"catalog_product_id\": 64, \"catalog_storage_id\": 63}, \"changes\": {\"updated_at\": 1656339698, \"catalog_storage_id\": 63}}',
        NULL, 1656339698, NULL, NULL),
       (207, 8, 7, 'ax_catalog_product', 65, 'updated',
        '{\"model\": {\"id\": 65, \"url\": \"sado-m\", \"hits\": 0, \"sort\": null, \"alias\": \"sado-m\", \"image\": \"/upload/ax_catalog_product/sado-m/X6dPenD7Cu3TTdmZ2PfAW3vKJl7Xwol1LkVGl3ZW.jpeg\", \"media\": null, \"price\": 3700, \"stars\": 0, \"title\": \"✶ Садо\'м ✶\", \"is_single\": 1, \"render_id\": null, \"show_date\": 1, \"created_at\": 1656277200, \"deleted_at\": null, \"updated_at\": 1656339698, \"category_id\": 4, \"description\": \"<p>Доска с хаотичным рисунком не даёт воображению покоя, каждый раз смотришь на нее и каждый раз видишь разный рисунок или образ созданный природой.</p><p>Две стороны позволяют доску использовать под разные продукты или одну сторону использовать для подачи.</p>\", \"is_comments\": 0, \"title_short\": null, \"is_published\": 1, \"is_watermark\": 0, \"is_favourites\": 0, \"preview_description\": null}, \"changes\": {\"updated_at\": 1656339698, \"is_published\": 1}}',
        NULL, 1656339698, NULL, NULL),
       (208, 8, 7, 'ax_document_coming_content', 64, 'updated',
        '{\"model\": {\"id\": 64, \"price\": 0, \"document\": {\"id\": 57, \"status\": 2, \"document\": null, \"created_at\": 1656339690, \"deleted_at\": null, \"updated_at\": 1656339690, \"currency_id\": null, \"document_id\": null, \"counterparty_id\": 1, \"fin_transaction_type_id\": 2, \"catalog_storage_place_id\": 1}, \"quantity\": 1, \"price_out\": 3700, \"created_at\": 1656339690, \"deleted_at\": null, \"updated_at\": 1656339698, \"description\": null, \"document_id\": 57, \"catalog_product_id\": 65, \"catalog_storage_id\": 64}, \"changes\": {\"updated_at\": 1656339698, \"catalog_storage_id\": 64}}',
        NULL, 1656339698, NULL, NULL),
       (209, 8, 7, 'ax_document_coming', 57, 'updated',
        '{\"model\": {\"id\": 57, \"ip\": \"45.157.213.239\", \"status\": 1, \"document\": null, \"fin_name\": \"credit\", \"fin_title\": \"Приход\", \"created_at\": 1656339690, \"deleted_at\": null, \"updated_at\": 1656339698, \"currency_id\": null, \"document_id\": null, \"user_last_name\": \"Dimmagio\", \"counterparty_id\": 1, \"individual_name\": \"Dimmagio\", \"user_first_name\": \"Dimmagio\", \"counterparty_name\": null, \"storage_place_title\": \"Главный склад\", \"fin_transaction_type_id\": 2, \"catalog_storage_place_id\": 1}, \"changes\": {\"status\": 1, \"updated_at\": 1656339698}}',
        NULL, 1656339698, NULL, NULL),
       (210, 9, 6, 'ax_user', 6, 'updated',
        '{\"model\": {\"id\": 6, \"email\": \"axlle@mail.ru\", \"phone\": 9621829550, \"status\": 9, \"auth_key\": \"kyyBBbb80b3ZflMDdsynKC0B4skxf_gF\", \"is_email\": 0, \"is_phone\": 1, \"last_name\": \"Алексеев\", \"created_at\": 1656279102, \"deleted_at\": null, \"first_name\": \"Алексей\", \"patronymic\": \"Александрович\", \"updated_at\": 1656279804, \"password_hash\": \"$2y$13$DMqEjJJL9gjftb80gCt5n.fOTyoTfAEv/HsQPh2IEQa42bfNsfF5S\", \"password_reset_token\": null}, \"changes\": {\"remember_token\": \"T888MtntfnYs1iaRp5vRoTq4ztXGTvH5MsyR4SQK03OMdHIvLnJnrJo5pemv\"}}',
        NULL, 1656342833, NULL, NULL),
       (211, 9, 6, 'ax_user', 6, 'login',
        '{\"model\": {\"id\": 6, \"email\": \"axlle@mail.ru\", \"phone\": 9621829550, \"roles\": [{\"id\": 1, \"name\": \"admin\", \"pivot\": {\"role_id\": 1, \"model_id\": 6, \"model_type\": \"App\\\\Common\\\\Models\\\\User\\\\UserWeb\"}, \"created_at\": \"2022-05-03T20:04:28.000000Z\", \"guard_name\": \"web\", \"updated_at\": \"2022-05-03T20:04:28.000000Z\"}, {\"id\": 2, \"name\": \"employee\", \"pivot\": {\"role_id\": 2, \"model_id\": 6, \"model_type\": \"App\\\\Common\\\\Models\\\\User\\\\UserWeb\"}, \"created_at\": \"2022-05-03T20:04:28.000000Z\", \"guard_name\": \"web\", \"updated_at\": \"2022-05-03T20:04:28.000000Z\"}], \"status\": 9, \"auth_key\": \"kyyBBbb80b3ZflMDdsynKC0B4skxf_gF\", \"is_email\": 0, \"is_phone\": 1, \"last_name\": \"Алексеев\", \"created_at\": 1656279102, \"deleted_at\": null, \"first_name\": \"Алексей\", \"patronymic\": \"Александрович\", \"updated_at\": 1656279804, \"password_hash\": \"$2y$13$DMqEjJJL9gjftb80gCt5n.fOTyoTfAEv/HsQPh2IEQa42bfNsfF5S\", \"password_reset_token\": null}, \"changes\": []}',
        NULL, 1656342853, NULL, NULL),
       (212, 9, 6, 'ax_user', 6, 'updated',
        '{\"model\": {\"id\": 6, \"email\": \"axlle@mail.ru\", \"phone\": 9621829550, \"status\": 9, \"auth_key\": \"kyyBBbb80b3ZflMDdsynKC0B4skxf_gF\", \"is_email\": 0, \"is_phone\": 1, \"last_name\": \"Алексеев\", \"created_at\": 1656279102, \"deleted_at\": null, \"first_name\": \"Алексей\", \"patronymic\": \"Александрович\", \"updated_at\": 1656279804, \"password_hash\": \"$2y$13$DMqEjJJL9gjftb80gCt5n.fOTyoTfAEv/HsQPh2IEQa42bfNsfF5S\", \"password_reset_token\": null}, \"changes\": {\"remember_token\": \"5ZrclcxFSUliWe87rE6iZ1zXmK3fTu6f4TUKw4oBZxZdGJzJZrxBwA8GyYlU\"}}',
        NULL, 1656343026, NULL, NULL),
       (213, 9, NULL, 'ax_user', 10, 'created',
        '{\"model\": {\"id\": 10, \"phone\": 9621829551, \"last_name\": \"Alekseev\", \"created_at\": 1656343040, \"first_name\": \"Aleksey\", \"updated_at\": 1656343040, \"password_hash\": \"$2y$10$LoAYCUoODlKLYESoc8gUG.I4Ft89bOJtd0kGp3o/.gcXCgp8KbPqW\"}, \"changes\": []}',
        NULL, 1656343040, NULL, NULL),
       (218, 9, 6, 'ax_user', 6, 'login',
        '{\"model\": {\"id\": 6, \"email\": \"axlle@mail.ru\", \"phone\": 9621829550, \"roles\": [{\"id\": 1, \"name\": \"admin\", \"pivot\": {\"role_id\": 1, \"model_id\": 6, \"model_type\": \"App\\\\Common\\\\Models\\\\User\\\\UserWeb\"}, \"created_at\": \"2022-05-03T20:04:28.000000Z\", \"guard_name\": \"web\", \"updated_at\": \"2022-05-03T20:04:28.000000Z\"}, {\"id\": 2, \"name\": \"employee\", \"pivot\": {\"role_id\": 2, \"model_id\": 6, \"model_type\": \"App\\\\Common\\\\Models\\\\User\\\\UserWeb\"}, \"created_at\": \"2022-05-03T20:04:28.000000Z\", \"guard_name\": \"web\", \"updated_at\": \"2022-05-03T20:04:28.000000Z\"}], \"status\": 9, \"auth_key\": \"kyyBBbb80b3ZflMDdsynKC0B4skxf_gF\", \"is_email\": 0, \"is_phone\": 1, \"last_name\": \"Алексеев\", \"created_at\": 1656279102, \"deleted_at\": null, \"first_name\": \"Алексей\", \"patronymic\": \"Александрович\", \"updated_at\": 1656279804, \"password_hash\": \"$2y$13$DMqEjJJL9gjftb80gCt5n.fOTyoTfAEv/HsQPh2IEQa42bfNsfF5S\", \"password_reset_token\": null}, \"changes\": []}',
        NULL, 1656343694, NULL, NULL),
       (219, 9, 6, 'ax_catalog_basket', 3, 'created',
        '{\"model\": {\"id\": 3, \"status\": 2, \"user_id\": 6, \"quantity\": 1, \"created_at\": 1656443138, \"updated_at\": 1656443138, \"currency_id\": null, \"document_order_id\": null, \"catalog_product_id\": 8}, \"changes\": []}',
        NULL, 1656443138, NULL, NULL),
       (220, 9, 6, 'ax_catalog_basket', 2, 'deleted',
        '{\"model\": {\"id\": 2, \"status\": 1, \"user_id\": 6, \"quantity\": 1, \"created_at\": 1656329570, \"deleted_at\": null, \"updated_at\": 1656329588, \"currency_id\": null, \"document_order_id\": 2, \"catalog_product_id\": 55}, \"changes\": []}',
        NULL, 1656443151, NULL, NULL),
       (221, 9, 6, 'ax_catalog_basket', 3, 'deleted',
        '{\"model\": {\"id\": 3, \"status\": 2, \"user_id\": 6, \"quantity\": 1, \"created_at\": 1656443138, \"deleted_at\": null, \"updated_at\": 1656443138, \"currency_id\": null, \"document_order_id\": null, \"catalog_product_id\": 8}, \"changes\": []}',
        NULL, 1656443151, NULL, NULL),
       (222, 8, 7, 'ax_catalog_product', 58, 'updated',
        '{\"model\": {\"id\": 58, \"url\": \"syr A.\", \"hits\": 0, \"sort\": null, \"alias\": \"syr A.\", \"image\": \"/upload/ax_catalog_product/syr-1/T5k3qfUj90DDMdLP4iWTkdxMq3uLS9fpf4Ccu8gp.jpeg\", \"media\": null, \"price\": 2700, \"stars\": 0, \"title\": \"✶ Сыр А. ✶\", \"is_single\": 1, \"render_id\": null, \"show_date\": 1, \"created_at\": 1656487025, \"deleted_at\": null, \"updated_at\": 1656487025, \"category_id\": 3, \"description\": \"<p>Подаем красиво и удивляем гостей.</p><p>Помним наше правило, на одной стороне режем, на другой подаем. </p><p>Так мы используем доску по назначению а вторая сторона остается без царапин для красивой подачи.</p><p>Особые ценители, которым жалко использовать по назначению, используют их в интерьере, для свечей и всего что придумают. </p>\", \"is_comments\": 0, \"title_short\": null, \"is_published\": 1, \"is_watermark\": 0, \"is_favourites\": 0, \"preview_description\": null}, \"changes\": {\"url\": \"syr A.\", \"alias\": \"syr A.\", \"created_at\": 1656487025, \"updated_at\": 1656487025}}',
        NULL, 1656487025, NULL, NULL),
       (223, 10, 7, 'ax_user', 7, 'login',
        '{\"model\": {\"id\": 7, \"email\": \"redscool@mail.ru\", \"phone\": 9284252522, \"roles\": [{\"id\": 1, \"name\": \"admin\", \"pivot\": {\"role_id\": 1, \"model_id\": 7, \"model_type\": \"App\\\\Common\\\\Models\\\\User\\\\UserWeb\"}, \"created_at\": \"2022-05-03T20:04:28.000000Z\", \"guard_name\": \"web\", \"updated_at\": \"2022-05-03T20:04:28.000000Z\"}, {\"id\": 2, \"name\": \"employee\", \"pivot\": {\"role_id\": 2, \"model_id\": 7, \"model_type\": \"App\\\\Common\\\\Models\\\\User\\\\UserWeb\"}, \"created_at\": \"2022-05-03T20:04:28.000000Z\", \"guard_name\": \"web\", \"updated_at\": \"2022-05-03T20:04:28.000000Z\"}], \"status\": 9, \"auth_key\": null, \"is_email\": 1, \"is_phone\": 0, \"last_name\": \"Dimmagio\", \"created_at\": 1654591860, \"deleted_at\": null, \"first_name\": \"Dimmagio\", \"patronymic\": null, \"updated_at\": 1654705936, \"password_hash\": \"$2y$10$u5HQ.yb7ANIADwTO.D/QiebTrYwKFQ6xsmyFets38SOpcGxrGaDeK\", \"password_reset_token\": null}, \"changes\": []}',
        NULL, 1656522474, NULL, NULL),
       (224, 11, 6, 'ax_user', 6, 'login',
        '{\"model\": {\"id\": 6, \"email\": \"axlle@mail.ru\", \"phone\": 9621829550, \"roles\": [{\"id\": 1, \"name\": \"admin\", \"pivot\": {\"role_id\": 1, \"model_id\": 6, \"model_type\": \"App\\\\Common\\\\Models\\\\User\\\\UserWeb\"}, \"created_at\": \"2022-05-03T20:04:28.000000Z\", \"guard_name\": \"web\", \"updated_at\": \"2022-05-03T20:04:28.000000Z\"}, {\"id\": 2, \"name\": \"employee\", \"pivot\": {\"role_id\": 2, \"model_id\": 6, \"model_type\": \"App\\\\Common\\\\Models\\\\User\\\\UserWeb\"}, \"created_at\": \"2022-05-03T20:04:28.000000Z\", \"guard_name\": \"web\", \"updated_at\": \"2022-05-03T20:04:28.000000Z\"}], \"status\": 9, \"auth_key\": \"kyyBBbb80b3ZflMDdsynKC0B4skxf_gF\", \"is_email\": 0, \"is_phone\": 1, \"last_name\": \"Алексеев\", \"created_at\": 1656279102, \"deleted_at\": null, \"first_name\": \"Алексей\", \"patronymic\": \"Александрович\", \"updated_at\": 1656279804, \"password_hash\": \"$2y$13$DMqEjJJL9gjftb80gCt5n.fOTyoTfAEv/HsQPh2IEQa42bfNsfF5S\", \"password_reset_token\": null}, \"changes\": []}',
        NULL, 1656880268, NULL, NULL),
       (225, 11, 6, 'ax_catalog_basket', 4, 'created',
        '{\"model\": {\"id\": 4, \"status\": 2, \"user_id\": 6, \"quantity\": 1, \"created_at\": 1656880268, \"updated_at\": 1656880268, \"currency_id\": null, \"document_order_id\": null, \"catalog_product_id\": 65}, \"changes\": []}',
        NULL, 1656880268, NULL, NULL),
       (226, 11, 6, 'ax_document_coming', 58, 'created',
        '{\"model\": {\"id\": 58, \"status\": 2, \"created_at\": 1656881187, \"updated_at\": 1656881187, \"counterparty_id\": 1, \"fin_transaction_type_id\": 2, \"catalog_storage_place_id\": 1}, \"changes\": []}',
        NULL, 1656881187, NULL, NULL),
       (227, 11, 6, 'ax_document_coming_content', 65, 'created',
        '{\"model\": {\"id\": 65, \"price\": 2700, \"quantity\": 1, \"price_out\": 0, \"created_at\": 1656881187, \"updated_at\": 1656881187, \"document_id\": 58, \"catalog_product_id\": 58}, \"changes\": []}',
        NULL, 1656881187, NULL, NULL),
       (228, 11, 6, 'ax_document_coming_content', 66, 'created',
        '{\"model\": {\"id\": 66, \"price\": 3200, \"quantity\": 1, \"price_out\": 0, \"created_at\": 1656881187, \"updated_at\": 1656881187, \"document_id\": 58, \"catalog_product_id\": 59}, \"changes\": []}',
        NULL, 1656881187, NULL, NULL),
       (229, 11, 6, 'ax_document_coming_content', 67, 'created',
        '{\"model\": {\"id\": 67, \"price\": 800, \"quantity\": 1, \"price_out\": 0, \"created_at\": 1656881187, \"updated_at\": 1656881187, \"document_id\": 58, \"catalog_product_id\": 60}, \"changes\": []}',
        NULL, 1656881187, NULL, NULL),
       (230, 11, 6, 'ax_document_coming', 58, 'deleted',
        '{\"model\": {\"id\": 58, \"status\": 2, \"document\": null, \"created_at\": 1656881187, \"deleted_at\": null, \"updated_at\": 1656881187, \"currency_id\": null, \"document_id\": null, \"counterparty_id\": 1, \"fin_transaction_type_id\": 2, \"catalog_storage_place_id\": 1}, \"changes\": []}',
        NULL, 1656881201, NULL, NULL),
       (231, 11, 6, 'ax_user', 6, 'updated',
        '{\"model\": {\"id\": 6, \"email\": \"axlle@mail.ru\", \"phone\": 9621829550, \"status\": 9, \"auth_key\": \"kyyBBbb80b3ZflMDdsynKC0B4skxf_gF\", \"is_email\": 0, \"is_phone\": 1, \"last_name\": \"Алексеев\", \"created_at\": 1656279102, \"deleted_at\": null, \"first_name\": \"Алексей\", \"patronymic\": \"Александрович\", \"updated_at\": 1656279804, \"password_hash\": \"$2y$13$DMqEjJJL9gjftb80gCt5n.fOTyoTfAEv/HsQPh2IEQa42bfNsfF5S\", \"password_reset_token\": null}, \"changes\": {\"remember_token\": \"h46lFPp9pXBjiZT6LM4YdECKNAjuISqF7WyrA9UxbJ61osjeSkmJcpDh9SGv\"}}',
        NULL, 1656881318, NULL, NULL),
       (232, 11, 6, 'ax_user', 6, 'login',
        '{\"model\": {\"id\": 6, \"email\": \"axlle@mail.ru\", \"phone\": 9621829550, \"roles\": [{\"id\": 1, \"name\": \"admin\", \"pivot\": {\"role_id\": 1, \"model_id\": 6, \"model_type\": \"App\\\\Common\\\\Models\\\\User\\\\UserWeb\"}, \"created_at\": \"2022-05-03T20:04:28.000000Z\", \"guard_name\": \"web\", \"updated_at\": \"2022-05-03T20:04:28.000000Z\"}, {\"id\": 2, \"name\": \"employee\", \"pivot\": {\"role_id\": 2, \"model_id\": 6, \"model_type\": \"App\\\\Common\\\\Models\\\\User\\\\UserWeb\"}, \"created_at\": \"2022-05-03T20:04:28.000000Z\", \"guard_name\": \"web\", \"updated_at\": \"2022-05-03T20:04:28.000000Z\"}], \"status\": 9, \"auth_key\": \"kyyBBbb80b3ZflMDdsynKC0B4skxf_gF\", \"is_email\": 0, \"is_phone\": 1, \"last_name\": \"Алексеев\", \"created_at\": 1656279102, \"deleted_at\": null, \"first_name\": \"Алексей\", \"patronymic\": \"Александрович\", \"updated_at\": 1656279804, \"password_hash\": \"$2y$13$DMqEjJJL9gjftb80gCt5n.fOTyoTfAEv/HsQPh2IEQa42bfNsfF5S\", \"password_reset_token\": null}, \"changes\": []}',
        NULL, 1656882007, NULL, NULL),
       (233, 11, 6, 'ax_user', 6, 'updated',
        '{\"model\": {\"id\": 6, \"email\": \"axlle@mail.ru\", \"phone\": 9621829550, \"status\": 9, \"auth_key\": \"kyyBBbb80b3ZflMDdsynKC0B4skxf_gF\", \"is_email\": 0, \"is_phone\": 1, \"last_name\": \"Алексеев\", \"created_at\": 1656279102, \"deleted_at\": null, \"first_name\": \"Алексей\", \"patronymic\": \"Александрович\", \"updated_at\": 1656882018, \"password_hash\": \"$2y$10$TW1xONKL27au7M7P0RRPe.JCcGXTbzWeUiUWzT1vXlKwLFepz4UYi\", \"password_reset_token\": null}, \"changes\": {\"updated_at\": 1656882018, \"password_hash\": \"$2y$10$TW1xONKL27au7M7P0RRPe.JCcGXTbzWeUiUWzT1vXlKwLFepz4UYi\"}}',
        NULL, 1656882018, NULL, NULL),
       (234, 11, 6, 'ax_user', 6, 'updated',
        '{\"model\": {\"id\": 6, \"email\": \"axlle@mail.ru\", \"phone\": 9621829550, \"status\": 10, \"auth_key\": \"kyyBBbb80b3ZflMDdsynKC0B4skxf_gF\", \"is_email\": 1, \"is_phone\": 1, \"last_name\": \"Алексеев\", \"created_at\": 1656279102, \"deleted_at\": null, \"first_name\": \"Алексей\", \"patronymic\": \"Александрович\", \"updated_at\": 1656882018, \"password_hash\": \"$2y$10$TW1xONKL27au7M7P0RRPe.JCcGXTbzWeUiUWzT1vXlKwLFepz4UYi\", \"password_reset_token\": null}, \"changes\": {\"status\": 10, \"is_email\": 1}}',
        NULL, 1656882018, NULL, NULL),
       (235, 11, 6, 'ax_user', 6, 'login',
        '{\"model\": {\"id\": 6, \"email\": \"axlle@mail.ru\", \"phone\": 9621829550, \"roles\": [{\"id\": 1, \"name\": \"admin\", \"pivot\": {\"role_id\": 1, \"model_id\": 6, \"model_type\": \"App\\\\Common\\\\Models\\\\User\\\\UserWeb\"}, \"created_at\": \"2022-05-03T20:04:28.000000Z\", \"guard_name\": \"web\", \"updated_at\": \"2022-05-03T20:04:28.000000Z\"}, {\"id\": 2, \"name\": \"employee\", \"pivot\": {\"role_id\": 2, \"model_id\": 6, \"model_type\": \"App\\\\Common\\\\Models\\\\User\\\\UserWeb\"}, \"created_at\": \"2022-05-03T20:04:28.000000Z\", \"guard_name\": \"web\", \"updated_at\": \"2022-05-03T20:04:28.000000Z\"}], \"status\": 10, \"auth_key\": \"kyyBBbb80b3ZflMDdsynKC0B4skxf_gF\", \"is_email\": 1, \"is_phone\": 1, \"last_name\": \"Алексеев\", \"created_at\": 1656279102, \"deleted_at\": null, \"first_name\": \"Алексей\", \"patronymic\": \"Александрович\", \"updated_at\": 1656882018, \"password_hash\": \"$2y$10$TW1xONKL27au7M7P0RRPe.JCcGXTbzWeUiUWzT1vXlKwLFepz4UYi\", \"password_reset_token\": null}, \"changes\": []}',
        NULL, 1656882202, NULL, NULL),
       (236, 11, 6, 'ax_user', 6, 'updated',
        '{\"model\": {\"id\": 6, \"email\": \"axlle@mail.ru\", \"phone\": 9621829550, \"status\": 10, \"auth_key\": \"kyyBBbb80b3ZflMDdsynKC0B4skxf_gF\", \"is_email\": 1, \"is_phone\": 1, \"last_name\": \"Алексеев\", \"created_at\": 1656279102, \"deleted_at\": null, \"first_name\": \"Алексей\", \"patronymic\": \"Александрович\", \"updated_at\": 1656882215, \"password_hash\": \"$2y$10$HDcmxuFqjZlB3ylyKTa2AOO3T8..9imWvINFVXieNfaJYSr8PQGYe\", \"password_reset_token\": null}, \"changes\": {\"updated_at\": 1656882215, \"password_hash\": \"$2y$10$HDcmxuFqjZlB3ylyKTa2AOO3T8..9imWvINFVXieNfaJYSr8PQGYe\"}}',
        NULL, 1656882215, NULL, NULL),
       (237, 11, 6, 'ax_user', 6, 'updated',
        '{\"model\": {\"id\": 6, \"email\": \"axlle@mail.ru\", \"phone\": 9621829550, \"status\": 10, \"auth_key\": \"kyyBBbb80b3ZflMDdsynKC0B4skxf_gF\", \"is_email\": 1, \"is_phone\": 1, \"last_name\": \"Алексеев\", \"created_at\": 1656279102, \"deleted_at\": null, \"first_name\": \"Алексей\", \"patronymic\": \"Александрович\", \"updated_at\": 1656882215, \"password_hash\": \"$2y$10$HDcmxuFqjZlB3ylyKTa2AOO3T8..9imWvINFVXieNfaJYSr8PQGYe\", \"password_reset_token\": null}, \"changes\": {\"remember_token\": \"TOmrs3RLIjKKVIBjxMYqK24iiijojc0zUwy9a1pnX7tqgF8IrPowXph2Y19w\"}}',
        NULL, 1656882407, NULL, NULL),
       (238, 11, 6, 'ax_user', 6, 'login',
        '{\"model\": {\"id\": 6, \"email\": \"axlle@mail.ru\", \"phone\": 9621829550, \"roles\": [{\"id\": 1, \"name\": \"admin\", \"pivot\": {\"role_id\": 1, \"model_id\": 6, \"model_type\": \"App\\\\Common\\\\Models\\\\User\\\\UserWeb\"}, \"created_at\": \"2022-05-03T20:04:28.000000Z\", \"guard_name\": \"web\", \"updated_at\": \"2022-05-03T20:04:28.000000Z\"}, {\"id\": 2, \"name\": \"employee\", \"pivot\": {\"role_id\": 2, \"model_id\": 6, \"model_type\": \"App\\\\Common\\\\Models\\\\User\\\\UserWeb\"}, \"created_at\": \"2022-05-03T20:04:28.000000Z\", \"guard_name\": \"web\", \"updated_at\": \"2022-05-03T20:04:28.000000Z\"}], \"status\": 10, \"auth_key\": \"kyyBBbb80b3ZflMDdsynKC0B4skxf_gF\", \"is_email\": 1, \"is_phone\": 1, \"last_name\": \"Алексеев\", \"created_at\": 1656279102, \"deleted_at\": null, \"first_name\": \"Алексей\", \"patronymic\": \"Александрович\", \"updated_at\": 1656882215, \"password_hash\": \"$2y$10$HDcmxuFqjZlB3ylyKTa2AOO3T8..9imWvINFVXieNfaJYSr8PQGYe\", \"password_reset_token\": null}, \"changes\": []}',
        NULL, 1656882412, NULL, NULL),
       (239, 11, 6, 'ax_user', 6, 'updated',
        '{\"model\": {\"id\": 6, \"email\": \"axlle@mail.ru\", \"phone\": 9621829550, \"status\": 10, \"auth_key\": \"kyyBBbb80b3ZflMDdsynKC0B4skxf_gF\", \"is_email\": 1, \"is_phone\": 1, \"last_name\": \"Алексеев\", \"created_at\": 1656279102, \"deleted_at\": null, \"first_name\": \"Алексей\", \"patronymic\": \"Александрович\", \"updated_at\": 1656882423, \"password_hash\": \"$2y$10$oj/5sR/YIYHMmDVAW.a6DORmRDAERffUedxsCjsxiSHMYcTg3HWDe\", \"password_reset_token\": null}, \"changes\": {\"updated_at\": 1656882423, \"password_hash\": \"$2y$10$oj/5sR/YIYHMmDVAW.a6DORmRDAERffUedxsCjsxiSHMYcTg3HWDe\"}}',
        NULL, 1656882423, NULL, NULL),
       (240, 11, 6, 'ax_user', 6, 'updated',
        '{\"model\": {\"id\": 6, \"email\": \"axlle@mail.ru\", \"phone\": 9621829550, \"status\": 10, \"auth_key\": \"kyyBBbb80b3ZflMDdsynKC0B4skxf_gF\", \"is_email\": 1, \"is_phone\": 1, \"last_name\": \"Алексеев\", \"created_at\": 1656279102, \"deleted_at\": null, \"first_name\": \"Алексей\", \"patronymic\": \"Александрович\", \"updated_at\": 1656882423, \"password_hash\": \"$2y$10$oj/5sR/YIYHMmDVAW.a6DORmRDAERffUedxsCjsxiSHMYcTg3HWDe\", \"password_reset_token\": null}, \"changes\": {\"remember_token\": \"CokvYFfS0WwfLDc7HsE7FzasZj1hwYWb5dDsFARQ5njs0nHePHvd5aU3hgmb\"}}',
        NULL, 1656882430, NULL, NULL),
       (241, 11, 6, 'ax_user', 6, 'login',
        '{\"model\": {\"id\": 6, \"email\": \"axlle@mail.ru\", \"phone\": 9621829550, \"roles\": [{\"id\": 1, \"name\": \"admin\", \"pivot\": {\"role_id\": 1, \"model_id\": 6, \"model_type\": \"App\\\\Common\\\\Models\\\\User\\\\UserWeb\"}, \"created_at\": \"2022-05-03T20:04:28.000000Z\", \"guard_name\": \"web\", \"updated_at\": \"2022-05-03T20:04:28.000000Z\"}, {\"id\": 2, \"name\": \"employee\", \"pivot\": {\"role_id\": 2, \"model_id\": 6, \"model_type\": \"App\\\\Common\\\\Models\\\\User\\\\UserWeb\"}, \"created_at\": \"2022-05-03T20:04:28.000000Z\", \"guard_name\": \"web\", \"updated_at\": \"2022-05-03T20:04:28.000000Z\"}], \"status\": 10, \"auth_key\": \"kyyBBbb80b3ZflMDdsynKC0B4skxf_gF\", \"is_email\": 1, \"is_phone\": 1, \"last_name\": \"Алексеев\", \"created_at\": 1656279102, \"deleted_at\": null, \"first_name\": \"Алексей\", \"patronymic\": \"Александрович\", \"updated_at\": 1656882423, \"password_hash\": \"$2y$10$oj/5sR/YIYHMmDVAW.a6DORmRDAERffUedxsCjsxiSHMYcTg3HWDe\", \"password_reset_token\": null}, \"changes\": []}',
        NULL, 1656882442, NULL, NULL),
       (242, 12, 7, 'ax_user', 7, 'login',
        '{\"model\": {\"id\": 7, \"email\": \"redscool@mail.ru\", \"phone\": 9284252522, \"roles\": [{\"id\": 1, \"name\": \"admin\", \"pivot\": {\"role_id\": 1, \"model_id\": 7, \"model_type\": \"App\\\\Common\\\\Models\\\\User\\\\UserWeb\"}, \"created_at\": \"2022-05-03T20:04:28.000000Z\", \"guard_name\": \"web\", \"updated_at\": \"2022-05-03T20:04:28.000000Z\"}, {\"id\": 2, \"name\": \"employee\", \"pivot\": {\"role_id\": 2, \"model_id\": 7, \"model_type\": \"App\\\\Common\\\\Models\\\\User\\\\UserWeb\"}, \"created_at\": \"2022-05-03T20:04:28.000000Z\", \"guard_name\": \"web\", \"updated_at\": \"2022-05-03T20:04:28.000000Z\"}], \"status\": 9, \"auth_key\": null, \"is_email\": 1, \"is_phone\": 0, \"last_name\": \"Dimmagio\", \"created_at\": 1654591860, \"deleted_at\": null, \"first_name\": \"Dimmagio\", \"patronymic\": null, \"updated_at\": 1654705936, \"password_hash\": \"$2y$10$u5HQ.yb7ANIADwTO.D/QiebTrYwKFQ6xsmyFets38SOpcGxrGaDeK\", \"password_reset_token\": null}, \"changes\": []}',
        NULL, 1656913533, NULL, NULL),
       (243, 13, 7, 'ax_user', 7, 'login',
        '{\"model\": {\"id\": 7, \"email\": \"redscool@mail.ru\", \"phone\": 9284252522, \"roles\": [{\"id\": 1, \"name\": \"admin\", \"pivot\": {\"role_id\": 1, \"model_id\": 7, \"model_type\": \"App\\\\Common\\\\Models\\\\User\\\\UserWeb\"}, \"created_at\": \"2022-05-03T20:04:28.000000Z\", \"guard_name\": \"web\", \"updated_at\": \"2022-05-03T20:04:28.000000Z\"}, {\"id\": 2, \"name\": \"employee\", \"pivot\": {\"role_id\": 2, \"model_id\": 7, \"model_type\": \"App\\\\Common\\\\Models\\\\User\\\\UserWeb\"}, \"created_at\": \"2022-05-03T20:04:28.000000Z\", \"guard_name\": \"web\", \"updated_at\": \"2022-05-03T20:04:28.000000Z\"}], \"status\": 9, \"auth_key\": null, \"is_email\": 1, \"is_phone\": 0, \"last_name\": \"Dimmagio\", \"created_at\": 1654591860, \"deleted_at\": null, \"first_name\": \"Dimmagio\", \"patronymic\": null, \"updated_at\": 1654705936, \"password_hash\": \"$2y$10$u5HQ.yb7ANIADwTO.D/QiebTrYwKFQ6xsmyFets38SOpcGxrGaDeK\", \"password_reset_token\": null}, \"changes\": []}',
        NULL, 1657285449, NULL, NULL),
       (244, 13, 7, 'ax_document_write_off', 5, 'created',
        '{\"model\": {\"id\": 5, \"status\": 2, \"created_at\": 1657285462, \"updated_at\": 1657285462, \"fin_transaction_type_id\": 1, \"catalog_storage_place_id\": 1}, \"changes\": []}',
        NULL, 1657285462, NULL, NULL),
       (245, 13, 7, 'ax_document_write_off_content', 6, 'created',
        '{\"model\": {\"id\": 6, \"price\": 0, \"quantity\": 1, \"created_at\": 1657285462, \"updated_at\": 1657285462, \"document_id\": 5, \"catalog_product_id\": 26}, \"changes\": []}',
        NULL, 1657285462, NULL, NULL),
       (246, 13, 7, 'ax_document_write_off_content', 6, 'updated',
        '{\"model\": {\"id\": 6, \"price\": 0, \"document\": {\"id\": 5, \"status\": 2, \"document\": null, \"created_at\": 1657285462, \"deleted_at\": null, \"updated_at\": 1657285462, \"currency_id\": null, \"document_id\": null, \"fin_transaction_type_id\": 1, \"catalog_storage_place_id\": 1}, \"quantity\": 1, \"created_at\": 1657285462, \"deleted_at\": null, \"updated_at\": 1657285462, \"description\": null, \"document_id\": 5, \"catalog_product_id\": 26, \"catalog_storage_id\": 25}, \"changes\": {\"catalog_storage_id\": 25}}',
        NULL, 1657285462, NULL, NULL),
       (247, 13, 7, 'ax_document_write_off', 5, 'updated',
        '{\"model\": {\"id\": 5, \"status\": 1, \"created_at\": 1657285462, \"updated_at\": 1657285462, \"fin_transaction_type_id\": 1, \"catalog_storage_place_id\": 1}, \"changes\": {\"status\": 1}}',
        NULL, 1657285462, NULL, NULL),
       (248, 13, 7, 'ax_document_write_off', 6, 'created',
        '{\"model\": {\"id\": 6, \"status\": 2, \"created_at\": 1657289138, \"updated_at\": 1657289138, \"fin_transaction_type_id\": 1, \"catalog_storage_place_id\": 1}, \"changes\": []}',
        NULL, 1657289138, NULL, NULL),
       (249, 13, 7, 'ax_document_write_off_content', 7, 'created',
        '{\"model\": {\"id\": 7, \"price\": 0, \"quantity\": 1, \"created_at\": 1657289138, \"updated_at\": 1657289138, \"document_id\": 6, \"catalog_product_id\": 22}, \"changes\": []}',
        NULL, 1657289138, NULL, NULL),
       (250, 13, 7, 'ax_document_write_off_content', 7, 'updated',
        '{\"model\": {\"id\": 7, \"price\": 0, \"document\": {\"id\": 6, \"status\": 2, \"document\": null, \"created_at\": 1657289138, \"deleted_at\": null, \"updated_at\": 1657289138, \"currency_id\": null, \"document_id\": null, \"fin_transaction_type_id\": 1, \"catalog_storage_place_id\": 1}, \"quantity\": 1, \"created_at\": 1657289138, \"deleted_at\": null, \"updated_at\": 1657289138, \"description\": null, \"document_id\": 6, \"catalog_product_id\": 22, \"catalog_storage_id\": 21}, \"changes\": {\"catalog_storage_id\": 21}}',
        NULL, 1657289138, NULL, NULL),
       (251, 13, 7, 'ax_document_write_off', 6, 'updated',
        '{\"model\": {\"id\": 6, \"status\": 1, \"created_at\": 1657289138, \"updated_at\": 1657289138, \"fin_transaction_type_id\": 1, \"catalog_storage_place_id\": 1}, \"changes\": {\"status\": 1}}',
        NULL, 1657289138, NULL, NULL),
       (252, 13, 7, 'ax_document_write_off', 7, 'created',
        '{\"model\": {\"id\": 7, \"status\": 2, \"created_at\": 1657289183, \"updated_at\": 1657289183, \"fin_transaction_type_id\": 1, \"catalog_storage_place_id\": 1}, \"changes\": []}',
        NULL, 1657289183, NULL, NULL),
       (253, 13, 7, 'ax_document_write_off_content', 8, 'created',
        '{\"model\": {\"id\": 8, \"price\": 0, \"quantity\": 1, \"created_at\": 1657289183, \"updated_at\": 1657289183, \"document_id\": 7, \"catalog_product_id\": 3}, \"changes\": []}',
        NULL, 1657289183, NULL, NULL),
       (254, 13, 7, 'ax_document_write_off_content', 8, 'updated',
        '{\"model\": {\"id\": 8, \"price\": 0, \"document\": {\"id\": 7, \"status\": 2, \"document\": null, \"created_at\": 1657289183, \"deleted_at\": null, \"updated_at\": 1657289183, \"currency_id\": null, \"document_id\": null, \"fin_transaction_type_id\": 1, \"catalog_storage_place_id\": 1}, \"quantity\": 1, \"created_at\": 1657289183, \"deleted_at\": null, \"updated_at\": 1657289183, \"description\": null, \"document_id\": 7, \"catalog_product_id\": 3, \"catalog_storage_id\": 2}, \"changes\": {\"catalog_storage_id\": 2}}',
        NULL, 1657289183, NULL, NULL),
       (255, 13, 7, 'ax_document_write_off', 7, 'updated',
        '{\"model\": {\"id\": 7, \"status\": 1, \"created_at\": 1657289183, \"updated_at\": 1657289183, \"fin_transaction_type_id\": 1, \"catalog_storage_place_id\": 1}, \"changes\": {\"status\": 1}}',
        NULL, 1657289183, NULL, NULL),
       (256, 13, 7, 'ax_document_write_off', 8, 'created',
        '{\"model\": {\"id\": 8, \"status\": 2, \"created_at\": 1657292408, \"updated_at\": 1657292408, \"fin_transaction_type_id\": 1, \"catalog_storage_place_id\": 1}, \"changes\": []}',
        NULL, 1657292408, NULL, NULL),
       (257, 13, 7, 'ax_document_write_off_content', 9, 'created',
        '{\"model\": {\"id\": 9, \"price\": 0, \"quantity\": 1, \"created_at\": 1657292408, \"updated_at\": 1657292408, \"document_id\": 8, \"catalog_product_id\": 24}, \"changes\": []}',
        NULL, 1657292408, NULL, NULL),
       (258, 13, 7, 'ax_document_write_off_content', 9, 'updated',
        '{\"model\": {\"id\": 9, \"price\": 0, \"document\": {\"id\": 8, \"status\": 2, \"document\": null, \"created_at\": 1657292408, \"deleted_at\": null, \"updated_at\": 1657292408, \"currency_id\": null, \"document_id\": null, \"fin_transaction_type_id\": 1, \"catalog_storage_place_id\": 1}, \"quantity\": 1, \"created_at\": 1657292408, \"deleted_at\": null, \"updated_at\": 1657292408, \"description\": null, \"document_id\": 8, \"catalog_product_id\": 24, \"catalog_storage_id\": 23}, \"changes\": {\"catalog_storage_id\": 23}}',
        NULL, 1657292408, NULL, NULL),
       (259, 13, 7, 'ax_document_write_off', 8, 'updated',
        '{\"model\": {\"id\": 8, \"status\": 1, \"created_at\": 1657292408, \"updated_at\": 1657292408, \"fin_transaction_type_id\": 1, \"catalog_storage_place_id\": 1}, \"changes\": {\"status\": 1}}',
        NULL, 1657292408, NULL, NULL),
       (260, 13, 7, 'ax_document_write_off', 9, 'created',
        '{\"model\": {\"id\": 9, \"status\": 2, \"created_at\": 1657297534, \"updated_at\": 1657297534, \"fin_transaction_type_id\": 1, \"catalog_storage_place_id\": 1}, \"changes\": []}',
        NULL, 1657297534, NULL, NULL),
       (261, 13, 7, 'ax_document_write_off_content', 10, 'created',
        '{\"model\": {\"id\": 10, \"price\": 0, \"quantity\": 1, \"created_at\": 1657297534, \"updated_at\": 1657297534, \"document_id\": 9, \"catalog_product_id\": 25}, \"changes\": []}',
        NULL, 1657297534, NULL, NULL),
       (262, 13, 7, 'ax_document_write_off_content', 10, 'updated',
        '{\"model\": {\"id\": 10, \"price\": 0, \"document\": {\"id\": 9, \"status\": 2, \"document\": null, \"created_at\": 1657297534, \"deleted_at\": null, \"updated_at\": 1657297534, \"currency_id\": null, \"document_id\": null, \"fin_transaction_type_id\": 1, \"catalog_storage_place_id\": 1}, \"quantity\": 1, \"created_at\": 1657297534, \"deleted_at\": null, \"updated_at\": 1657297534, \"description\": null, \"document_id\": 9, \"catalog_product_id\": 25, \"catalog_storage_id\": 24}, \"changes\": {\"catalog_storage_id\": 24}}',
        NULL, 1657297534, NULL, NULL),
       (263, 13, 7, 'ax_document_write_off', 9, 'updated',
        '{\"model\": {\"id\": 9, \"status\": 1, \"created_at\": 1657297534, \"updated_at\": 1657297534, \"fin_transaction_type_id\": 1, \"catalog_storage_place_id\": 1}, \"changes\": {\"status\": 1}}',
        NULL, 1657297534, NULL, NULL),
       (264, 13, 7, 'ax_document_write_off', 10, 'created',
        '{\"model\": {\"id\": 10, \"status\": 2, \"created_at\": 1657297552, \"updated_at\": 1657297552, \"fin_transaction_type_id\": 1, \"catalog_storage_place_id\": 1}, \"changes\": []}',
        NULL, 1657297552, NULL, NULL),
       (265, 13, 7, 'ax_document_write_off_content', 11, 'created',
        '{\"model\": {\"id\": 11, \"price\": 0, \"quantity\": 1, \"created_at\": 1657297552, \"updated_at\": 1657297552, \"document_id\": 10, \"catalog_product_id\": 46}, \"changes\": []}',
        NULL, 1657297552, NULL, NULL),
       (266, 13, 7, 'ax_document_write_off_content', 11, 'updated',
        '{\"model\": {\"id\": 11, \"price\": 0, \"document\": {\"id\": 10, \"status\": 2, \"document\": null, \"created_at\": 1657297552, \"deleted_at\": null, \"updated_at\": 1657297552, \"currency_id\": null, \"document_id\": null, \"fin_transaction_type_id\": 1, \"catalog_storage_place_id\": 1}, \"quantity\": 1, \"created_at\": 1657297552, \"deleted_at\": null, \"updated_at\": 1657297552, \"description\": null, \"document_id\": 10, \"catalog_product_id\": 46, \"catalog_storage_id\": 45}, \"changes\": {\"catalog_storage_id\": 45}}',
        NULL, 1657297552, NULL, NULL),
       (267, 13, 7, 'ax_document_write_off', 10, 'updated',
        '{\"model\": {\"id\": 10, \"status\": 1, \"created_at\": 1657297552, \"updated_at\": 1657297552, \"fin_transaction_type_id\": 1, \"catalog_storage_place_id\": 1}, \"changes\": {\"status\": 1}}',
        NULL, 1657297552, NULL, NULL),
       (268, 13, 7, 'ax_document_write_off', 11, 'created',
        '{\"model\": {\"id\": 11, \"status\": 2, \"created_at\": 1657297564, \"updated_at\": 1657297564, \"fin_transaction_type_id\": 1, \"catalog_storage_place_id\": 1}, \"changes\": []}',
        NULL, 1657297564, NULL, NULL),
       (269, 13, 7, 'ax_document_write_off_content', 12, 'created',
        '{\"model\": {\"id\": 12, \"price\": 0, \"quantity\": 1, \"created_at\": 1657297564, \"updated_at\": 1657297564, \"document_id\": 11, \"catalog_product_id\": 35}, \"changes\": []}',
        NULL, 1657297564, NULL, NULL),
       (270, 13, 7, 'ax_document_write_off_content', 12, 'updated',
        '{\"model\": {\"id\": 12, \"price\": 0, \"document\": {\"id\": 11, \"status\": 2, \"document\": null, \"created_at\": 1657297564, \"deleted_at\": null, \"updated_at\": 1657297564, \"currency_id\": null, \"document_id\": null, \"fin_transaction_type_id\": 1, \"catalog_storage_place_id\": 1}, \"quantity\": 1, \"created_at\": 1657297564, \"deleted_at\": null, \"updated_at\": 1657297564, \"description\": null, \"document_id\": 11, \"catalog_product_id\": 35, \"catalog_storage_id\": 34}, \"changes\": {\"catalog_storage_id\": 34}}',
        NULL, 1657297564, NULL, NULL),
       (271, 13, 7, 'ax_document_write_off', 11, 'updated',
        '{\"model\": {\"id\": 11, \"status\": 1, \"created_at\": 1657297564, \"updated_at\": 1657297564, \"fin_transaction_type_id\": 1, \"catalog_storage_place_id\": 1}, \"changes\": {\"status\": 1}}',
        NULL, 1657297564, NULL, NULL),
       (272, 13, 7, 'ax_document_write_off', 12, 'created',
        '{\"model\": {\"id\": 12, \"status\": 2, \"created_at\": 1657297576, \"updated_at\": 1657297576, \"fin_transaction_type_id\": 1, \"catalog_storage_place_id\": 1}, \"changes\": []}',
        NULL, 1657297576, NULL, NULL),
       (273, 13, 7, 'ax_document_write_off_content', 13, 'created',
        '{\"model\": {\"id\": 13, \"price\": 0, \"quantity\": 1, \"created_at\": 1657297576, \"updated_at\": 1657297576, \"document_id\": 12, \"catalog_product_id\": 56}, \"changes\": []}',
        NULL, 1657297576, NULL, NULL),
       (274, 13, 7, 'ax_document_write_off_content', 13, 'updated',
        '{\"model\": {\"id\": 13, \"price\": 0, \"document\": {\"id\": 12, \"status\": 2, \"document\": null, \"created_at\": 1657297576, \"deleted_at\": null, \"updated_at\": 1657297576, \"currency_id\": null, \"document_id\": null, \"fin_transaction_type_id\": 1, \"catalog_storage_place_id\": 1}, \"quantity\": 1, \"created_at\": 1657297576, \"deleted_at\": null, \"updated_at\": 1657297576, \"description\": null, \"document_id\": 12, \"catalog_product_id\": 56, \"catalog_storage_id\": 55}, \"changes\": {\"catalog_storage_id\": 55}}',
        NULL, 1657297576, NULL, NULL),
       (275, 13, 7, 'ax_document_write_off', 12, 'updated',
        '{\"model\": {\"id\": 12, \"status\": 1, \"created_at\": 1657297576, \"updated_at\": 1657297576, \"fin_transaction_type_id\": 1, \"catalog_storage_place_id\": 1}, \"changes\": {\"status\": 1}}',
        NULL, 1657297576, NULL, NULL),
       (276, 13, 7, 'ax_document_write_off', 13, 'created',
        '{\"model\": {\"id\": 13, \"status\": 2, \"created_at\": 1657297609, \"updated_at\": 1657297609, \"fin_transaction_type_id\": 1, \"catalog_storage_place_id\": 1}, \"changes\": []}',
        NULL, 1657297609, NULL, NULL),
       (277, 13, 7, 'ax_document_write_off_content', 14, 'created',
        '{\"model\": {\"id\": 14, \"price\": 0, \"quantity\": 1, \"created_at\": 1657297609, \"updated_at\": 1657297609, \"document_id\": 13, \"catalog_product_id\": 45}, \"changes\": []}',
        NULL, 1657297609, NULL, NULL),
       (278, 13, 7, 'ax_document_write_off_content', 14, 'updated',
        '{\"model\": {\"id\": 14, \"price\": 0, \"document\": {\"id\": 13, \"status\": 2, \"document\": null, \"created_at\": 1657297609, \"deleted_at\": null, \"updated_at\": 1657297609, \"currency_id\": null, \"document_id\": null, \"fin_transaction_type_id\": 1, \"catalog_storage_place_id\": 1}, \"quantity\": 1, \"created_at\": 1657297609, \"deleted_at\": null, \"updated_at\": 1657297609, \"description\": null, \"document_id\": 13, \"catalog_product_id\": 45, \"catalog_storage_id\": 44}, \"changes\": {\"catalog_storage_id\": 44}}',
        NULL, 1657297609, NULL, NULL),
       (279, 13, 7, 'ax_document_write_off', 13, 'updated',
        '{\"model\": {\"id\": 13, \"status\": 1, \"created_at\": 1657297609, \"updated_at\": 1657297609, \"fin_transaction_type_id\": 1, \"catalog_storage_place_id\": 1}, \"changes\": {\"status\": 1}}',
        NULL, 1657297609, NULL, NULL),
       (280, 13, 7, 'ax_document_write_off', 14, 'created',
        '{\"model\": {\"id\": 14, \"status\": 2, \"created_at\": 1657304930, \"updated_at\": 1657304930, \"fin_transaction_type_id\": 1, \"catalog_storage_place_id\": 1}, \"changes\": []}',
        NULL, 1657304930, NULL, NULL),
       (281, 13, 7, 'ax_document_write_off_content', 15, 'created',
        '{\"model\": {\"id\": 15, \"price\": 0, \"quantity\": 1, \"created_at\": 1657304930, \"updated_at\": 1657304930, \"document_id\": 14, \"catalog_product_id\": 39}, \"changes\": []}',
        NULL, 1657304930, NULL, NULL),
       (282, 13, 7, 'ax_document_write_off_content', 15, 'updated',
        '{\"model\": {\"id\": 15, \"price\": 0, \"document\": {\"id\": 14, \"status\": 2, \"document\": null, \"created_at\": 1657304930, \"deleted_at\": null, \"updated_at\": 1657304930, \"currency_id\": null, \"document_id\": null, \"fin_transaction_type_id\": 1, \"catalog_storage_place_id\": 1}, \"quantity\": 1, \"created_at\": 1657304930, \"deleted_at\": null, \"updated_at\": 1657304930, \"description\": null, \"document_id\": 14, \"catalog_product_id\": 39, \"catalog_storage_id\": 38}, \"changes\": {\"catalog_storage_id\": 38}}',
        NULL, 1657304930, NULL, NULL),
       (283, 13, 7, 'ax_document_write_off', 14, 'updated',
        '{\"model\": {\"id\": 14, \"status\": 1, \"created_at\": 1657304930, \"updated_at\": 1657304930, \"fin_transaction_type_id\": 1, \"catalog_storage_place_id\": 1}, \"changes\": {\"status\": 1}}',
        NULL, 1657304930, NULL, NULL),
       (284, 13, 7, 'ax_document_write_off', 15, 'created',
        '{\"model\": {\"id\": 15, \"status\": 2, \"created_at\": 1657305012, \"updated_at\": 1657305012, \"fin_transaction_type_id\": 1, \"catalog_storage_place_id\": 1}, \"changes\": []}',
        NULL, 1657305012, NULL, NULL),
       (285, 13, 7, 'ax_document_write_off_content', 16, 'created',
        '{\"model\": {\"id\": 16, \"price\": 0, \"quantity\": 1, \"created_at\": 1657305012, \"updated_at\": 1657305012, \"document_id\": 15, \"catalog_product_id\": 63}, \"changes\": []}',
        NULL, 1657305012, NULL, NULL),
       (286, 13, 7, 'ax_document_write_off_content', 16, 'updated',
        '{\"model\": {\"id\": 16, \"price\": 0, \"document\": {\"id\": 15, \"status\": 2, \"document\": null, \"created_at\": 1657305012, \"deleted_at\": null, \"updated_at\": 1657305012, \"currency_id\": null, \"document_id\": null, \"fin_transaction_type_id\": 1, \"catalog_storage_place_id\": 1}, \"quantity\": 1, \"created_at\": 1657305012, \"deleted_at\": null, \"updated_at\": 1657305012, \"description\": null, \"document_id\": 15, \"catalog_product_id\": 63, \"catalog_storage_id\": 56}, \"changes\": {\"catalog_storage_id\": 56}}',
        NULL, 1657305012, NULL, NULL),
       (287, 13, 7, 'ax_document_write_off', 15, 'updated',
        '{\"model\": {\"id\": 15, \"status\": 1, \"created_at\": 1657305012, \"updated_at\": 1657305012, \"fin_transaction_type_id\": 1, \"catalog_storage_place_id\": 1}, \"changes\": {\"status\": 1}}',
        NULL, 1657305012, NULL, NULL),
       (288, 13, 7, 'ax_document_write_off', 16, 'created',
        '{\"model\": {\"id\": 16, \"status\": 2, \"created_at\": 1657305074, \"updated_at\": 1657305074, \"fin_transaction_type_id\": 1, \"catalog_storage_place_id\": 1}, \"changes\": []}',
        NULL, 1657305074, NULL, NULL),
       (289, 13, 7, 'ax_document_write_off_content', 17, 'created',
        '{\"model\": {\"id\": 17, \"price\": 0, \"quantity\": 1, \"created_at\": 1657305074, \"updated_at\": 1657305074, \"document_id\": 16, \"catalog_product_id\": 37}, \"changes\": []}',
        NULL, 1657305074, NULL, NULL),
       (290, 13, 7, 'ax_document_write_off_content', 17, 'updated',
        '{\"model\": {\"id\": 17, \"price\": 0, \"document\": {\"id\": 16, \"status\": 2, \"document\": null, \"created_at\": 1657305074, \"deleted_at\": null, \"updated_at\": 1657305074, \"currency_id\": null, \"document_id\": null, \"fin_transaction_type_id\": 1, \"catalog_storage_place_id\": 1}, \"quantity\": 1, \"created_at\": 1657305074, \"deleted_at\": null, \"updated_at\": 1657305074, \"description\": null, \"document_id\": 16, \"catalog_product_id\": 37, \"catalog_storage_id\": 36}, \"changes\": {\"catalog_storage_id\": 36}}',
        NULL, 1657305074, NULL, NULL),
       (291, 13, 7, 'ax_document_write_off', 16, 'updated',
        '{\"model\": {\"id\": 16, \"status\": 1, \"created_at\": 1657305074, \"updated_at\": 1657305074, \"fin_transaction_type_id\": 1, \"catalog_storage_place_id\": 1}, \"changes\": {\"status\": 1}}',
        NULL, 1657305074, NULL, NULL),
       (292, 14, 7, 'ax_document_write_off', 17, 'created',
        '{\"model\": {\"id\": 17, \"status\": 2, \"created_at\": 1657398948, \"updated_at\": 1657398948, \"fin_transaction_type_id\": 1, \"catalog_storage_place_id\": 1}, \"changes\": []}',
        NULL, 1657398948, NULL, NULL),
       (293, 14, 7, 'ax_document_write_off_content', 18, 'created',
        '{\"model\": {\"id\": 18, \"price\": 0, \"quantity\": 1, \"created_at\": 1657398948, \"updated_at\": 1657398948, \"document_id\": 17, \"catalog_product_id\": 18}, \"changes\": []}',
        NULL, 1657398948, NULL, NULL),
       (294, 14, 7, 'ax_document_write_off_content', 18, 'updated',
        '{\"model\": {\"id\": 18, \"price\": 0, \"document\": {\"id\": 17, \"status\": 2, \"document\": null, \"created_at\": 1657398948, \"deleted_at\": null, \"updated_at\": 1657398948, \"currency_id\": null, \"document_id\": null, \"fin_transaction_type_id\": 1, \"catalog_storage_place_id\": 1}, \"quantity\": 1, \"created_at\": 1657398948, \"deleted_at\": null, \"updated_at\": 1657398948, \"description\": null, \"document_id\": 17, \"catalog_product_id\": 18, \"catalog_storage_id\": 17}, \"changes\": {\"catalog_storage_id\": 17}}',
        NULL, 1657398948, NULL, NULL),
       (295, 14, 7, 'ax_document_write_off', 17, 'updated',
        '{\"model\": {\"id\": 17, \"status\": 1, \"created_at\": 1657398948, \"updated_at\": 1657398948, \"fin_transaction_type_id\": 1, \"catalog_storage_place_id\": 1}, \"changes\": {\"status\": 1}}',
        NULL, 1657398948, NULL, NULL),
       (296, 14, 7, 'ax_document_write_off', 18, 'created',
        '{\"model\": {\"id\": 18, \"status\": 2, \"created_at\": 1657398963, \"updated_at\": 1657398963, \"fin_transaction_type_id\": 1, \"catalog_storage_place_id\": 1}, \"changes\": []}',
        NULL, 1657398963, NULL, NULL),
       (297, 14, 7, 'ax_document_write_off_content', 19, 'created',
        '{\"model\": {\"id\": 19, \"price\": 0, \"quantity\": 1, \"created_at\": 1657398963, \"updated_at\": 1657398963, \"document_id\": 18, \"catalog_product_id\": 30}, \"changes\": []}',
        NULL, 1657398963, NULL, NULL),
       (298, 14, 7, 'ax_document_write_off_content', 19, 'updated',
        '{\"model\": {\"id\": 19, \"price\": 0, \"document\": {\"id\": 18, \"status\": 2, \"document\": null, \"created_at\": 1657398963, \"deleted_at\": null, \"updated_at\": 1657398963, \"currency_id\": null, \"document_id\": null, \"fin_transaction_type_id\": 1, \"catalog_storage_place_id\": 1}, \"quantity\": 1, \"created_at\": 1657398963, \"deleted_at\": null, \"updated_at\": 1657398963, \"description\": null, \"document_id\": 18, \"catalog_product_id\": 30, \"catalog_storage_id\": 29}, \"changes\": {\"catalog_storage_id\": 29}}',
        NULL, 1657398963, NULL, NULL),
       (299, 14, 7, 'ax_document_write_off', 18, 'updated',
        '{\"model\": {\"id\": 18, \"status\": 1, \"created_at\": 1657398963, \"updated_at\": 1657398963, \"fin_transaction_type_id\": 1, \"catalog_storage_place_id\": 1}, \"changes\": {\"status\": 1}}',
        NULL, 1657398963, NULL, NULL),
       (300, 14, 7, 'ax_document_write_off', 19, 'created',
        '{\"model\": {\"id\": 19, \"status\": 2, \"created_at\": 1657398980, \"updated_at\": 1657398980, \"fin_transaction_type_id\": 1, \"catalog_storage_place_id\": 1}, \"changes\": []}',
        NULL, 1657398980, NULL, NULL),
       (301, 14, 7, 'ax_document_write_off_content', 20, 'created',
        '{\"model\": {\"id\": 20, \"price\": 0, \"quantity\": 1, \"created_at\": 1657398980, \"updated_at\": 1657398980, \"document_id\": 19, \"catalog_product_id\": 27}, \"changes\": []}',
        NULL, 1657398980, NULL, NULL),
       (302, 14, 7, 'ax_document_write_off_content', 20, 'updated',
        '{\"model\": {\"id\": 20, \"price\": 0, \"document\": {\"id\": 19, \"status\": 2, \"document\": null, \"created_at\": 1657398980, \"deleted_at\": null, \"updated_at\": 1657398980, \"currency_id\": null, \"document_id\": null, \"fin_transaction_type_id\": 1, \"catalog_storage_place_id\": 1}, \"quantity\": 1, \"created_at\": 1657398980, \"deleted_at\": null, \"updated_at\": 1657398980, \"description\": null, \"document_id\": 19, \"catalog_product_id\": 27, \"catalog_storage_id\": 26}, \"changes\": {\"catalog_storage_id\": 26}}',
        NULL, 1657398980, NULL, NULL),
       (303, 14, 7, 'ax_document_write_off', 19, 'updated',
        '{\"model\": {\"id\": 19, \"status\": 1, \"created_at\": 1657398980, \"updated_at\": 1657398980, \"fin_transaction_type_id\": 1, \"catalog_storage_place_id\": 1}, \"changes\": {\"status\": 1}}',
        NULL, 1657398980, NULL, NULL),
       (304, 14, 7, 'ax_document_write_off', 20, 'created',
        '{\"model\": {\"id\": 20, \"status\": 2, \"created_at\": 1657398995, \"updated_at\": 1657398995, \"fin_transaction_type_id\": 1, \"catalog_storage_place_id\": 1}, \"changes\": []}',
        NULL, 1657398995, NULL, NULL),
       (305, 14, 7, 'ax_document_write_off_content', 21, 'created',
        '{\"model\": {\"id\": 21, \"price\": 0, \"quantity\": 1, \"created_at\": 1657398995, \"updated_at\": 1657398995, \"document_id\": 20, \"catalog_product_id\": 29}, \"changes\": []}',
        NULL, 1657398995, NULL, NULL),
       (306, 14, 7, 'ax_document_write_off_content', 21, 'updated',
        '{\"model\": {\"id\": 21, \"price\": 0, \"document\": {\"id\": 20, \"status\": 2, \"document\": null, \"created_at\": 1657398995, \"deleted_at\": null, \"updated_at\": 1657398995, \"currency_id\": null, \"document_id\": null, \"fin_transaction_type_id\": 1, \"catalog_storage_place_id\": 1}, \"quantity\": 1, \"created_at\": 1657398995, \"deleted_at\": null, \"updated_at\": 1657398995, \"description\": null, \"document_id\": 20, \"catalog_product_id\": 29, \"catalog_storage_id\": 28}, \"changes\": {\"catalog_storage_id\": 28}}',
        NULL, 1657398995, NULL, NULL),
       (307, 14, 7, 'ax_document_write_off', 20, 'updated',
        '{\"model\": {\"id\": 20, \"status\": 1, \"created_at\": 1657398995, \"updated_at\": 1657398995, \"fin_transaction_type_id\": 1, \"catalog_storage_place_id\": 1}, \"changes\": {\"status\": 1}}',
        NULL, 1657398995, NULL, NULL),
       (308, 14, 7, 'ax_document_write_off', 21, 'created',
        '{\"model\": {\"id\": 21, \"status\": 2, \"created_at\": 1657399023, \"updated_at\": 1657399023, \"fin_transaction_type_id\": 1, \"catalog_storage_place_id\": 1}, \"changes\": []}',
        NULL, 1657399023, NULL, NULL),
       (309, 14, 7, 'ax_document_write_off_content', 22, 'created',
        '{\"model\": {\"id\": 22, \"price\": 0, \"quantity\": 1, \"created_at\": 1657399023, \"updated_at\": 1657399023, \"document_id\": 21, \"catalog_product_id\": 31}, \"changes\": []}',
        NULL, 1657399023, NULL, NULL),
       (310, 14, 7, 'ax_document_write_off_content', 22, 'updated',
        '{\"model\": {\"id\": 22, \"price\": 0, \"document\": {\"id\": 21, \"status\": 2, \"document\": null, \"created_at\": 1657399023, \"deleted_at\": null, \"updated_at\": 1657399023, \"currency_id\": null, \"document_id\": null, \"fin_transaction_type_id\": 1, \"catalog_storage_place_id\": 1}, \"quantity\": 1, \"created_at\": 1657399023, \"deleted_at\": null, \"updated_at\": 1657399023, \"description\": null, \"document_id\": 21, \"catalog_product_id\": 31, \"catalog_storage_id\": 30}, \"changes\": {\"catalog_storage_id\": 30}}',
        NULL, 1657399023, NULL, NULL),
       (311, 14, 7, 'ax_document_write_off', 21, 'updated',
        '{\"model\": {\"id\": 21, \"status\": 1, \"created_at\": 1657399023, \"updated_at\": 1657399023, \"fin_transaction_type_id\": 1, \"catalog_storage_place_id\": 1}, \"changes\": {\"status\": 1}}',
        NULL, 1657399023, NULL, NULL),
       (312, 14, 7, 'ax_document_write_off', 22, 'created',
        '{\"model\": {\"id\": 22, \"status\": 2, \"created_at\": 1657399051, \"updated_at\": 1657399051, \"fin_transaction_type_id\": 1, \"catalog_storage_place_id\": 1}, \"changes\": []}',
        NULL, 1657399051, NULL, NULL),
       (313, 14, 7, 'ax_document_write_off_content', 23, 'created',
        '{\"model\": {\"id\": 23, \"price\": 0, \"quantity\": 1, \"created_at\": 1657399051, \"updated_at\": 1657399051, \"document_id\": 22, \"catalog_product_id\": 11}, \"changes\": []}',
        NULL, 1657399051, NULL, NULL),
       (314, 14, 7, 'ax_document_write_off_content', 23, 'updated',
        '{\"model\": {\"id\": 23, \"price\": 0, \"document\": {\"id\": 22, \"status\": 2, \"document\": null, \"created_at\": 1657399051, \"deleted_at\": null, \"updated_at\": 1657399051, \"currency_id\": null, \"document_id\": null, \"fin_transaction_type_id\": 1, \"catalog_storage_place_id\": 1}, \"quantity\": 1, \"created_at\": 1657399051, \"deleted_at\": null, \"updated_at\": 1657399051, \"description\": null, \"document_id\": 22, \"catalog_product_id\": 11, \"catalog_storage_id\": 10}, \"changes\": {\"catalog_storage_id\": 10}}',
        NULL, 1657399051, NULL, NULL),
       (315, 14, 7, 'ax_document_write_off', 22, 'updated',
        '{\"model\": {\"id\": 22, \"status\": 1, \"created_at\": 1657399051, \"updated_at\": 1657399051, \"fin_transaction_type_id\": 1, \"catalog_storage_place_id\": 1}, \"changes\": {\"status\": 1}}',
        NULL, 1657399051, NULL, NULL),
       (316, 14, 7, 'ax_document_write_off', 23, 'created',
        '{\"model\": {\"id\": 23, \"status\": 2, \"created_at\": 1657399068, \"updated_at\": 1657399068, \"fin_transaction_type_id\": 1, \"catalog_storage_place_id\": 1}, \"changes\": []}',
        NULL, 1657399068, NULL, NULL),
       (317, 14, 7, 'ax_document_write_off_content', 24, 'created',
        '{\"model\": {\"id\": 24, \"price\": 0, \"quantity\": 1, \"created_at\": 1657399068, \"updated_at\": 1657399068, \"document_id\": 23, \"catalog_product_id\": 49}, \"changes\": []}',
        NULL, 1657399068, NULL, NULL),
       (318, 14, 7, 'ax_document_write_off_content', 24, 'updated',
        '{\"model\": {\"id\": 24, \"price\": 0, \"document\": {\"id\": 23, \"status\": 2, \"document\": null, \"created_at\": 1657399068, \"deleted_at\": null, \"updated_at\": 1657399068, \"currency_id\": null, \"document_id\": null, \"fin_transaction_type_id\": 1, \"catalog_storage_place_id\": 1}, \"quantity\": 1, \"created_at\": 1657399068, \"deleted_at\": null, \"updated_at\": 1657399068, \"description\": null, \"document_id\": 23, \"catalog_product_id\": 49, \"catalog_storage_id\": 48}, \"changes\": {\"catalog_storage_id\": 48}}',
        NULL, 1657399068, NULL, NULL),
       (319, 14, 7, 'ax_document_write_off', 23, 'updated',
        '{\"model\": {\"id\": 23, \"status\": 1, \"created_at\": 1657399068, \"updated_at\": 1657399068, \"fin_transaction_type_id\": 1, \"catalog_storage_place_id\": 1}, \"changes\": {\"status\": 1}}',
        NULL, 1657399068, NULL, NULL),
       (320, 14, 7, 'ax_document_write_off', 24, 'created',
        '{\"model\": {\"id\": 24, \"status\": 2, \"created_at\": 1657399087, \"updated_at\": 1657399087, \"fin_transaction_type_id\": 1, \"catalog_storage_place_id\": 1}, \"changes\": []}',
        NULL, 1657399087, NULL, NULL),
       (321, 14, 7, 'ax_document_write_off_content', 25, 'created',
        '{\"model\": {\"id\": 25, \"price\": 0, \"quantity\": 1, \"created_at\": 1657399087, \"updated_at\": 1657399087, \"document_id\": 24, \"catalog_product_id\": 41}, \"changes\": []}',
        NULL, 1657399087, NULL, NULL),
       (322, 14, 7, 'ax_document_write_off_content', 25, 'updated',
        '{\"model\": {\"id\": 25, \"price\": 0, \"document\": {\"id\": 24, \"status\": 2, \"document\": null, \"created_at\": 1657399087, \"deleted_at\": null, \"updated_at\": 1657399087, \"currency_id\": null, \"document_id\": null, \"fin_transaction_type_id\": 1, \"catalog_storage_place_id\": 1}, \"quantity\": 1, \"created_at\": 1657399087, \"deleted_at\": null, \"updated_at\": 1657399087, \"description\": null, \"document_id\": 24, \"catalog_product_id\": 41, \"catalog_storage_id\": 40}, \"changes\": {\"catalog_storage_id\": 40}}',
        NULL, 1657399087, NULL, NULL),
       (323, 14, 7, 'ax_document_write_off', 24, 'updated',
        '{\"model\": {\"id\": 24, \"status\": 1, \"created_at\": 1657399087, \"updated_at\": 1657399087, \"fin_transaction_type_id\": 1, \"catalog_storage_place_id\": 1}, \"changes\": {\"status\": 1}}',
        NULL, 1657399087, NULL, NULL),
       (324, 14, 7, 'ax_document_write_off', 25, 'created',
        '{\"model\": {\"id\": 25, \"status\": 2, \"created_at\": 1657399101, \"updated_at\": 1657399101, \"fin_transaction_type_id\": 1, \"catalog_storage_place_id\": 1}, \"changes\": []}',
        NULL, 1657399101, NULL, NULL),
       (325, 14, 7, 'ax_document_write_off_content', 26, 'created',
        '{\"model\": {\"id\": 26, \"price\": 0, \"quantity\": 1, \"created_at\": 1657399101, \"updated_at\": 1657399101, \"document_id\": 25, \"catalog_product_id\": 9}, \"changes\": []}',
        NULL, 1657399101, NULL, NULL),
       (326, 14, 7, 'ax_document_write_off_content', 26, 'updated',
        '{\"model\": {\"id\": 26, \"price\": 0, \"document\": {\"id\": 25, \"status\": 2, \"document\": null, \"created_at\": 1657399101, \"deleted_at\": null, \"updated_at\": 1657399101, \"currency_id\": null, \"document_id\": null, \"fin_transaction_type_id\": 1, \"catalog_storage_place_id\": 1}, \"quantity\": 1, \"created_at\": 1657399101, \"deleted_at\": null, \"updated_at\": 1657399101, \"description\": null, \"document_id\": 25, \"catalog_product_id\": 9, \"catalog_storage_id\": 8}, \"changes\": {\"catalog_storage_id\": 8}}',
        NULL, 1657399101, NULL, NULL),
       (327, 14, 7, 'ax_document_write_off', 25, 'updated',
        '{\"model\": {\"id\": 25, \"status\": 1, \"created_at\": 1657399101, \"updated_at\": 1657399101, \"fin_transaction_type_id\": 1, \"catalog_storage_place_id\": 1}, \"changes\": {\"status\": 1}}',
        NULL, 1657399101, NULL, NULL),
       (328, 14, 7, 'ax_document_write_off', 26, 'created',
        '{\"model\": {\"id\": 26, \"status\": 2, \"created_at\": 1657399117, \"updated_at\": 1657399117, \"fin_transaction_type_id\": 1, \"catalog_storage_place_id\": 1}, \"changes\": []}',
        NULL, 1657399117, NULL, NULL),
       (329, 14, 7, 'ax_document_write_off_content', 27, 'created',
        '{\"model\": {\"id\": 27, \"price\": 0, \"quantity\": 1, \"created_at\": 1657399117, \"updated_at\": 1657399117, \"document_id\": 26, \"catalog_product_id\": 28}, \"changes\": []}',
        NULL, 1657399117, NULL, NULL),
       (330, 14, 7, 'ax_document_write_off_content', 27, 'updated',
        '{\"model\": {\"id\": 27, \"price\": 0, \"document\": {\"id\": 26, \"status\": 2, \"document\": null, \"created_at\": 1657399117, \"deleted_at\": null, \"updated_at\": 1657399117, \"currency_id\": null, \"document_id\": null, \"fin_transaction_type_id\": 1, \"catalog_storage_place_id\": 1}, \"quantity\": 1, \"created_at\": 1657399117, \"deleted_at\": null, \"updated_at\": 1657399117, \"description\": null, \"document_id\": 26, \"catalog_product_id\": 28, \"catalog_storage_id\": 27}, \"changes\": {\"catalog_storage_id\": 27}}',
        NULL, 1657399117, NULL, NULL),
       (331, 14, 7, 'ax_document_write_off', 26, 'updated',
        '{\"model\": {\"id\": 26, \"status\": 1, \"created_at\": 1657399117, \"updated_at\": 1657399117, \"fin_transaction_type_id\": 1, \"catalog_storage_place_id\": 1}, \"changes\": {\"status\": 1}}',
        NULL, 1657399117, NULL, NULL),
       (332, 14, 7, 'ax_document_write_off', 27, 'created',
        '{\"model\": {\"id\": 27, \"status\": 2, \"created_at\": 1657399138, \"updated_at\": 1657399138, \"fin_transaction_type_id\": 1, \"catalog_storage_place_id\": 1}, \"changes\": []}',
        NULL, 1657399138, NULL, NULL),
       (333, 14, 7, 'ax_document_write_off_content', 28, 'created',
        '{\"model\": {\"id\": 28, \"price\": 0, \"quantity\": 1, \"created_at\": 1657399138, \"updated_at\": 1657399138, \"document_id\": 27, \"catalog_product_id\": 51}, \"changes\": []}',
        NULL, 1657399138, NULL, NULL),
       (334, 14, 7, 'ax_document_write_off_content', 28, 'updated',
        '{\"model\": {\"id\": 28, \"price\": 0, \"document\": {\"id\": 27, \"status\": 2, \"document\": null, \"created_at\": 1657399138, \"deleted_at\": null, \"updated_at\": 1657399138, \"currency_id\": null, \"document_id\": null, \"fin_transaction_type_id\": 1, \"catalog_storage_place_id\": 1}, \"quantity\": 1, \"created_at\": 1657399138, \"deleted_at\": null, \"updated_at\": 1657399138, \"description\": null, \"document_id\": 27, \"catalog_product_id\": 51, \"catalog_storage_id\": 50}, \"changes\": {\"catalog_storage_id\": 50}}',
        NULL, 1657399139, NULL, NULL),
       (335, 14, 7, 'ax_document_write_off', 27, 'updated',
        '{\"model\": {\"id\": 27, \"status\": 1, \"created_at\": 1657399138, \"updated_at\": 1657399139, \"fin_transaction_type_id\": 1, \"catalog_storage_place_id\": 1}, \"changes\": {\"status\": 1, \"updated_at\": 1657399139}}',
        NULL, 1657399139, NULL, NULL),
       (336, 14, 7, 'ax_document_write_off', 28, 'created',
        '{\"model\": {\"id\": 28, \"status\": 2, \"created_at\": 1657399161, \"updated_at\": 1657399161, \"fin_transaction_type_id\": 1, \"catalog_storage_place_id\": 1}, \"changes\": []}',
        NULL, 1657399161, NULL, NULL),
       (337, 14, 7, 'ax_document_write_off_content', 29, 'created',
        '{\"model\": {\"id\": 29, \"price\": 0, \"quantity\": 1, \"created_at\": 1657399161, \"updated_at\": 1657399161, \"document_id\": 28, \"catalog_product_id\": 60}, \"changes\": []}',
        NULL, 1657399161, NULL, NULL),
       (338, 14, 7, 'ax_document_write_off_content', 29, 'updated',
        '{\"model\": {\"id\": 29, \"price\": 0, \"document\": {\"id\": 28, \"status\": 2, \"document\": null, \"created_at\": 1657399161, \"deleted_at\": null, \"updated_at\": 1657399161, \"currency_id\": null, \"document_id\": null, \"fin_transaction_type_id\": 1, \"catalog_storage_place_id\": 1}, \"quantity\": 1, \"created_at\": 1657399161, \"deleted_at\": null, \"updated_at\": 1657399161, \"description\": null, \"document_id\": 28, \"catalog_product_id\": 60, \"catalog_storage_id\": 59}, \"changes\": {\"catalog_storage_id\": 59}}',
        NULL, 1657399161, NULL, NULL),
       (339, 14, 7, 'ax_document_write_off', 28, 'updated',
        '{\"model\": {\"id\": 28, \"status\": 1, \"created_at\": 1657399161, \"updated_at\": 1657399161, \"fin_transaction_type_id\": 1, \"catalog_storage_place_id\": 1}, \"changes\": {\"status\": 1}}',
        NULL, 1657399161, NULL, NULL),
       (340, 14, 7, 'ax_document_write_off', 29, 'created',
        '{\"model\": {\"id\": 29, \"status\": 2, \"created_at\": 1657399187, \"updated_at\": 1657399187, \"fin_transaction_type_id\": 1, \"catalog_storage_place_id\": 1}, \"changes\": []}',
        NULL, 1657399187, NULL, NULL),
       (341, 14, 7, 'ax_document_write_off_content', 30, 'created',
        '{\"model\": {\"id\": 30, \"price\": 0, \"quantity\": 1, \"created_at\": 1657399187, \"updated_at\": 1657399187, \"document_id\": 29, \"catalog_product_id\": 15}, \"changes\": []}',
        NULL, 1657399187, NULL, NULL),
       (342, 14, 7, 'ax_document_write_off_content', 30, 'updated',
        '{\"model\": {\"id\": 30, \"price\": 0, \"document\": {\"id\": 29, \"status\": 2, \"document\": null, \"created_at\": 1657399187, \"deleted_at\": null, \"updated_at\": 1657399187, \"currency_id\": null, \"document_id\": null, \"fin_transaction_type_id\": 1, \"catalog_storage_place_id\": 1}, \"quantity\": 1, \"created_at\": 1657399187, \"deleted_at\": null, \"updated_at\": 1657399187, \"description\": null, \"document_id\": 29, \"catalog_product_id\": 15, \"catalog_storage_id\": 14}, \"changes\": {\"catalog_storage_id\": 14}}',
        NULL, 1657399187, NULL, NULL),
       (343, 14, 7, 'ax_document_write_off', 29, 'updated',
        '{\"model\": {\"id\": 29, \"status\": 1, \"created_at\": 1657399187, \"updated_at\": 1657399187, \"fin_transaction_type_id\": 1, \"catalog_storage_place_id\": 1}, \"changes\": {\"status\": 1}}',
        NULL, 1657399187, NULL, NULL),
       (344, 14, 7, 'ax_document_write_off', 30, 'created',
        '{\"model\": {\"id\": 30, \"status\": 2, \"created_at\": 1657452939, \"updated_at\": 1657452939, \"fin_transaction_type_id\": 1, \"catalog_storage_place_id\": 1}, \"changes\": []}',
        NULL, 1657452939, NULL, NULL),
       (345, 14, 7, 'ax_document_write_off_content', 31, 'created',
        '{\"model\": {\"id\": 31, \"price\": 0, \"quantity\": 1, \"created_at\": 1657452939, \"updated_at\": 1657452939, \"document_id\": 30, \"catalog_product_id\": 47}, \"changes\": []}',
        NULL, 1657452939, NULL, NULL),
       (346, 14, 7, 'ax_document_write_off_content', 31, 'updated',
        '{\"model\": {\"id\": 31, \"price\": 0, \"document\": {\"id\": 30, \"status\": 2, \"document\": null, \"created_at\": 1657452939, \"deleted_at\": null, \"updated_at\": 1657452939, \"currency_id\": null, \"document_id\": null, \"fin_transaction_type_id\": 1, \"catalog_storage_place_id\": 1}, \"quantity\": 1, \"created_at\": 1657452939, \"deleted_at\": null, \"updated_at\": 1657452939, \"description\": null, \"document_id\": 30, \"catalog_product_id\": 47, \"catalog_storage_id\": 46}, \"changes\": {\"catalog_storage_id\": 46}}',
        NULL, 1657452939, NULL, NULL),
       (347, 14, 7, 'ax_document_write_off', 30, 'updated',
        '{\"model\": {\"id\": 30, \"status\": 1, \"created_at\": 1657452939, \"updated_at\": 1657452939, \"fin_transaction_type_id\": 1, \"catalog_storage_place_id\": 1}, \"changes\": {\"status\": 1}}',
        NULL, 1657452939, NULL, NULL),
       (348, 14, 7, 'ax_document_write_off', 31, 'created',
        '{\"model\": {\"id\": 31, \"status\": 2, \"created_at\": 1657460517, \"updated_at\": 1657460517, \"fin_transaction_type_id\": 1, \"catalog_storage_place_id\": 1}, \"changes\": []}',
        NULL, 1657460517, NULL, NULL),
       (349, 14, 7, 'ax_document_write_off_content', 32, 'created',
        '{\"model\": {\"id\": 32, \"price\": 0, \"quantity\": 1, \"created_at\": 1657460517, \"updated_at\": 1657460517, \"document_id\": 31, \"catalog_product_id\": 36}, \"changes\": []}',
        NULL, 1657460517, NULL, NULL),
       (350, 14, 7, 'ax_document_write_off_content', 32, 'updated',
        '{\"model\": {\"id\": 32, \"price\": 0, \"document\": {\"id\": 31, \"status\": 2, \"document\": null, \"created_at\": 1657460517, \"deleted_at\": null, \"updated_at\": 1657460517, \"currency_id\": null, \"document_id\": null, \"fin_transaction_type_id\": 1, \"catalog_storage_place_id\": 1}, \"quantity\": 1, \"created_at\": 1657460517, \"deleted_at\": null, \"updated_at\": 1657460517, \"description\": null, \"document_id\": 31, \"catalog_product_id\": 36, \"catalog_storage_id\": 35}, \"changes\": {\"catalog_storage_id\": 35}}',
        NULL, 1657460517, NULL, NULL),
       (351, 14, 7, 'ax_document_write_off', 31, 'updated',
        '{\"model\": {\"id\": 31, \"status\": 1, \"created_at\": 1657460517, \"updated_at\": 1657460517, \"fin_transaction_type_id\": 1, \"catalog_storage_place_id\": 1}, \"changes\": {\"status\": 1}}',
        NULL, 1657460517, NULL, NULL),
       (352, 14, 7, 'ax_document_write_off', 32, 'created',
        '{\"model\": {\"id\": 32, \"status\": 2, \"created_at\": 1657466732, \"updated_at\": 1657466732, \"fin_transaction_type_id\": 1, \"catalog_storage_place_id\": 1}, \"changes\": []}',
        NULL, 1657466732, NULL, NULL),
       (353, 14, 7, 'ax_document_write_off_content', 33, 'created',
        '{\"model\": {\"id\": 33, \"price\": 0, \"quantity\": 1, \"created_at\": 1657466732, \"updated_at\": 1657466732, \"document_id\": 32, \"catalog_product_id\": 64}, \"changes\": []}',
        NULL, 1657466732, NULL, NULL),
       (354, 14, 7, 'ax_document_write_off_content', 33, 'updated',
        '{\"model\": {\"id\": 33, \"price\": 0, \"document\": {\"id\": 32, \"status\": 2, \"document\": null, \"created_at\": 1657466732, \"deleted_at\": null, \"updated_at\": 1657466732, \"currency_id\": null, \"document_id\": null, \"fin_transaction_type_id\": 1, \"catalog_storage_place_id\": 1}, \"quantity\": 1, \"created_at\": 1657466732, \"deleted_at\": null, \"updated_at\": 1657466732, \"description\": null, \"document_id\": 32, \"catalog_product_id\": 64, \"catalog_storage_id\": 63}, \"changes\": {\"catalog_storage_id\": 63}}',
        NULL, 1657466732, NULL, NULL),
       (355, 14, 7, 'ax_document_write_off', 32, 'updated',
        '{\"model\": {\"id\": 32, \"status\": 1, \"created_at\": 1657466732, \"updated_at\": 1657466732, \"fin_transaction_type_id\": 1, \"catalog_storage_place_id\": 1}, \"changes\": {\"status\": 1}}',
        NULL, 1657466732, NULL, NULL),
       (356, 14, 7, 'ax_document_write_off', 33, 'created',
        '{\"model\": {\"id\": 33, \"status\": 2, \"created_at\": 1657468485, \"updated_at\": 1657468485, \"fin_transaction_type_id\": 1, \"catalog_storage_place_id\": 1}, \"changes\": []}',
        NULL, 1657468485, NULL, NULL),
       (357, 14, 7, 'ax_document_write_off_content', 34, 'created',
        '{\"model\": {\"id\": 34, \"price\": 0, \"quantity\": 1, \"created_at\": 1657468485, \"updated_at\": 1657468485, \"document_id\": 33, \"catalog_product_id\": 32}, \"changes\": []}',
        NULL, 1657468485, NULL, NULL),
       (358, 14, 7, 'ax_document_write_off_content', 34, 'updated',
        '{\"model\": {\"id\": 34, \"price\": 0, \"document\": {\"id\": 33, \"status\": 2, \"document\": null, \"created_at\": 1657468485, \"deleted_at\": null, \"updated_at\": 1657468485, \"currency_id\": null, \"document_id\": null, \"fin_transaction_type_id\": 1, \"catalog_storage_place_id\": 1}, \"quantity\": 1, \"created_at\": 1657468485, \"deleted_at\": null, \"updated_at\": 1657468485, \"description\": null, \"document_id\": 33, \"catalog_product_id\": 32, \"catalog_storage_id\": 31}, \"changes\": {\"catalog_storage_id\": 31}}',
        NULL, 1657468485, NULL, NULL),
       (359, 14, 7, 'ax_document_write_off', 33, 'updated',
        '{\"model\": {\"id\": 33, \"status\": 1, \"created_at\": 1657468485, \"updated_at\": 1657468485, \"fin_transaction_type_id\": 1, \"catalog_storage_place_id\": 1}, \"changes\": {\"status\": 1}}',
        NULL, 1657468485, NULL, NULL),
       (360, 14, 7, 'ax_document_write_off', 34, 'created',
        '{\"model\": {\"id\": 34, \"status\": 2, \"created_at\": 1657470393, \"updated_at\": 1657470393, \"fin_transaction_type_id\": 1, \"catalog_storage_place_id\": 1}, \"changes\": []}',
        NULL, 1657470393, NULL, NULL),
       (361, 14, 7, 'ax_document_write_off_content', 35, 'created',
        '{\"model\": {\"id\": 35, \"price\": 0, \"quantity\": 1, \"created_at\": 1657470393, \"updated_at\": 1657470393, \"document_id\": 34, \"catalog_product_id\": 58}, \"changes\": []}',
        NULL, 1657470393, NULL, NULL),
       (362, 14, 7, 'ax_document_write_off_content', 35, 'updated',
        '{\"model\": {\"id\": 35, \"price\": 0, \"document\": {\"id\": 34, \"status\": 2, \"document\": null, \"created_at\": 1657470393, \"deleted_at\": null, \"updated_at\": 1657470393, \"currency_id\": null, \"document_id\": null, \"fin_transaction_type_id\": 1, \"catalog_storage_place_id\": 1}, \"quantity\": 1, \"created_at\": 1657470393, \"deleted_at\": null, \"updated_at\": 1657470393, \"description\": null, \"document_id\": 34, \"catalog_product_id\": 58, \"catalog_storage_id\": 61}, \"changes\": {\"catalog_storage_id\": 61}}',
        NULL, 1657470393, NULL, NULL),
       (363, 14, 7, 'ax_document_write_off', 34, 'updated',
        '{\"model\": {\"id\": 34, \"status\": 1, \"created_at\": 1657470393, \"updated_at\": 1657470393, \"fin_transaction_type_id\": 1, \"catalog_storage_place_id\": 1}, \"changes\": {\"status\": 1}}',
        NULL, 1657470393, NULL, NULL),
       (364, 14, 7, 'ax_document_write_off', 35, 'created',
        '{\"model\": {\"id\": 35, \"status\": 2, \"created_at\": 1657472190, \"updated_at\": 1657472190, \"fin_transaction_type_id\": 1, \"catalog_storage_place_id\": 1}, \"changes\": []}',
        NULL, 1657472190, NULL, NULL),
       (365, 14, 7, 'ax_document_write_off_content', 36, 'created',
        '{\"model\": {\"id\": 36, \"price\": 0, \"quantity\": 1, \"created_at\": 1657472190, \"updated_at\": 1657472190, \"document_id\": 35, \"catalog_product_id\": 58}, \"changes\": []}',
        NULL, 1657472190, NULL, NULL),
       (366, 14, 7, 'ax_document_write_off', 36, 'created',
        '{\"model\": {\"id\": 36, \"status\": 2, \"created_at\": 1657475105, \"updated_at\": 1657475105, \"fin_transaction_type_id\": 1, \"catalog_storage_place_id\": 1}, \"changes\": []}',
        NULL, 1657475105, NULL, NULL),
       (367, 14, 7, 'ax_document_write_off_content', 37, 'created',
        '{\"model\": {\"id\": 37, \"price\": 0, \"quantity\": 1, \"created_at\": 1657475105, \"updated_at\": 1657475105, \"document_id\": 36, \"catalog_product_id\": 57}, \"changes\": []}',
        NULL, 1657475105, NULL, NULL),
       (368, 14, 7, 'ax_document_write_off_content', 37, 'updated',
        '{\"model\": {\"id\": 37, \"price\": 0, \"document\": {\"id\": 36, \"status\": 2, \"document\": null, \"created_at\": 1657475105, \"deleted_at\": null, \"updated_at\": 1657475105, \"currency_id\": null, \"document_id\": null, \"fin_transaction_type_id\": 1, \"catalog_storage_place_id\": 1}, \"quantity\": 1, \"created_at\": 1657475105, \"deleted_at\": null, \"updated_at\": 1657475105, \"description\": null, \"document_id\": 36, \"catalog_product_id\": 57, \"catalog_storage_id\": 62}, \"changes\": {\"catalog_storage_id\": 62}}',
        NULL, 1657475105, NULL, NULL),
       (369, 14, 7, 'ax_document_write_off', 36, 'updated',
        '{\"model\": {\"id\": 36, \"status\": 1, \"created_at\": 1657475105, \"updated_at\": 1657475105, \"fin_transaction_type_id\": 1, \"catalog_storage_place_id\": 1}, \"changes\": {\"status\": 1}}',
        NULL, 1657475105, NULL, NULL),
       (370, 19, 7, 'ax_document_write_off', 37, 'created',
        '{\"model\": {\"id\": 37, \"status\": 2, \"created_at\": 1657532007, \"updated_at\": 1657532007, \"fin_transaction_type_id\": 1, \"catalog_storage_place_id\": 1}, \"changes\": []}',
        NULL, 1657532007, NULL, NULL),
       (371, 19, 7, 'ax_document_write_off_content', 38, 'created',
        '{\"model\": {\"id\": 38, \"price\": 0, \"quantity\": 1, \"created_at\": 1657532007, \"updated_at\": 1657532007, \"document_id\": 37, \"catalog_product_id\": 43}, \"changes\": []}',
        NULL, 1657532007, NULL, NULL),
       (372, 19, 7, 'ax_document_write_off_content', 38, 'updated',
        '{\"model\": {\"id\": 38, \"price\": 0, \"document\": {\"id\": 37, \"status\": 2, \"document\": null, \"created_at\": 1657532007, \"deleted_at\": null, \"updated_at\": 1657532007, \"currency_id\": null, \"document_id\": null, \"fin_transaction_type_id\": 1, \"catalog_storage_place_id\": 1}, \"quantity\": 1, \"created_at\": 1657532007, \"deleted_at\": null, \"updated_at\": 1657532007, \"description\": null, \"document_id\": 37, \"catalog_product_id\": 43, \"catalog_storage_id\": 42}, \"changes\": {\"catalog_storage_id\": 42}}',
        NULL, 1657532007, NULL, NULL),
       (373, 19, 7, 'ax_document_write_off', 37, 'updated',
        '{\"model\": {\"id\": 37, \"status\": 1, \"created_at\": 1657532007, \"updated_at\": 1657532007, \"fin_transaction_type_id\": 1, \"catalog_storage_place_id\": 1}, \"changes\": {\"status\": 1}}',
        NULL, 1657532007, NULL, NULL),
       (374, 19, 7, 'ax_document_write_off', 38, 'created',
        '{\"model\": {\"id\": 38, \"status\": 2, \"created_at\": 1657532007, \"updated_at\": 1657532007, \"fin_transaction_type_id\": 1, \"catalog_storage_place_id\": 1}, \"changes\": []}',
        NULL, 1657532007, NULL, NULL),
       (375, 19, 7, 'ax_document_write_off_content', 39, 'created',
        '{\"model\": {\"id\": 39, \"price\": 0, \"quantity\": 1, \"created_at\": 1657532007, \"updated_at\": 1657532007, \"document_id\": 38, \"catalog_product_id\": 43}, \"changes\": []}',
        NULL, 1657532007, NULL, NULL),
       (376, 19, 7, 'ax_document_reservation', 1, 'created',
        '{\"model\": {\"id\": 1, \"status\": 2, \"created_at\": 1657540216, \"updated_at\": 1657540216, \"counterparty_id\": 1, \"fin_transaction_type_id\": 1, \"catalog_storage_place_id\": 1}, \"changes\": []}',
        NULL, 1657540216, NULL, NULL),
       (377, 19, 7, 'ax_document_reservation_content', 1, 'created',
        '{\"model\": {\"id\": 1, \"price\": 1300, \"quantity\": 1, \"created_at\": 1657540216, \"updated_at\": 1657540216, \"document_id\": 1, \"catalog_product_id\": 44}, \"changes\": []}',
        NULL, 1657540216, NULL, NULL),
       (378, 19, 7, 'ax_catalog_basket', 5, 'created',
        '{\"model\": {\"id\": 5, \"status\": 2, \"user_id\": 7, \"quantity\": 1, \"created_at\": 1657540344, \"updated_at\": 1657540344, \"currency_id\": null, \"document_order_id\": null, \"catalog_product_id\": 44}, \"changes\": []}',
        NULL, 1657540344, NULL, NULL),
       (379, 19, 7, 'ax_catalog_basket', 5, 'deleted',
        '{\"model\": {\"id\": 5, \"status\": 2, \"user_id\": 7, \"quantity\": 1, \"created_at\": 1657540344, \"deleted_at\": null, \"updated_at\": 1657540344, \"currency_id\": null, \"document_order_id\": null, \"catalog_product_id\": 44}, \"changes\": []}',
        NULL, 1657540352, NULL, NULL),
       (380, 19, 7, 'ax_document_write_off', 39, 'created',
        '{\"model\": {\"id\": 39, \"status\": 2, \"created_at\": 1657541961, \"updated_at\": 1657541961, \"fin_transaction_type_id\": 1, \"catalog_storage_place_id\": 1}, \"changes\": []}',
        NULL, 1657541961, NULL, NULL),
       (381, 19, 7, 'ax_document_write_off_content', 40, 'created',
        '{\"model\": {\"id\": 40, \"price\": 0, \"quantity\": 1, \"created_at\": 1657541961, \"updated_at\": 1657541961, \"document_id\": 39, \"catalog_product_id\": 44}, \"changes\": []}',
        NULL, 1657541961, NULL, NULL),
       (382, 19, 7, 'ax_document_write_off_content', 40, 'updated',
        '{\"model\": {\"id\": 40, \"price\": 0, \"document\": {\"id\": 39, \"status\": 2, \"document\": null, \"created_at\": 1657541961, \"deleted_at\": null, \"updated_at\": 1657541961, \"currency_id\": null, \"document_id\": null, \"fin_transaction_type_id\": 1, \"catalog_storage_place_id\": 1}, \"quantity\": 1, \"created_at\": 1657541961, \"deleted_at\": null, \"updated_at\": 1657541961, \"description\": null, \"document_id\": 39, \"catalog_product_id\": 44, \"catalog_storage_id\": 43}, \"changes\": {\"catalog_storage_id\": 43}}',
        NULL, 1657541961, NULL, NULL),
       (383, 19, 7, 'ax_document_write_off', 39, 'updated',
        '{\"model\": {\"id\": 39, \"status\": 1, \"created_at\": 1657541961, \"updated_at\": 1657541961, \"fin_transaction_type_id\": 1, \"catalog_storage_place_id\": 1}, \"changes\": {\"status\": 1}}',
        NULL, 1657541961, NULL, NULL),
       (384, 20, NULL, 'ax_user', 11, 'created',
        '{\"model\": {\"id\": 11, \"phone\": 9689738653, \"status\": 9, \"is_email\": 0, \"is_phone\": 1, \"last_name\": \"Куневич\", \"created_at\": 1657567747, \"first_name\": \"Оксана\", \"updated_at\": 1657567747, \"password_hash\": \"$2y$10$EmHGnctbAwJsfzpC8rN/heJxfI7biTIRqqmvAo7tmrROJyGEAC/ue\"}, \"changes\": []}',
        NULL, 1657567747, NULL, NULL),
       (385, 20, 11, 'ax_user', 11, 'login',
        '{\"model\": {\"id\": 11, \"phone\": 9689738653, \"roles\": [], \"status\": 9, \"is_email\": 0, \"is_phone\": 1, \"last_name\": \"Куневич\", \"created_at\": 1657567747, \"first_name\": \"Оксана\", \"updated_at\": 1657567747, \"password_hash\": \"$2y$10$EmHGnctbAwJsfzpC8rN/heJxfI7biTIRqqmvAo7tmrROJyGEAC/ue\"}, \"changes\": []}',
        NULL, 1657567747, NULL, NULL),
       (386, 20, 11, 'ax_catalog_basket', 6, 'created',
        '{\"model\": {\"id\": 6, \"status\": 2, \"user_id\": 11, \"quantity\": 1, \"created_at\": 1657567747, \"updated_at\": 1657567747, \"currency_id\": null, \"document_order_id\": null, \"catalog_product_id\": 52}, \"changes\": []}',
        NULL, 1657567747, NULL, NULL),
       (387, 20, 11, 'ax_document_order', 3, 'created',
        '{\"model\": {\"id\": 3, \"uuid\": \"a2d79323-ff36-4ddb-8f7d-bc45f9f55bbd\", \"status\": 2, \"created_at\": 1657567747, \"updated_at\": 1657567747, \"delivery_cost\": 350, \"counterparty_id\": 4, \"payment_order_id\": null, \"catalog_payment_type_id\": 1, \"fin_transaction_type_id\": 1, \"catalog_delivery_type_id\": 1, \"catalog_storage_place_id\": 1, \"catalog_payment_status_id\": 2, \"catalog_delivery_status_id\": 1}, \"changes\": []}',
        NULL, 1657567747, NULL, NULL),
       (388, 20, 11, 'ax_document_order', 3, 'updated',
        '{\"model\": {\"id\": 3, \"ip\": \"91.193.177.199\", \"uuid\": \"a2d79323-ff36-4ddb-8f7d-bc45f9f55bbd\", \"status\": 1, \"fin_name\": \"debit\", \"fin_title\": \"Расход\", \"created_at\": 1657567747, \"deleted_at\": null, \"updated_at\": 1657567826, \"address_city\": \"Москва\", \"coupon_value\": null, \"address_house\": \"33, ПВЗ СДЭК\", \"address_index\": null, \"delivery_cost\": 350, \"payment_title\": \"Банковской картой\", \"address_region\": \"Москва\", \"address_street\": \"Проезд Шокальского\", \"delivery_title\": \"Служба доставки СДЭК\", \"payment_status\": \"Не оплачен\", \"user_last_name\": \"Куневич\", \"basket_products\": [{\"id\": 6, \"price\": 1300, \"title\": \"✶ Ежевика ✶\", \"status\": 2, \"user_id\": 11, \"in_stock\": 1, \"quantity\": 1, \"created_at\": 1657567747, \"deleted_at\": null, \"in_reserve\": 0, \"updated_at\": 1657567747, \"currency_id\": null, \"document_order_id\": 3, \"catalog_product_id\": 52}], \"counterparty_id\": 4, \"coupon_discount\": null, \"delivery_status\": \"В обработке\", \"individual_name\": \"Куневич\", \"user_first_name\": \"Оксана\", \"document_sale_id\": null, \"individual_email\": null, \"individual_phone\": 9689738653, \"payment_order_id\": null, \"address_apartment\": null, \"catalog_coupon_id\": null, \"individual_first_name\": \"Оксана\", \"individual_patronymic\": null, \"catalog_payment_type_id\": 1, \"fin_transaction_type_id\": 1, \"catalog_delivery_type_id\": 1, \"catalog_storage_place_id\": 1, \"catalog_payment_status_id\": 2, \"catalog_delivery_status_id\": 1}, \"changes\": {\"status\": 1, \"updated_at\": 1657567826}}',
        NULL, 1657567826, NULL, NULL),
       (389, 20, 11, 'ax_document_order', 3, 'updated',
        '{\"model\": {\"id\": 3, \"ip\": \"91.193.177.199\", \"uuid\": \"a2d79323-ff36-4ddb-8f7d-bc45f9f55bbd\", \"status\": 1, \"fin_name\": \"debit\", \"fin_title\": \"Расход\", \"created_at\": 1657567747, \"deleted_at\": null, \"updated_at\": 1657567826, \"address_city\": \"Москва\", \"coupon_value\": null, \"address_house\": \"33, ПВЗ СДЭК\", \"address_index\": null, \"delivery_cost\": 350, \"payment_title\": \"Банковской картой\", \"address_region\": \"Москва\", \"address_street\": \"Проезд Шокальского\", \"delivery_title\": \"Служба доставки СДЭК\", \"payment_status\": \"Не оплачен\", \"user_last_name\": \"Куневич\", \"basket_products\": [{\"id\": 6, \"price\": 1300, \"title\": \"✶ Ежевика ✶\", \"status\": 2, \"user_id\": 11, \"in_stock\": 1, \"quantity\": 1, \"created_at\": 1657567747, \"deleted_at\": null, \"in_reserve\": 0, \"updated_at\": 1657567747, \"currency_id\": null, \"document_order_id\": 3, \"catalog_product_id\": 52}], \"counterparty_id\": 4, \"coupon_discount\": null, \"delivery_status\": \"В обработке\", \"individual_name\": \"Куневич\", \"user_first_name\": \"Оксана\", \"document_sale_id\": null, \"individual_email\": null, \"individual_phone\": 9689738653, \"payment_order_id\": \"e494b2ca-57e6-70c8-9b7d-8a1b0443bd58\", \"address_apartment\": null, \"catalog_coupon_id\": null, \"individual_first_name\": \"Оксана\", \"individual_patronymic\": null, \"catalog_payment_type_id\": 1, \"fin_transaction_type_id\": 1, \"catalog_delivery_type_id\": 1, \"catalog_storage_place_id\": 1, \"catalog_payment_status_id\": 2, \"catalog_delivery_status_id\": 1}, \"changes\": {\"payment_order_id\": \"e494b2ca-57e6-70c8-9b7d-8a1b0443bd58\"}}',
        NULL, 1657567826, NULL, NULL),
       (390, 20, 11, 'ax_document_sale', 2, 'created',
        '{\"model\": {\"id\": 2, \"status\": 2, \"document\": \"ax_document_order\", \"created_at\": 1657568199, \"updated_at\": 1657568199, \"document_id\": 3, \"counterparty_id\": 4, \"fin_transaction_type_id\": 1, \"catalog_storage_place_id\": 1}, \"changes\": []}',
        NULL, 1657568200, NULL, NULL),
       (391, 20, 11, 'ax_document_sale_content', 2, 'created',
        '{\"model\": {\"id\": 2, \"price\": 1300, \"quantity\": 1, \"created_at\": 1657568200, \"updated_at\": 1657568200, \"document_id\": 2, \"catalog_product_id\": 52}, \"changes\": []}',
        NULL, 1657568200, NULL, NULL),
       (392, 20, 11, 'ax_document_sale_content', 2, 'updated',
        '{\"model\": {\"id\": 2, \"price\": 1300, \"document\": {\"id\": 2, \"status\": 2, \"document\": \"ax_document_order\", \"created_at\": 1657568199, \"deleted_at\": null, \"updated_at\": 1657568199, \"currency_id\": null, \"document_id\": 3, \"counterparty_id\": 4, \"fin_transaction_type_id\": 1, \"catalog_storage_place_id\": 1}, \"quantity\": 1, \"created_at\": 1657568200, \"deleted_at\": null, \"updated_at\": 1657568200, \"description\": null, \"document_id\": 2, \"catalog_product_id\": 52, \"catalog_storage_id\": 51}, \"changes\": {\"catalog_storage_id\": 51}}',
        NULL, 1657568200, NULL, NULL),
       (393, 20, 11, 'ax_document_sale', 2, 'updated',
        '{\"model\": {\"id\": 2, \"status\": 1, \"document\": \"ax_document_order\", \"created_at\": 1657568199, \"updated_at\": 1657568200, \"document_id\": 3, \"counterparty_id\": 4, \"fin_transaction_type_id\": 1, \"catalog_storage_place_id\": 1}, \"changes\": {\"status\": 1, \"updated_at\": 1657568200}}',
        NULL, 1657568200, NULL, NULL),
       (394, 20, 11, 'ax_document_order', 3, 'updated',
        '{\"model\": {\"id\": 3, \"ip\": \"91.193.177.199\", \"uuid\": \"a2d79323-ff36-4ddb-8f7d-bc45f9f55bbd\", \"status\": 1, \"fin_name\": \"debit\", \"fin_title\": \"Расход\", \"created_at\": 1657567747, \"deleted_at\": null, \"updated_at\": 1657568200, \"address_city\": \"Москва\", \"coupon_value\": null, \"address_house\": \"33, ПВЗ СДЭК\", \"address_index\": null, \"delivery_cost\": 350, \"payment_title\": \"Банковской картой\", \"address_region\": \"Москва\", \"address_street\": \"Проезд Шокальского\", \"delivery_title\": \"Служба доставки СДЭК\", \"payment_status\": \"Не оплачен\", \"user_last_name\": \"Куневич\", \"counterparty_id\": 4, \"coupon_discount\": null, \"delivery_status\": \"В обработке\", \"individual_name\": \"Куневич\", \"user_first_name\": \"Оксана\", \"document_sale_id\": null, \"individual_email\": null, \"individual_phone\": 9689738653, \"payment_order_id\": \"e494b2ca-57e6-70c8-9b7d-8a1b0443bd58\", \"address_apartment\": null, \"catalog_coupon_id\": null, \"individual_first_name\": \"Оксана\", \"individual_patronymic\": null, \"catalog_payment_type_id\": 1, \"fin_transaction_type_id\": 1, \"catalog_delivery_type_id\": 1, \"catalog_storage_place_id\": 1, \"catalog_payment_status_id\": 1, \"catalog_delivery_status_id\": 1}, \"changes\": {\"updated_at\": 1657568200, \"catalog_payment_status_id\": 1}}',
        NULL, 1657568200, NULL, NULL),
       (395, 19, 7, 'ax_document_coming', 59, 'created',
        '{\"model\": {\"id\": 59, \"status\": 2, \"created_at\": 1657608339, \"updated_at\": 1657608339, \"counterparty_id\": 1, \"fin_transaction_type_id\": 2, \"catalog_storage_place_id\": 1}, \"changes\": []}',
        NULL, 1657608339, NULL, NULL),
       (396, 19, 7, 'ax_document_coming_content', 68, 'created',
        '{\"model\": {\"id\": 68, \"price\": 1300, \"quantity\": 11, \"price_out\": 0, \"created_at\": 1657608339, \"updated_at\": 1657608339, \"document_id\": 59, \"catalog_product_id\": 44}, \"changes\": []}',
        NULL, 1657608339, NULL, NULL),
       (397, 19, 7, 'ax_document_coming_content', 68, 'updated',
        '{\"model\": {\"id\": 68, \"price\": 1300, \"quantity\": 1111, \"price_out\": 1300, \"created_at\": 1657608339, \"deleted_at\": null, \"updated_at\": 1657608374, \"description\": null, \"document_id\": 59, \"catalog_product_id\": 44, \"catalog_storage_id\": null}, \"changes\": {\"quantity\": 1111, \"price_out\": 1300, \"updated_at\": 1657608374}}',
        NULL, 1657608374, NULL, NULL),
       (398, 19, 7, 'ax_document_coming_content', 68, 'updated',
        '{\"model\": {\"id\": 68, \"price\": 1300, \"document\": {\"id\": 59, \"status\": 2, \"document\": null, \"created_at\": 1657608339, \"deleted_at\": null, \"updated_at\": 1657608339, \"currency_id\": null, \"document_id\": null, \"counterparty_id\": 1, \"fin_transaction_type_id\": 2, \"catalog_storage_place_id\": 1}, \"quantity\": 1111, \"price_out\": 1300, \"created_at\": 1657608339, \"deleted_at\": null, \"updated_at\": 1657608374, \"description\": null, \"document_id\": 59, \"catalog_product_id\": 44, \"catalog_storage_id\": 43}, \"changes\": {\"catalog_storage_id\": 43}}',
        NULL, 1657608374, NULL, NULL),
       (399, 19, 7, 'ax_document_coming', 59, 'updated',
        '{\"model\": {\"id\": 59, \"ip\": \"178.176.219.166\", \"status\": 1, \"document\": null, \"fin_name\": \"credit\", \"fin_title\": \"Приход\", \"created_at\": 1657608339, \"deleted_at\": null, \"updated_at\": 1657608374, \"currency_id\": null, \"document_id\": null, \"user_last_name\": \"Dimmagio\", \"counterparty_id\": 1, \"individual_name\": \"Dimmagio\", \"user_first_name\": \"Dimmagio\", \"counterparty_name\": null, \"storage_place_title\": \"Главный склад\", \"fin_transaction_type_id\": 2, \"catalog_storage_place_id\": 1}, \"changes\": {\"status\": 1, \"updated_at\": 1657608374}}',
        NULL, 1657608374, NULL, NULL),
       (400, 21, 11, 'ax_user', 11, 'login',
        '{\"model\": {\"id\": 11, \"email\": null, \"phone\": 9689738653, \"roles\": [], \"avatar\": null, \"status\": 9, \"auth_key\": null, \"is_email\": 0, \"is_phone\": 1, \"last_name\": \"Куневич\", \"created_at\": 1657567747, \"deleted_at\": null, \"first_name\": \"Оксана\", \"patronymic\": null, \"updated_at\": 1657567747, \"password_hash\": \"$2y$10$EmHGnctbAwJsfzpC8rN/heJxfI7biTIRqqmvAo7tmrROJyGEAC/ue\", \"password_reset_token\": null}, \"changes\": []}',
        NULL, 1657608464, NULL, NULL),
       (401, 21, 11, 'ax_catalog_basket', 6, 'deleted',
        '{\"model\": {\"id\": 6, \"status\": 1, \"user_id\": 11, \"quantity\": 1, \"created_at\": 1657567747, \"deleted_at\": null, \"updated_at\": 1657567826, \"currency_id\": null, \"document_order_id\": 3, \"catalog_product_id\": 52}, \"changes\": []}',
        NULL, 1657608464, NULL, NULL),
       (402, 21, 11, 'ax_catalog_basket', 7, 'created',
        '{\"model\": {\"id\": 7, \"status\": 2, \"user_id\": 11, \"quantity\": 1, \"created_at\": 1657608464, \"updated_at\": 1657608464, \"currency_id\": null, \"document_order_id\": null, \"catalog_product_id\": 44}, \"changes\": []}',
        NULL, 1657608464, NULL, NULL),
       (403, 21, 11, 'ax_document_order', 4, 'created',
        '{\"model\": {\"id\": 4, \"uuid\": \"eb971320-c2bf-4bde-9b2e-f26110541c3c\", \"status\": 2, \"created_at\": 1657608464, \"updated_at\": 1657608464, \"delivery_cost\": 350, \"counterparty_id\": 4, \"payment_order_id\": null, \"catalog_payment_type_id\": 1, \"fin_transaction_type_id\": 1, \"catalog_delivery_type_id\": 1, \"catalog_storage_place_id\": 1, \"catalog_payment_status_id\": 2, \"catalog_delivery_status_id\": 1}, \"changes\": []}',
        NULL, 1657608464, NULL, NULL),
       (404, 21, 11, 'ax_document_order', 4, 'updated',
        '{\"model\": {\"id\": 4, \"ip\": \"94.29.22.170\", \"uuid\": \"eb971320-c2bf-4bde-9b2e-f26110541c3c\", \"status\": 1, \"fin_name\": \"debit\", \"fin_title\": \"Расход\", \"created_at\": 1657608464, \"deleted_at\": null, \"updated_at\": 1657608471, \"address_city\": \"Москва\", \"coupon_value\": null, \"address_house\": \"33, ПВЗ СДЭК\", \"address_index\": null, \"delivery_cost\": 350, \"payment_title\": \"Банковской картой\", \"address_region\": \"Москва\", \"address_street\": \"Проезд Шокальского\", \"delivery_title\": \"Служба доставки СДЭК\", \"payment_status\": \"Не оплачен\", \"user_last_name\": \"Куневич\", \"basket_products\": [{\"id\": 7, \"price\": 1300, \"title\": \"✶ Рыбы-Рыбы ✶\", \"status\": 2, \"user_id\": 11, \"in_stock\": 1111, \"quantity\": 1, \"created_at\": 1657608464, \"deleted_at\": null, \"in_reserve\": 0, \"updated_at\": 1657608464, \"currency_id\": null, \"document_order_id\": 4, \"catalog_product_id\": 44}], \"counterparty_id\": 4, \"coupon_discount\": null, \"delivery_status\": \"В обработке\", \"individual_name\": \"Куневич\", \"user_first_name\": \"Оксана\", \"document_sale_id\": null, \"individual_email\": null, \"individual_phone\": 9689738653, \"payment_order_id\": null, \"address_apartment\": null, \"catalog_coupon_id\": null, \"individual_first_name\": \"Оксана\", \"individual_patronymic\": null, \"catalog_payment_type_id\": 1, \"fin_transaction_type_id\": 1, \"catalog_delivery_type_id\": 1, \"catalog_storage_place_id\": 1, \"catalog_payment_status_id\": 2, \"catalog_delivery_status_id\": 1}, \"changes\": {\"status\": 1, \"updated_at\": 1657608471}}',
        NULL, 1657608471, NULL, NULL),
       (405, 21, 11, 'ax_document_order', 4, 'updated',
        '{\"model\": {\"id\": 4, \"ip\": \"94.29.22.170\", \"uuid\": \"eb971320-c2bf-4bde-9b2e-f26110541c3c\", \"status\": 1, \"fin_name\": \"debit\", \"fin_title\": \"Расход\", \"created_at\": 1657608464, \"deleted_at\": null, \"updated_at\": 1657608472, \"address_city\": \"Москва\", \"coupon_value\": null, \"address_house\": \"33, ПВЗ СДЭК\", \"address_index\": null, \"delivery_cost\": 350, \"payment_title\": \"Банковской картой\", \"address_region\": \"Москва\", \"address_street\": \"Проезд Шокальского\", \"delivery_title\": \"Служба доставки СДЭК\", \"payment_status\": \"Не оплачен\", \"user_last_name\": \"Куневич\", \"basket_products\": [{\"id\": 7, \"price\": 1300, \"title\": \"✶ Рыбы-Рыбы ✶\", \"status\": 2, \"user_id\": 11, \"in_stock\": 1111, \"quantity\": 1, \"created_at\": 1657608464, \"deleted_at\": null, \"in_reserve\": 0, \"updated_at\": 1657608464, \"currency_id\": null, \"document_order_id\": 4, \"catalog_product_id\": 44}], \"counterparty_id\": 4, \"coupon_discount\": null, \"delivery_status\": \"В обработке\", \"individual_name\": \"Куневич\", \"user_first_name\": \"Оксана\", \"document_sale_id\": null, \"individual_email\": null, \"individual_phone\": 9689738653, \"payment_order_id\": \"0577469d-d717-7785-a69e-358d0443bd58\", \"address_apartment\": null, \"catalog_coupon_id\": null, \"individual_first_name\": \"Оксана\", \"individual_patronymic\": null, \"catalog_payment_type_id\": 1, \"fin_transaction_type_id\": 1, \"catalog_delivery_type_id\": 1, \"catalog_storage_place_id\": 1, \"catalog_payment_status_id\": 2, \"catalog_delivery_status_id\": 1}, \"changes\": {\"updated_at\": 1657608472, \"payment_order_id\": \"0577469d-d717-7785-a69e-358d0443bd58\"}}',
        NULL, 1657608472, NULL, NULL),
       (406, 21, 11, 'ax_user', 11, 'login',
        '{\"model\": {\"id\": 11, \"email\": null, \"phone\": 9689738653, \"roles\": [], \"avatar\": null, \"status\": 9, \"auth_key\": null, \"is_email\": 0, \"is_phone\": 1, \"last_name\": \"Куневич\", \"created_at\": 1657567747, \"deleted_at\": null, \"first_name\": \"Оксана\", \"patronymic\": null, \"updated_at\": 1657567747, \"password_hash\": \"$2y$10$EmHGnctbAwJsfzpC8rN/heJxfI7biTIRqqmvAo7tmrROJyGEAC/ue\", \"password_reset_token\": null}, \"changes\": []}',
        NULL, 1657608927, NULL, NULL),
       (407, 21, 11, 'ax_catalog_basket', 7, 'deleted',
        '{\"model\": {\"id\": 7, \"status\": 1, \"user_id\": 11, \"quantity\": 1, \"created_at\": 1657608464, \"deleted_at\": null, \"updated_at\": 1657608472, \"currency_id\": null, \"document_order_id\": 4, \"catalog_product_id\": 44}, \"changes\": []}',
        NULL, 1657608927, NULL, NULL),
       (408, 21, 11, 'ax_catalog_basket', 8, 'created',
        '{\"model\": {\"id\": 8, \"status\": 2, \"user_id\": 11, \"quantity\": 1, \"created_at\": 1657608927, \"updated_at\": 1657608927, \"currency_id\": null, \"document_order_id\": null, \"catalog_product_id\": 44}, \"changes\": []}',
        NULL, 1657608927, NULL, NULL),
       (409, 21, 11, 'ax_document_order', 5, 'created',
        '{\"model\": {\"id\": 5, \"uuid\": \"54afb2df-6b42-4732-b39b-037cc8e22b94\", \"status\": 2, \"created_at\": 1657608927, \"updated_at\": 1657608927, \"delivery_cost\": 350, \"counterparty_id\": 4, \"payment_order_id\": null, \"catalog_payment_type_id\": 1, \"fin_transaction_type_id\": 1, \"catalog_delivery_type_id\": 1, \"catalog_storage_place_id\": 1, \"catalog_payment_status_id\": 2, \"catalog_delivery_status_id\": 1}, \"changes\": []}',
        NULL, 1657608927, NULL, NULL),
       (410, 21, 11, 'ax_document_order', 5, 'updated',
        '{\"model\": {\"id\": 5, \"ip\": \"94.29.22.170\", \"uuid\": \"54afb2df-6b42-4732-b39b-037cc8e22b94\", \"status\": 1, \"fin_name\": \"debit\", \"fin_title\": \"Расход\", \"created_at\": 1657608927, \"deleted_at\": null, \"updated_at\": 1657608930, \"address_city\": \"Москва\", \"coupon_value\": null, \"address_house\": \"33 ПВЗ СДЭК\", \"address_index\": null, \"delivery_cost\": 350, \"payment_title\": \"Банковской картой\", \"address_region\": \"Москва\", \"address_street\": \"Шокальского проезд\", \"delivery_title\": \"Служба доставки СДЭК\", \"payment_status\": \"Не оплачен\", \"user_last_name\": \"Куневич\", \"basket_products\": [{\"id\": 8, \"price\": 1300, \"title\": \"✶ Рыбы-Рыбы ✶\", \"status\": 2, \"user_id\": 11, \"in_stock\": 1110, \"quantity\": 1, \"created_at\": 1657608927, \"deleted_at\": null, \"in_reserve\": 1, \"updated_at\": 1657608927, \"currency_id\": null, \"document_order_id\": 5, \"catalog_product_id\": 44}], \"counterparty_id\": 4, \"coupon_discount\": null, \"delivery_status\": \"В обработке\", \"individual_name\": \"Куневич\", \"user_first_name\": \"Оксана\", \"document_sale_id\": null, \"individual_email\": null, \"individual_phone\": 9689738653, \"payment_order_id\": null, \"address_apartment\": null, \"catalog_coupon_id\": null, \"individual_first_name\": \"Оксана\", \"individual_patronymic\": null, \"catalog_payment_type_id\": 1, \"fin_transaction_type_id\": 1, \"catalog_delivery_type_id\": 1, \"catalog_storage_place_id\": 1, \"catalog_payment_status_id\": 2, \"catalog_delivery_status_id\": 1}, \"changes\": {\"status\": 1, \"updated_at\": 1657608930}}',
        NULL, 1657608930, NULL, NULL),
       (411, 21, 11, 'ax_document_order', 5, 'updated',
        '{\"model\": {\"id\": 5, \"ip\": \"94.29.22.170\", \"uuid\": \"54afb2df-6b42-4732-b39b-037cc8e22b94\", \"status\": 1, \"fin_name\": \"debit\", \"fin_title\": \"Расход\", \"created_at\": 1657608927, \"deleted_at\": null, \"updated_at\": 1657608930, \"address_city\": \"Москва\", \"coupon_value\": null, \"address_house\": \"33 ПВЗ СДЭК\", \"address_index\": null, \"delivery_cost\": 350, \"payment_title\": \"Банковской картой\", \"address_region\": \"Москва\", \"address_street\": \"Шокальского проезд\", \"delivery_title\": \"Служба доставки СДЭК\", \"payment_status\": \"Не оплачен\", \"user_last_name\": \"Куневич\", \"basket_products\": [{\"id\": 8, \"price\": 1300, \"title\": \"✶ Рыбы-Рыбы ✶\", \"status\": 2, \"user_id\": 11, \"in_stock\": 1110, \"quantity\": 1, \"created_at\": 1657608927, \"deleted_at\": null, \"in_reserve\": 1, \"updated_at\": 1657608927, \"currency_id\": null, \"document_order_id\": 5, \"catalog_product_id\": 44}], \"counterparty_id\": 4, \"coupon_discount\": null, \"delivery_status\": \"В обработке\", \"individual_name\": \"Куневич\", \"user_first_name\": \"Оксана\", \"document_sale_id\": null, \"individual_email\": null, \"individual_phone\": 9689738653, \"payment_order_id\": \"0ba22b10-301a-77f8-a73e-bc9b0443bd58\", \"address_apartment\": null, \"catalog_coupon_id\": null, \"individual_first_name\": \"Оксана\", \"individual_patronymic\": null, \"catalog_payment_type_id\": 1, \"fin_transaction_type_id\": 1, \"catalog_delivery_type_id\": 1, \"catalog_storage_place_id\": 1, \"catalog_payment_status_id\": 2, \"catalog_delivery_status_id\": 1}, \"changes\": {\"payment_order_id\": \"0ba22b10-301a-77f8-a73e-bc9b0443bd58\"}}',
        NULL, 1657608930, NULL, NULL),
       (412, 21, 11, 'ax_document_sale', 3, 'created',
        '{\"model\": {\"id\": 3, \"status\": 2, \"document\": \"ax_document_order\", \"created_at\": 1657609113, \"updated_at\": 1657609113, \"document_id\": 5, \"counterparty_id\": 4, \"fin_transaction_type_id\": 1, \"catalog_storage_place_id\": 1}, \"changes\": []}',
        NULL, 1657609113, NULL, NULL),
       (413, 21, 11, 'ax_document_sale_content', 3, 'created',
        '{\"model\": {\"id\": 3, \"price\": 1300, \"quantity\": 1, \"created_at\": 1657609113, \"updated_at\": 1657609113, \"document_id\": 3, \"catalog_product_id\": 44}, \"changes\": []}',
        NULL, 1657609113, NULL, NULL),
       (414, 21, 11, 'ax_document_sale_content', 3, 'updated',
        '{\"model\": {\"id\": 3, \"price\": 1300, \"document\": {\"id\": 3, \"status\": 2, \"document\": \"ax_document_order\", \"created_at\": 1657609113, \"deleted_at\": null, \"updated_at\": 1657609113, \"currency_id\": null, \"document_id\": 5, \"counterparty_id\": 4, \"fin_transaction_type_id\": 1, \"catalog_storage_place_id\": 1}, \"quantity\": 1, \"created_at\": 1657609113, \"deleted_at\": null, \"updated_at\": 1657609113, \"description\": null, \"document_id\": 3, \"catalog_product_id\": 44, \"catalog_storage_id\": 43}, \"changes\": {\"catalog_storage_id\": 43}}',
        NULL, 1657609113, NULL, NULL),
       (415, 21, 11, 'ax_document_sale', 3, 'updated',
        '{\"model\": {\"id\": 3, \"status\": 1, \"document\": \"ax_document_order\", \"created_at\": 1657609113, \"updated_at\": 1657609113, \"document_id\": 5, \"counterparty_id\": 4, \"fin_transaction_type_id\": 1, \"catalog_storage_place_id\": 1}, \"changes\": {\"status\": 1}}',
        NULL, 1657609113, NULL, NULL),
       (416, 21, 11, 'ax_document_order', 5, 'updated',
        '{\"model\": {\"id\": 5, \"ip\": \"94.29.22.170\", \"uuid\": \"54afb2df-6b42-4732-b39b-037cc8e22b94\", \"status\": 1, \"fin_name\": \"debit\", \"fin_title\": \"Расход\", \"created_at\": 1657608927, \"deleted_at\": null, \"updated_at\": 1657609113, \"address_city\": \"Москва\", \"coupon_value\": null, \"address_house\": \"33 ПВЗ СДЭК\", \"address_index\": null, \"delivery_cost\": 350, \"payment_title\": \"Банковской картой\", \"address_region\": \"Москва\", \"address_street\": \"Шокальского проезд\", \"delivery_title\": \"Служба доставки СДЭК\", \"payment_status\": \"Не оплачен\", \"user_last_name\": \"Куневич\", \"counterparty_id\": 4, \"coupon_discount\": null, \"delivery_status\": \"В обработке\", \"individual_name\": \"Куневич\", \"user_first_name\": \"Оксана\", \"document_sale_id\": null, \"individual_email\": null, \"individual_phone\": 9689738653, \"payment_order_id\": \"0ba22b10-301a-77f8-a73e-bc9b0443bd58\", \"address_apartment\": null, \"catalog_coupon_id\": null, \"individual_first_name\": \"Оксана\", \"individual_patronymic\": null, \"catalog_payment_type_id\": 1, \"fin_transaction_type_id\": 1, \"catalog_delivery_type_id\": 1, \"catalog_storage_place_id\": 1, \"catalog_payment_status_id\": 1, \"catalog_delivery_status_id\": 1}, \"changes\": {\"updated_at\": 1657609113, \"catalog_payment_status_id\": 1}}',
        NULL, 1657609113, NULL, NULL),
       (417, 22, 6, 'ax_user', 6, 'login',
        '{\"model\": {\"id\": 6, \"email\": \"axlle@mail.ru\", \"phone\": 9621829550, \"roles\": [{\"id\": 1, \"name\": \"admin\", \"pivot\": {\"role_id\": 1, \"model_id\": 6, \"model_type\": \"App\\\\Common\\\\Models\\\\User\\\\UserWeb\"}, \"created_at\": \"2022-05-03T20:04:28.000000Z\", \"guard_name\": \"web\", \"updated_at\": \"2022-05-03T20:04:28.000000Z\"}, {\"id\": 2, \"name\": \"employee\", \"pivot\": {\"role_id\": 2, \"model_id\": 6, \"model_type\": \"App\\\\Common\\\\Models\\\\User\\\\UserWeb\"}, \"created_at\": \"2022-05-03T20:04:28.000000Z\", \"guard_name\": \"web\", \"updated_at\": \"2022-05-03T20:04:28.000000Z\"}], \"avatar\": \"/upload/ax_user/6/ju3lyoUNVr1L2pVHisqSgtiuGYpuaba0xx6cnP39.jpeg\", \"status\": 10, \"auth_key\": \"kyyBBbb80b3ZflMDdsynKC0B4skxf_gF\", \"is_email\": 1, \"is_phone\": 1, \"last_name\": \"Алексеев\", \"created_at\": 1656279102, \"deleted_at\": null, \"first_name\": \"Алексей\", \"patronymic\": \"Александрович\", \"updated_at\": 1657473823, \"password_hash\": \"$2y$10$oj/5sR/YIYHMmDVAW.a6DORmRDAERffUedxsCjsxiSHMYcTg3HWDe\", \"password_reset_token\": null}, \"changes\": []}',
        NULL, 1657609146, NULL, NULL),
       (418, 22, 6, 'ax_document_write_off', 40, 'created',
        '{\"model\": {\"id\": 40, \"status\": 2, \"created_at\": 1657609408, \"updated_at\": 1657609408, \"fin_transaction_type_id\": 1, \"catalog_storage_place_id\": 1}, \"changes\": []}',
        NULL, 1657609408, NULL, NULL),
       (419, 22, 6, 'ax_document_write_off_content', 41, 'created',
        '{\"model\": {\"id\": 41, \"price\": 1300, \"quantity\": 1109, \"created_at\": 1657609408, \"updated_at\": 1657609408, \"document_id\": 40, \"catalog_product_id\": 44}, \"changes\": []}',
        NULL, 1657609408, NULL, NULL),
       (420, 22, 6, 'ax_document_write_off_content', 41, 'updated',
        '{\"model\": {\"id\": 41, \"price\": 1300, \"document\": {\"id\": 40, \"status\": 2, \"document\": null, \"created_at\": 1657609408, \"deleted_at\": null, \"updated_at\": 1657609408, \"currency_id\": null, \"document_id\": null, \"fin_transaction_type_id\": 1, \"catalog_storage_place_id\": 1}, \"quantity\": 1109, \"created_at\": 1657609408, \"deleted_at\": null, \"updated_at\": 1657609411, \"description\": null, \"document_id\": 40, \"catalog_product_id\": 44, \"catalog_storage_id\": 43}, \"changes\": {\"updated_at\": 1657609411, \"catalog_storage_id\": 43}}',
        NULL, 1657609411, NULL, NULL),
       (421, 22, 6, 'ax_document_write_off', 40, 'updated',
        '{\"model\": {\"id\": 40, \"ip\": \"185.18.110.58\", \"status\": 1, \"document\": null, \"fin_name\": \"debit\", \"fin_title\": \"Расход\", \"created_at\": 1657609408, \"deleted_at\": null, \"updated_at\": 1657609411, \"currency_id\": null, \"document_id\": null, \"user_last_name\": \"Алексеев\", \"user_first_name\": \"Алексей\", \"storage_place_title\": \"Главный склад\", \"fin_transaction_type_id\": 1, \"catalog_storage_place_id\": 1}, \"changes\": {\"status\": 1, \"updated_at\": 1657609411}}',
        NULL, 1657609411, NULL, NULL),
       (422, 22, 6, 'ax_document_reservation_cancel', 1, 'created',
        '{\"model\": {\"id\": 1, \"status\": 2, \"created_at\": 1657609487, \"updated_at\": 1657609487, \"fin_transaction_type_id\": 2, \"catalog_storage_place_id\": 1}, \"changes\": []}',
        NULL, 1657609487, NULL, NULL),
       (423, 22, 6, 'ax_document_reservation_cancel_content', 1, 'created',
        '{\"model\": {\"id\": 1, \"price\": 1300, \"quantity\": 1, \"created_at\": 1657609487, \"updated_at\": 1657609487, \"document_id\": 1, \"catalog_product_id\": 44}, \"changes\": []}',
        NULL, 1657609487, NULL, NULL),
       (424, 22, 6, 'ax_document_reservation_cancel_content', 1, 'updated',
        '{\"model\": {\"id\": 1, \"price\": 1300, \"document\": {\"id\": 1, \"status\": 2, \"document\": null, \"created_at\": 1657609487, \"deleted_at\": null, \"updated_at\": 1657609487, \"currency_id\": null, \"document_id\": null, \"fin_transaction_type_id\": 2, \"catalog_storage_place_id\": 1}, \"quantity\": 1, \"created_at\": 1657609487, \"deleted_at\": null, \"updated_at\": 1657609490, \"description\": null, \"document_id\": 1, \"catalog_product_id\": 44, \"catalog_storage_id\": 43}, \"changes\": {\"updated_at\": 1657609490, \"catalog_storage_id\": 43}}',
        NULL, 1657609490, NULL, NULL),
       (425, 22, 6, 'ax_document_reservation_cancel', 1, 'updated',
        '{\"model\": {\"id\": 1, \"ip\": \"185.18.110.58\", \"status\": 1, \"document\": null, \"fin_name\": \"credit\", \"fin_title\": \"Приход\", \"created_at\": 1657609487, \"deleted_at\": null, \"updated_at\": 1657609490, \"currency_id\": null, \"document_id\": null, \"user_last_name\": \"Алексеев\", \"user_first_name\": \"Алексей\", \"storage_place_title\": \"Главный склад\", \"fin_transaction_type_id\": 2, \"catalog_storage_place_id\": 1}, \"changes\": {\"status\": 1, \"updated_at\": 1657609490}}',
        NULL, 1657609490, NULL, NULL),
       (426, 22, 6, 'ax_document_write_off', 41, 'created',
        '{\"model\": {\"id\": 41, \"status\": 2, \"created_at\": 1657609517, \"updated_at\": 1657609517, \"fin_transaction_type_id\": 1, \"catalog_storage_place_id\": 1}, \"changes\": []}',
        NULL, 1657609517, NULL, NULL),
       (427, 22, 6, 'ax_document_write_off_content', 42, 'created',
        '{\"model\": {\"id\": 42, \"price\": 1300, \"quantity\": 1, \"created_at\": 1657609517, \"updated_at\": 1657609517, \"document_id\": 41, \"catalog_product_id\": 44}, \"changes\": []}',
        NULL, 1657609517, NULL, NULL),
       (428, 22, 6, 'ax_document_write_off_content', 42, 'updated',
        '{\"model\": {\"id\": 42, \"price\": 1300, \"document\": {\"id\": 41, \"status\": 2, \"document\": null, \"created_at\": 1657609517, \"deleted_at\": null, \"updated_at\": 1657609517, \"currency_id\": null, \"document_id\": null, \"fin_transaction_type_id\": 1, \"catalog_storage_place_id\": 1}, \"quantity\": 1, \"created_at\": 1657609517, \"deleted_at\": null, \"updated_at\": 1657609520, \"description\": null, \"document_id\": 41, \"catalog_product_id\": 44, \"catalog_storage_id\": 43}, \"changes\": {\"updated_at\": 1657609520, \"catalog_storage_id\": 43}}',
        NULL, 1657609520, NULL, NULL),
       (429, 22, 6, 'ax_document_write_off', 41, 'updated',
        '{\"model\": {\"id\": 41, \"ip\": \"185.18.110.58\", \"status\": 1, \"document\": null, \"fin_name\": \"debit\", \"fin_title\": \"Расход\", \"created_at\": 1657609517, \"deleted_at\": null, \"updated_at\": 1657609520, \"currency_id\": null, \"document_id\": null, \"user_last_name\": \"Алексеев\", \"user_first_name\": \"Алексей\", \"storage_place_title\": \"Главный склад\", \"fin_transaction_type_id\": 1, \"catalog_storage_place_id\": 1}, \"changes\": {\"status\": 1, \"updated_at\": 1657609520}}',
        NULL, 1657609520, NULL, NULL),
       (430, 23, 6, 'ax_catalog_basket', 9, 'created',
        '{\"model\": {\"id\": 9, \"status\": 2, \"user_id\": 6, \"quantity\": 1, \"created_at\": 1658169869, \"updated_at\": 1658169869, \"currency_id\": null, \"document_order_id\": null, \"catalog_product_id\": 21}, \"changes\": []}',
        NULL, 1658169869, NULL, NULL),
       (431, 23, 6, 'ax_catalog_basket', 4, 'deleted',
        '{\"model\": {\"id\": 4, \"status\": 2, \"user_id\": 6, \"quantity\": 1, \"created_at\": 1656880268, \"deleted_at\": null, \"updated_at\": 1656880268, \"currency_id\": null, \"document_order_id\": null, \"catalog_product_id\": 65}, \"changes\": []}',
        NULL, 1658169874, NULL, NULL),
       (432, 23, 6, 'ax_catalog_basket', 9, 'deleted',
        '{\"model\": {\"id\": 9, \"status\": 2, \"user_id\": 6, \"quantity\": 1, \"created_at\": 1658169869, \"deleted_at\": null, \"updated_at\": 1658169869, \"currency_id\": null, \"document_order_id\": null, \"catalog_product_id\": 21}, \"changes\": []}',
        NULL, 1658169874, NULL, NULL),
       (433, 24, 7, 'ax_document_write_off', 42, 'created',
        '{\"model\": {\"id\": 42, \"status\": 2, \"created_at\": 1658311913, \"updated_at\": 1658311913, \"fin_transaction_type_id\": 1, \"catalog_storage_place_id\": 1}, \"changes\": []}',
        NULL, 1658311913, NULL, NULL),
       (434, 24, 7, 'ax_document_write_off_content', 43, 'created',
        '{\"model\": {\"id\": 43, \"price\": 0, \"quantity\": 1, \"created_at\": 1658311913, \"updated_at\": 1658311913, \"document_id\": 42, \"catalog_product_id\": 59}, \"changes\": []}',
        NULL, 1658311913, NULL, NULL),
       (435, 24, 7, 'ax_document_write_off_content', 43, 'updated',
        '{\"model\": {\"id\": 43, \"price\": 0, \"document\": {\"id\": 42, \"status\": 2, \"document\": null, \"created_at\": 1658311913, \"deleted_at\": null, \"updated_at\": 1658311913, \"currency_id\": null, \"document_id\": null, \"fin_transaction_type_id\": 1, \"catalog_storage_place_id\": 1}, \"quantity\": 1, \"created_at\": 1658311913, \"deleted_at\": null, \"updated_at\": 1658311913, \"description\": null, \"document_id\": 42, \"catalog_product_id\": 59, \"catalog_storage_id\": 60}, \"changes\": {\"catalog_storage_id\": 60}}',
        NULL, 1658311913, NULL, NULL),
       (436, 24, 7, 'ax_document_write_off', 42, 'updated',
        '{\"model\": {\"id\": 42, \"status\": 1, \"created_at\": 1658311913, \"updated_at\": 1658311913, \"fin_transaction_type_id\": 1, \"catalog_storage_place_id\": 1}, \"changes\": {\"status\": 1}}',
        NULL, 1658311913, NULL, NULL),
       (437, 24, 7, 'ax_document_write_off', 43, 'created',
        '{\"model\": {\"id\": 43, \"status\": 2, \"created_at\": 1658311933, \"updated_at\": 1658311933, \"fin_transaction_type_id\": 1, \"catalog_storage_place_id\": 1}, \"changes\": []}',
        NULL, 1658311933, NULL, NULL),
       (438, 24, 7, 'ax_document_write_off_content', 44, 'created',
        '{\"model\": {\"id\": 44, \"price\": 0, \"quantity\": 1, \"created_at\": 1658311933, \"updated_at\": 1658311933, \"document_id\": 43, \"catalog_product_id\": 42}, \"changes\": []}',
        NULL, 1658311933, NULL, NULL),
       (439, 24, 7, 'ax_document_write_off_content', 44, 'updated',
        '{\"model\": {\"id\": 44, \"price\": 0, \"document\": {\"id\": 43, \"status\": 2, \"document\": null, \"created_at\": 1658311933, \"deleted_at\": null, \"updated_at\": 1658311933, \"currency_id\": null, \"document_id\": null, \"fin_transaction_type_id\": 1, \"catalog_storage_place_id\": 1}, \"quantity\": 1, \"created_at\": 1658311933, \"deleted_at\": null, \"updated_at\": 1658311933, \"description\": null, \"document_id\": 43, \"catalog_product_id\": 42, \"catalog_storage_id\": 41}, \"changes\": {\"catalog_storage_id\": 41}}',
        NULL, 1658311933, NULL, NULL),
       (440, 24, 7, 'ax_document_write_off', 43, 'updated',
        '{\"model\": {\"id\": 43, \"status\": 1, \"created_at\": 1658311933, \"updated_at\": 1658311933, \"fin_transaction_type_id\": 1, \"catalog_storage_place_id\": 1}, \"changes\": {\"status\": 1}}',
        NULL, 1658311933, NULL, NULL),
       (441, 25, 6, 'ax_user', 6, 'login',
        '{\"model\": {\"id\": 6, \"email\": \"axlle@mail.ru\", \"phone\": 9621829550, \"roles\": [{\"id\": 1, \"name\": \"admin\", \"pivot\": {\"role_id\": 1, \"model_id\": 6, \"model_type\": \"App\\\\Common\\\\Models\\\\User\\\\UserWeb\"}, \"created_at\": \"2022-05-03T20:04:28.000000Z\", \"guard_name\": \"web\", \"updated_at\": \"2022-05-03T20:04:28.000000Z\"}, {\"id\": 2, \"name\": \"employee\", \"pivot\": {\"role_id\": 2, \"model_id\": 6, \"model_type\": \"App\\\\Common\\\\Models\\\\User\\\\UserWeb\"}, \"created_at\": \"2022-05-03T20:04:28.000000Z\", \"guard_name\": \"web\", \"updated_at\": \"2022-05-03T20:04:28.000000Z\"}], \"avatar\": null, \"status\": 8, \"auth_key\": \"kyyBBbb80b3ZflMDdsynKC0B4skxf_gF\", \"is_email\": 0, \"is_phone\": 0, \"last_name\": \"Алексеев\", \"created_at\": 1659376888, \"deleted_at\": null, \"first_name\": \"Алексей\", \"patronymic\": \"Александрович\", \"updated_at\": null, \"password_hash\": \"$2y$13$DMqEjJJL9gjftb80gCt5n.fOTyoTfAEv/HsQPh2IEQa42bfNsfF5S\", \"password_reset_token\": null}, \"changes\": []}',
        NULL, 1659376947, NULL, NULL),
       (442, 25, 6, 'ax_catalog_basket', 9, 'created',
        '{\"model\": {\"id\": 9, \"status\": 2, \"user_id\": 6, \"quantity\": 1, \"created_at\": 1659376978, \"updated_at\": 1659376978, \"currency_id\": null, \"document_order_id\": null, \"catalog_product_id\": 21}, \"changes\": []}',
        NULL, 1659376978, NULL, NULL),
       (443, 8, 7, 'ax_catalog_basket', 10, 'created',
        '{\"model\": {\"id\": 10, \"status\": 2, \"user_id\": 7, \"quantity\": 1, \"created_at\": 1659433900, \"updated_at\": 1659433900, \"currency_id\": null, \"document_order_id\": null, \"catalog_product_id\": 62}, \"changes\": []}',
        NULL, 1659433900, NULL, NULL),
       (444, 27, 7, 'ax_user', 7, 'login',
        '{\"model\": {\"id\": 7, \"email\": \"redscool@mail.ru\", \"phone\": 9284252522, \"roles\": [{\"id\": 1, \"name\": \"admin\", \"pivot\": {\"role_id\": 1, \"model_id\": 7, \"model_type\": \"App\\\\Common\\\\Models\\\\User\\\\UserWeb\"}, \"created_at\": \"2022-05-03T20:04:28.000000Z\", \"guard_name\": \"web\", \"updated_at\": \"2022-05-03T20:04:28.000000Z\"}, {\"id\": 2, \"name\": \"employee\", \"pivot\": {\"role_id\": 2, \"model_id\": 7, \"model_type\": \"App\\\\Common\\\\Models\\\\User\\\\UserWeb\"}, \"created_at\": \"2022-05-03T20:04:28.000000Z\", \"guard_name\": \"web\", \"updated_at\": \"2022-05-03T20:04:28.000000Z\"}], \"avatar\": \"/upload/ax_user/7/2n9uL9FgRiXDNUgT6W6aKgG24CQu2OAYJ820A0Nr.jpeg\", \"status\": 9, \"auth_key\": null, \"is_email\": 1, \"is_phone\": 0, \"last_name\": \"Dimmagio\", \"created_at\": 1654591860, \"deleted_at\": null, \"first_name\": \"Dimmagio\", \"patronymic\": null, \"updated_at\": 1657769776, \"password_hash\": \"$2y$10$u5HQ.yb7ANIADwTO.D/QiebTrYwKFQ6xsmyFets38SOpcGxrGaDeK\", \"password_reset_token\": null}, \"changes\": []}',
        NULL, 1659722256, NULL, NULL),
       (445, 27, 7, 'ax_document_write_off', 44, 'created',
        '{\"model\": {\"id\": 44, \"status\": 1, \"created_at\": 1659722275, \"updated_at\": 1659722275, \"fin_transaction_type_id\": 1, \"catalog_storage_place_id\": 1}, \"changes\": []}',
        NULL, 1659722275, NULL, NULL),
       (446, 27, 7, 'ax_document_write_off_content', 45, 'created',
        '{\"model\": {\"id\": 45, \"price\": 0, \"quantity\": 1, \"created_at\": 1659722275, \"updated_at\": 1659722275, \"document_id\": 44, \"catalog_product_id\": 20}, \"changes\": []}',
        NULL, 1659722275, NULL, NULL),
       (447, 27, 7, 'ax_document_write_off_content', 45, 'updated',
        '{\"model\": {\"id\": 45, \"price\": 0, \"document\": {\"id\": 44, \"status\": 1, \"document\": null, \"created_at\": 1659722275, \"deleted_at\": null, \"updated_at\": 1659722275, \"currency_id\": null, \"document_id\": null, \"fin_transaction_type_id\": 1, \"catalog_storage_place_id\": 1}, \"quantity\": 1, \"created_at\": 1659722275, \"deleted_at\": null, \"updated_at\": 1659722275, \"description\": null, \"document_id\": 44, \"catalog_product_id\": 20, \"catalog_storage_id\": 19}, \"changes\": {\"catalog_storage_id\": 19}}',
        NULL, 1659722275, NULL, NULL),
       (448, 27, 7, 'ax_document_write_off', 45, 'created',
        '{\"model\": {\"id\": 45, \"status\": 1, \"created_at\": 1659722291, \"updated_at\": 1659722291, \"fin_transaction_type_id\": 1, \"catalog_storage_place_id\": 1}, \"changes\": []}',
        NULL, 1659722291, NULL, NULL),
       (449, 27, 7, 'ax_document_write_off_content', 46, 'created',
        '{\"model\": {\"id\": 46, \"price\": 0, \"quantity\": 1, \"created_at\": 1659722291, \"updated_at\": 1659722291, \"document_id\": 45, \"catalog_product_id\": 65}, \"changes\": []}',
        NULL, 1659722291, NULL, NULL),
       (450, 27, 7, 'ax_document_write_off_content', 46, 'updated',
        '{\"model\": {\"id\": 46, \"price\": 0, \"document\": {\"id\": 45, \"status\": 1, \"document\": null, \"created_at\": 1659722291, \"deleted_at\": null, \"updated_at\": 1659722291, \"currency_id\": null, \"document_id\": null, \"fin_transaction_type_id\": 1, \"catalog_storage_place_id\": 1}, \"quantity\": 1, \"created_at\": 1659722291, \"deleted_at\": null, \"updated_at\": 1659722291, \"description\": null, \"document_id\": 45, \"catalog_product_id\": 65, \"catalog_storage_id\": 64}, \"changes\": {\"catalog_storage_id\": 64}}',
        NULL, 1659722291, NULL, NULL),
       (451, 27, 7, 'ax_catalog_basket', 10, 'deleted',
        '{\"model\": {\"id\": 10, \"status\": 2, \"user_id\": 7, \"quantity\": 1, \"created_at\": 1659433900, \"deleted_at\": null, \"updated_at\": 1659433900, \"currency_id\": null, \"document_order_id\": null, \"catalog_product_id\": 62}, \"changes\": []}',
        NULL, 1659722323, NULL, NULL),
       (452, 28, 7, 'ax_document_write_off', 46, 'created',
        '{\"model\": {\"id\": 46, \"status\": 1, \"created_at\": 1659878316, \"updated_at\": 1659878316, \"fin_transaction_type_id\": 1, \"catalog_storage_place_id\": 1}, \"changes\": []}',
        NULL, 1659878316, NULL, NULL),
       (453, 28, 7, 'ax_document_write_off_content', 47, 'created',
        '{\"model\": {\"id\": 47, \"price\": 0, \"quantity\": 1, \"created_at\": 1659878316, \"updated_at\": 1659878316, \"document_id\": 46, \"catalog_product_id\": 21}, \"changes\": []}',
        NULL, 1659878316, NULL, NULL),
       (454, 28, 7, 'ax_document_write_off_content', 47, 'updated',
        '{\"model\": {\"id\": 47, \"price\": 0, \"document\": {\"id\": 46, \"status\": 1, \"document\": null, \"created_at\": 1659878316, \"deleted_at\": null, \"updated_at\": 1659878316, \"currency_id\": null, \"document_id\": null, \"fin_transaction_type_id\": 1, \"catalog_storage_place_id\": 1}, \"quantity\": 1, \"created_at\": 1659878316, \"deleted_at\": null, \"updated_at\": 1659878316, \"description\": null, \"document_id\": 46, \"catalog_product_id\": 21, \"catalog_storage_id\": 20}, \"changes\": {\"catalog_storage_id\": 20}}',
        NULL, 1659878316, NULL, NULL),
       (455, 28, 7, 'ax_document_write_off', 47, 'created',
        '{\"model\": {\"id\": 47, \"status\": 1, \"created_at\": 1659878335, \"updated_at\": 1659878335, \"fin_transaction_type_id\": 1, \"catalog_storage_place_id\": 1}, \"changes\": []}',
        NULL, 1659878335, NULL, NULL),
       (456, 28, 7, 'ax_document_write_off_content', 48, 'created',
        '{\"model\": {\"id\": 48, \"price\": 0, \"quantity\": 1, \"created_at\": 1659878335, \"updated_at\": 1659878335, \"document_id\": 47, \"catalog_product_id\": 48}, \"changes\": []}',
        NULL, 1659878335, NULL, NULL),
       (457, 28, 7, 'ax_document_write_off_content', 48, 'updated',
        '{\"model\": {\"id\": 48, \"price\": 0, \"document\": {\"id\": 47, \"status\": 1, \"document\": null, \"created_at\": 1659878335, \"deleted_at\": null, \"updated_at\": 1659878335, \"currency_id\": null, \"document_id\": null, \"fin_transaction_type_id\": 1, \"catalog_storage_place_id\": 1}, \"quantity\": 1, \"created_at\": 1659878335, \"deleted_at\": null, \"updated_at\": 1659878335, \"description\": null, \"document_id\": 47, \"catalog_product_id\": 48, \"catalog_storage_id\": 47}, \"changes\": {\"catalog_storage_id\": 47}}',
        NULL, 1659878335, NULL, NULL),
       (458, 28, 7, 'ax_document_write_off', 48, 'created',
        '{\"model\": {\"id\": 48, \"status\": 1, \"created_at\": 1659878352, \"updated_at\": 1659878352, \"fin_transaction_type_id\": 1, \"catalog_storage_place_id\": 1}, \"changes\": []}',
        NULL, 1659878352, NULL, NULL),
       (459, 28, 7, 'ax_document_write_off_content', 49, 'created',
        '{\"model\": {\"id\": 49, \"price\": 0, \"quantity\": 1, \"created_at\": 1659878352, \"updated_at\": 1659878352, \"document_id\": 48, \"catalog_product_id\": 19}, \"changes\": []}',
        NULL, 1659878352, NULL, NULL),
       (460, 28, 7, 'ax_document_write_off_content', 49, 'updated',
        '{\"model\": {\"id\": 49, \"price\": 0, \"document\": {\"id\": 48, \"status\": 1, \"document\": null, \"created_at\": 1659878352, \"deleted_at\": null, \"updated_at\": 1659878352, \"currency_id\": null, \"document_id\": null, \"fin_transaction_type_id\": 1, \"catalog_storage_place_id\": 1}, \"quantity\": 1, \"created_at\": 1659878352, \"deleted_at\": null, \"updated_at\": 1659878352, \"description\": null, \"document_id\": 48, \"catalog_product_id\": 19, \"catalog_storage_id\": 18}, \"changes\": {\"catalog_storage_id\": 18}}',
        NULL, 1659878352, NULL, NULL),
       (461, 28, 7, 'ax_document_write_off', 49, 'created',
        '{\"model\": {\"id\": 49, \"status\": 1, \"created_at\": 1659878387, \"updated_at\": 1659878387, \"fin_transaction_type_id\": 1, \"catalog_storage_place_id\": 1}, \"changes\": []}',
        NULL, 1659878387, NULL, NULL),
       (462, 28, 7, 'ax_document_write_off_content', 50, 'created',
        '{\"model\": {\"id\": 50, \"price\": 0, \"quantity\": 1, \"created_at\": 1659878387, \"updated_at\": 1659878387, \"document_id\": 49, \"catalog_product_id\": 33}, \"changes\": []}',
        NULL, 1659878387, NULL, NULL),
       (463, 28, 7, 'ax_document_write_off_content', 50, 'updated',
        '{\"model\": {\"id\": 50, \"price\": 0, \"document\": {\"id\": 49, \"status\": 1, \"document\": null, \"created_at\": 1659878387, \"deleted_at\": null, \"updated_at\": 1659878387, \"currency_id\": null, \"document_id\": null, \"fin_transaction_type_id\": 1, \"catalog_storage_place_id\": 1}, \"quantity\": 1, \"created_at\": 1659878387, \"deleted_at\": null, \"updated_at\": 1659878387, \"description\": null, \"document_id\": 49, \"catalog_product_id\": 33, \"catalog_storage_id\": 32}, \"changes\": {\"catalog_storage_id\": 32}}',
        NULL, 1659878387, NULL, NULL),
       (464, 28, 7, 'ax_document_write_off', 50, 'created',
        '{\"model\": {\"id\": 50, \"status\": 1, \"created_at\": 1659878399, \"updated_at\": 1659878399, \"fin_transaction_type_id\": 1, \"catalog_storage_place_id\": 1}, \"changes\": []}',
        NULL, 1659878399, NULL, NULL),
       (465, 28, 7, 'ax_document_write_off_content', 51, 'created',
        '{\"model\": {\"id\": 51, \"price\": 0, \"quantity\": 1, \"created_at\": 1659878399, \"updated_at\": 1659878399, \"document_id\": 50, \"catalog_product_id\": 33}, \"changes\": []}',
        NULL, 1659878400, NULL, NULL),
       (466, 28, 7, 'ax_document_write_off', 51, 'created',
        '{\"model\": {\"id\": 51, \"status\": 1, \"created_at\": 1659878400, \"updated_at\": 1659878400, \"fin_transaction_type_id\": 1, \"catalog_storage_place_id\": 1}, \"changes\": []}',
        NULL, 1659878400, NULL, NULL),
       (467, 28, 7, 'ax_document_write_off_content', 52, 'created',
        '{\"model\": {\"id\": 52, \"price\": 0, \"quantity\": 1, \"created_at\": 1659878400, \"updated_at\": 1659878400, \"document_id\": 51, \"catalog_product_id\": 33}, \"changes\": []}',
        NULL, 1659878400, NULL, NULL),
       (468, 28, 7, 'ax_document_write_off', 52, 'created',
        '{\"model\": {\"id\": 52, \"status\": 1, \"created_at\": 1659881834, \"updated_at\": 1659881834, \"fin_transaction_type_id\": 1, \"catalog_storage_place_id\": 1}, \"changes\": []}',
        NULL, 1659881834, NULL, NULL),
       (469, 28, 7, 'ax_document_write_off_content', 53, 'created',
        '{\"model\": {\"id\": 53, \"price\": 0, \"quantity\": 1, \"created_at\": 1659881834, \"updated_at\": 1659881834, \"document_id\": 52, \"catalog_product_id\": 16}, \"changes\": []}',
        NULL, 1659881834, NULL, NULL),
       (470, 28, 7, 'ax_document_write_off_content', 53, 'updated',
        '{\"model\": {\"id\": 53, \"price\": 0, \"document\": {\"id\": 52, \"status\": 1, \"document\": null, \"created_at\": 1659881834, \"deleted_at\": null, \"updated_at\": 1659881834, \"currency_id\": null, \"document_id\": null, \"fin_transaction_type_id\": 1, \"catalog_storage_place_id\": 1}, \"quantity\": 1, \"created_at\": 1659881834, \"deleted_at\": null, \"updated_at\": 1659881834, \"description\": null, \"document_id\": 52, \"catalog_product_id\": 16, \"catalog_storage_id\": 15}, \"changes\": {\"catalog_storage_id\": 15}}',
        NULL, 1659881834, NULL, NULL),
       (471, 28, 7, 'ax_document_write_off', 53, 'created',
        '{\"model\": {\"id\": 53, \"status\": 1, \"created_at\": 1659885905, \"updated_at\": 1659885905, \"fin_transaction_type_id\": 1, \"catalog_storage_place_id\": 1}, \"changes\": []}',
        NULL, 1659885905, NULL, NULL),
       (472, 28, 7, 'ax_document_write_off_content', 54, 'created',
        '{\"model\": {\"id\": 54, \"price\": 0, \"quantity\": 1, \"created_at\": 1659885905, \"updated_at\": 1659885905, \"document_id\": 53, \"catalog_product_id\": 17}, \"changes\": []}',
        NULL, 1659885905, NULL, NULL),
       (473, 28, 7, 'ax_document_write_off_content', 54, 'updated',
        '{\"model\": {\"id\": 54, \"price\": 0, \"document\": {\"id\": 53, \"status\": 1, \"document\": null, \"created_at\": 1659885905, \"deleted_at\": null, \"updated_at\": 1659885905, \"currency_id\": null, \"document_id\": null, \"fin_transaction_type_id\": 1, \"catalog_storage_place_id\": 1}, \"quantity\": 1, \"created_at\": 1659885905, \"deleted_at\": null, \"updated_at\": 1659885905, \"description\": null, \"document_id\": 53, \"catalog_product_id\": 17, \"catalog_storage_id\": 16}, \"changes\": {\"catalog_storage_id\": 16}}',
        NULL, 1659885905, NULL, NULL),
       (474, 8, 7, 'ax_catalog_product', 66, 'created',
        '{\"model\": {\"id\": 66, \"url\": \"lotus\", \"sort\": null, \"alias\": \"lotus\", \"price\": 2500, \"title\": \"✶ Lotus ✶\", \"is_single\": 0, \"render_id\": null, \"created_at\": 1659906000, \"updated_at\": 1659976602, \"category_id\": 3, \"description\": \"<p>Абрикос на столе, не только вкусно но и красиво.</p><p>Необычная подача закусок будет радовать не только гостей но вас.</p><p><br></p>\", \"is_comments\": 0, \"title_short\": null, \"is_published\": 0, \"is_watermark\": 0, \"is_favourites\": 0, \"preview_description\": null}, \"changes\": []}',
        NULL, 1659976602, NULL, NULL),
       (475, 8, 7, 'ax_catalog_product', 66, 'updated',
        '{\"model\": {\"id\": 66, \"url\": \"lotus\", \"sort\": null, \"alias\": \"lotus\", \"image\": \"/upload/ax_catalog_product/lotus/HFuEiZN44SK7qvThYzK12YnufvDTEWdvDgEceDfa.jpeg\", \"price\": 2500, \"title\": \"✶ Lotus ✶\", \"is_single\": 0, \"render_id\": null, \"created_at\": 1659906000, \"updated_at\": 1659976602, \"category_id\": 3, \"description\": \"<p>Абрикос на столе, не только вкусно но и красиво.</p><p>Необычная подача закусок будет радовать не только гостей но вас.</p><p><br></p>\", \"is_comments\": 0, \"title_short\": null, \"is_published\": 0, \"is_watermark\": 0, \"is_favourites\": 0, \"preview_description\": null}, \"changes\": {\"image\": \"/upload/ax_catalog_product/lotus/HFuEiZN44SK7qvThYzK12YnufvDTEWdvDgEceDfa.jpeg\"}}',
        NULL, 1659976602, NULL, NULL),
       (476, 8, 7, 'ax_catalog_product', 67, 'created',
        '{\"model\": {\"id\": 67, \"url\": \"list-monstery\", \"sort\": null, \"alias\": \"list-monstery\", \"price\": 1600, \"title\": \"✶ Лист Монстеры ✶\", \"is_single\": 1, \"render_id\": null, \"created_at\": 1659906000, \"updated_at\": 1659976943, \"category_id\": 2, \"description\": \"<p>Доска не только для нарезки, но и для подачи.</p><p>Подать можно все что угодно, от бутербродов на завтрак до закуски к приятному вечеру.</p>\", \"is_comments\": 0, \"title_short\": null, \"is_published\": 0, \"is_watermark\": 0, \"is_favourites\": 0, \"preview_description\": null}, \"changes\": []}',
        NULL, 1659976943, NULL, NULL),
       (477, 8, 7, 'ax_catalog_product', 67, 'updated',
        '{\"model\": {\"id\": 67, \"url\": \"list-monstery\", \"sort\": null, \"alias\": \"list-monstery\", \"image\": \"/upload/ax_catalog_product/list-monstery/hKZTf9YgTzDAqORuhQApLEEFxZ3SQeMsA6GQZinL.jpeg\", \"price\": 1600, \"title\": \"✶ Лист Монстеры ✶\", \"is_single\": 1, \"render_id\": null, \"created_at\": 1659906000, \"updated_at\": 1659976943, \"category_id\": 2, \"description\": \"<p>Доска не только для нарезки, но и для подачи.</p><p>Подать можно все что угодно, от бутербродов на завтрак до закуски к приятному вечеру.</p>\", \"is_comments\": 0, \"title_short\": null, \"is_published\": 0, \"is_watermark\": 0, \"is_favourites\": 0, \"preview_description\": null}, \"changes\": {\"image\": \"/upload/ax_catalog_product/list-monstery/hKZTf9YgTzDAqORuhQApLEEFxZ3SQeMsA6GQZinL.jpeg\"}}',
        NULL, 1659976943, NULL, NULL),
       (478, 8, 7, 'ax_catalog_product', 66, 'updated',
        '{\"model\": {\"id\": 66, \"url\": \"lotus\", \"hits\": 0, \"sort\": null, \"alias\": \"lotus\", \"image\": \"/upload/ax_catalog_product/lotus/HFuEiZN44SK7qvThYzK12YnufvDTEWdvDgEceDfa.jpeg\", \"media\": null, \"price\": 2500, \"stars\": 0, \"title\": \"✶ Lotus ✶\", \"is_single\": 1, \"render_id\": null, \"show_date\": 1, \"created_at\": 1659906000, \"deleted_at\": null, \"updated_at\": 1659976958, \"category_id\": 3, \"description\": \"<p>Абрикос на столе, не только вкусно но и красиво.</p><p>Необычная подача закусок будет радовать не только гостей но вас.</p><p><br></p>\", \"is_comments\": 0, \"title_short\": null, \"is_published\": 0, \"is_watermark\": 0, \"is_favourites\": 0, \"preview_description\": null}, \"changes\": {\"is_single\": 1, \"updated_at\": 1659976958}}',
        NULL, 1659976958, NULL, NULL),
       (479, 8, 7, 'ax_catalog_product', 68, 'created',
        '{\"model\": {\"id\": 68, \"url\": \"orange-mini\", \"sort\": null, \"alias\": \"orange-mini\", \"price\": 1600, \"title\": \"✶ Orange mini ✶\", \"is_single\": 1, \"render_id\": null, \"created_at\": 1659906000, \"updated_at\": 1659977608, \"category_id\": 2, \"description\": \"Ваша помощница на кухне для повседневного творения шедевров.\", \"is_comments\": 0, \"title_short\": null, \"is_published\": 0, \"is_watermark\": 0, \"is_favourites\": 0, \"preview_description\": null}, \"changes\": []}',
        NULL, 1659977608, NULL, NULL),
       (480, 8, 7, 'ax_catalog_product', 68, 'updated',
        '{\"model\": {\"id\": 68, \"url\": \"orange-mini\", \"sort\": null, \"alias\": \"orange-mini\", \"image\": \"/upload/ax_catalog_product/orange-mini/IZu34NMRbUXKTgG2d1GvoPh1y89RQYWGq24FS9Jh.jpeg\", \"price\": 1600, \"title\": \"✶ Orange mini ✶\", \"is_single\": 1, \"render_id\": null, \"created_at\": 1659906000, \"updated_at\": 1659977608, \"category_id\": 2, \"description\": \"Ваша помощница на кухне для повседневного творения шедевров.\", \"is_comments\": 0, \"title_short\": null, \"is_published\": 0, \"is_watermark\": 0, \"is_favourites\": 0, \"preview_description\": null}, \"changes\": {\"image\": \"/upload/ax_catalog_product/orange-mini/IZu34NMRbUXKTgG2d1GvoPh1y89RQYWGq24FS9Jh.jpeg\"}}',
        NULL, 1659977608, NULL, NULL),
       (481, 8, 7, 'ax_catalog_product', 69, 'created',
        '{\"model\": {\"id\": 69, \"url\": \"myata\", \"sort\": null, \"alias\": \"myata\", \"price\": 1600, \"title\": \"✶ Мята ✶\", \"is_single\": 1, \"render_id\": null, \"created_at\": 1659906000, \"updated_at\": 1659977888, \"category_id\": 2, \"description\": null, \"is_comments\": 0, \"title_short\": null, \"is_published\": 0, \"is_watermark\": 0, \"is_favourites\": 0, \"preview_description\": null}, \"changes\": []}',
        NULL, 1659977888, NULL, NULL),
       (482, 8, 7, 'ax_catalog_product', 69, 'updated',
        '{\"model\": {\"id\": 69, \"url\": \"myata\", \"sort\": null, \"alias\": \"myata\", \"image\": \"/upload/ax_catalog_product/myata/5sqzVqGjojJxGyKVRxMJ81HFeoN3ArRivsiIo2y1.jpeg\", \"price\": 1600, \"title\": \"✶ Мята ✶\", \"is_single\": 1, \"render_id\": null, \"created_at\": 1659906000, \"updated_at\": 1659977888, \"category_id\": 2, \"description\": null, \"is_comments\": 0, \"title_short\": null, \"is_published\": 0, \"is_watermark\": 0, \"is_favourites\": 0, \"preview_description\": null}, \"changes\": {\"image\": \"/upload/ax_catalog_product/myata/5sqzVqGjojJxGyKVRxMJ81HFeoN3ArRivsiIo2y1.jpeg\"}}',
        NULL, 1659977888, NULL, NULL),
       (483, 8, 7, 'ax_catalog_product', 70, 'created',
        '{\"model\": {\"id\": 70, \"url\": \"evkalipt\", \"sort\": null, \"alias\": \"evkalipt\", \"price\": 1600, \"title\": \"✶ Эвкалипт ✶\", \"is_single\": 1, \"render_id\": null, \"created_at\": 1659906000, \"updated_at\": 1659978247, \"category_id\": 2, \"description\": null, \"is_comments\": 0, \"title_short\": null, \"is_published\": 0, \"is_watermark\": 0, \"is_favourites\": 0, \"preview_description\": null}, \"changes\": []}',
        NULL, 1659978247, NULL, NULL),
       (484, 8, 7, 'ax_catalog_product', 70, 'updated',
        '{\"model\": {\"id\": 70, \"url\": \"evkalipt\", \"sort\": null, \"alias\": \"evkalipt\", \"image\": \"/upload/ax_catalog_product/evkalipt/nKOEBTcSZQplTZxxZmVKt2P0G3FOcWrJHjmE83wf.jpeg\", \"price\": 1600, \"title\": \"✶ Эвкалипт ✶\", \"is_single\": 1, \"render_id\": null, \"created_at\": 1659906000, \"updated_at\": 1659978247, \"category_id\": 2, \"description\": null, \"is_comments\": 0, \"title_short\": null, \"is_published\": 0, \"is_watermark\": 0, \"is_favourites\": 0, \"preview_description\": null}, \"changes\": {\"image\": \"/upload/ax_catalog_product/evkalipt/nKOEBTcSZQplTZxxZmVKt2P0G3FOcWrJHjmE83wf.jpeg\"}}',
        NULL, 1659978247, NULL, NULL),
       (485, 8, 7, 'ax_catalog_product', 71, 'created',
        '{\"model\": {\"id\": 71, \"url\": \"ptero\", \"sort\": null, \"alias\": \"ptero\", \"price\": 1600, \"title\": \"✶ Ptero ✶\", \"is_single\": 1, \"render_id\": null, \"created_at\": 1659906000, \"updated_at\": 1659978712, \"category_id\": 2, \"description\": null, \"is_comments\": 0, \"title_short\": null, \"is_published\": 0, \"is_watermark\": 0, \"is_favourites\": 0, \"preview_description\": null}, \"changes\": []}',
        NULL, 1659978712, NULL, NULL),
       (486, 8, 7, 'ax_catalog_product', 71, 'updated',
        '{\"model\": {\"id\": 71, \"url\": \"ptero\", \"sort\": null, \"alias\": \"ptero\", \"image\": \"/upload/ax_catalog_product/ptero/CVsa4a8nCrNnJy4031FWWScrAgfxO6MJ3HC0n10I.jpeg\", \"price\": 1600, \"title\": \"✶ Ptero ✶\", \"is_single\": 1, \"render_id\": null, \"created_at\": 1659906000, \"updated_at\": 1659978712, \"category_id\": 2, \"description\": null, \"is_comments\": 0, \"title_short\": null, \"is_published\": 0, \"is_watermark\": 0, \"is_favourites\": 0, \"preview_description\": null}, \"changes\": {\"image\": \"/upload/ax_catalog_product/ptero/CVsa4a8nCrNnJy4031FWWScrAgfxO6MJ3HC0n10I.jpeg\"}}',
        NULL, 1659978712, NULL, NULL),
       (487, 8, 7, 'ax_catalog_product', 72, 'created',
        '{\"model\": {\"id\": 72, \"url\": \"list-banana\", \"sort\": null, \"alias\": \"list-banana\", \"price\": 1499, \"title\": \"✶ Лист банана ✶\", \"is_single\": 1, \"render_id\": null, \"created_at\": 1659906000, \"updated_at\": 1659978904, \"category_id\": 2, \"description\": null, \"is_comments\": 0, \"title_short\": null, \"is_published\": 0, \"is_watermark\": 0, \"is_favourites\": 0, \"preview_description\": null}, \"changes\": []}',
        NULL, 1659978904, NULL, NULL),
       (488, 8, 7, 'ax_catalog_product', 72, 'updated',
        '{\"model\": {\"id\": 72, \"url\": \"list-banana\", \"sort\": null, \"alias\": \"list-banana\", \"image\": \"/upload/ax_catalog_product/list-banana/GPG5Dl36TGELyCFTUwW9tqujAQsNituzyEpoMYmP.jpeg\", \"price\": 1499, \"title\": \"✶ Лист банана ✶\", \"is_single\": 1, \"render_id\": null, \"created_at\": 1659906000, \"updated_at\": 1659978904, \"category_id\": 2, \"description\": null, \"is_comments\": 0, \"title_short\": null, \"is_published\": 0, \"is_watermark\": 0, \"is_favourites\": 0, \"preview_description\": null}, \"changes\": {\"image\": \"/upload/ax_catalog_product/list-banana/GPG5Dl36TGELyCFTUwW9tqujAQsNituzyEpoMYmP.jpeg\"}}',
        NULL, 1659978904, NULL, NULL),
       (489, 8, 7, 'ax_catalog_product', 73, 'created',
        '{\"model\": {\"id\": 73, \"url\": \"list-mons\", \"sort\": null, \"alias\": \"list-mons\", \"price\": 1000, \"title\": \"✶ Лист Mons ✶\", \"is_single\": 1, \"render_id\": null, \"created_at\": 1659906000, \"updated_at\": 1659979509, \"category_id\": 2, \"description\": null, \"is_comments\": 0, \"title_short\": null, \"is_published\": 0, \"is_watermark\": 0, \"is_favourites\": 0, \"preview_description\": null}, \"changes\": []}',
        NULL, 1659979509, NULL, NULL),
       (490, 8, 7, 'ax_catalog_product', 73, 'updated',
        '{\"model\": {\"id\": 73, \"url\": \"list-mons\", \"sort\": null, \"alias\": \"list-mons\", \"image\": \"/upload/ax_catalog_product/list-mons/G0rSNoeFzm6pZ9DqQ6OkeWgl4xrimc3xmxBwSTb5.jpeg\", \"price\": 1000, \"title\": \"✶ Лист Mons ✶\", \"is_single\": 1, \"render_id\": null, \"created_at\": 1659906000, \"updated_at\": 1659979509, \"category_id\": 2, \"description\": null, \"is_comments\": 0, \"title_short\": null, \"is_published\": 0, \"is_watermark\": 0, \"is_favourites\": 0, \"preview_description\": null}, \"changes\": {\"image\": \"/upload/ax_catalog_product/list-mons/G0rSNoeFzm6pZ9DqQ6OkeWgl4xrimc3xmxBwSTb5.jpeg\"}}',
        NULL, 1659979509, NULL, NULL),
       (491, 8, 7, 'ax_catalog_product', 74, 'created',
        '{\"model\": {\"id\": 74, \"url\": \"sannabis\", \"sort\": null, \"alias\": \"sannabis\", \"price\": 1900, \"title\": \"✶ Сannabis ✶\", \"is_single\": 1, \"render_id\": null, \"created_at\": 1659906000, \"updated_at\": 1659979681, \"category_id\": 2, \"description\": null, \"is_comments\": 0, \"title_short\": null, \"is_published\": 0, \"is_watermark\": 0, \"is_favourites\": 0, \"preview_description\": null}, \"changes\": []}',
        NULL, 1659979681, NULL, NULL),
       (492, 8, 7, 'ax_catalog_product', 74, 'updated',
        '{\"model\": {\"id\": 74, \"url\": \"sannabis\", \"sort\": null, \"alias\": \"sannabis\", \"image\": \"/upload/ax_catalog_product/sannabis/QBRW2Kv7flg3WqO11a93ZKxVJn7U9aq7jyaREUtR.jpeg\", \"price\": 1900, \"title\": \"✶ Сannabis ✶\", \"is_single\": 1, \"render_id\": null, \"created_at\": 1659906000, \"updated_at\": 1659979681, \"category_id\": 2, \"description\": null, \"is_comments\": 0, \"title_short\": null, \"is_published\": 0, \"is_watermark\": 0, \"is_favourites\": 0, \"preview_description\": null}, \"changes\": {\"image\": \"/upload/ax_catalog_product/sannabis/QBRW2Kv7flg3WqO11a93ZKxVJn7U9aq7jyaREUtR.jpeg\"}}',
        NULL, 1659979681, NULL, NULL),
       (493, 8, 7, 'ax_catalog_product', 75, 'created',
        '{\"model\": {\"id\": 75, \"url\": \"bananovyj-list\", \"sort\": null, \"alias\": \"bananovyj-list\", \"price\": 1300, \"title\": \"✶ Банановый лист✶\", \"is_single\": 1, \"render_id\": null, \"created_at\": 1659906000, \"updated_at\": 1659979847, \"category_id\": 2, \"description\": null, \"is_comments\": 0, \"title_short\": null, \"is_published\": 0, \"is_watermark\": 0, \"is_favourites\": 0, \"preview_description\": null}, \"changes\": []}',
        NULL, 1659979847, NULL, NULL),
       (494, 8, 7, 'ax_catalog_product', 75, 'updated',
        '{\"model\": {\"id\": 75, \"url\": \"bananovyj-list\", \"sort\": null, \"alias\": \"bananovyj-list\", \"image\": \"/upload/ax_catalog_product/bananovyj-list/ciLp2gh0dOkjggAiZpnX09ptUsf6yYgNcxXNp0If.jpeg\", \"price\": 1300, \"title\": \"✶ Банановый лист✶\", \"is_single\": 1, \"render_id\": null, \"created_at\": 1659906000, \"updated_at\": 1659979847, \"category_id\": 2, \"description\": null, \"is_comments\": 0, \"title_short\": null, \"is_published\": 0, \"is_watermark\": 0, \"is_favourites\": 0, \"preview_description\": null}, \"changes\": {\"image\": \"/upload/ax_catalog_product/bananovyj-list/ciLp2gh0dOkjggAiZpnX09ptUsf6yYgNcxXNp0If.jpeg\"}}',
        NULL, 1659979847, NULL, NULL),
       (495, 8, 7, 'ax_catalog_product', 76, 'created',
        '{\"model\": {\"id\": 76, \"url\": \"chaj\", \"sort\": null, \"alias\": \"chaj\", \"price\": 1600, \"title\": \"✶ Чай ✶\", \"is_single\": 1, \"render_id\": null, \"created_at\": 1659906000, \"updated_at\": 1659980279, \"category_id\": 2, \"description\": null, \"is_comments\": 0, \"title_short\": null, \"is_published\": 0, \"is_watermark\": 0, \"is_favourites\": 0, \"preview_description\": null}, \"changes\": []}',
        NULL, 1659980279, NULL, NULL),
       (496, 8, 7, 'ax_catalog_product', 76, 'updated',
        '{\"model\": {\"id\": 76, \"url\": \"chaj\", \"sort\": null, \"alias\": \"chaj\", \"image\": \"/upload/ax_catalog_product/chaj/IPABlhUrdUNky5RqsZhX6A41CFS89b6b6BHtWiTN.jpeg\", \"price\": 1600, \"title\": \"✶ Чай ✶\", \"is_single\": 1, \"render_id\": null, \"created_at\": 1659906000, \"updated_at\": 1659980279, \"category_id\": 2, \"description\": null, \"is_comments\": 0, \"title_short\": null, \"is_published\": 0, \"is_watermark\": 0, \"is_favourites\": 0, \"preview_description\": null}, \"changes\": {\"image\": \"/upload/ax_catalog_product/chaj/IPABlhUrdUNky5RqsZhX6A41CFS89b6b6BHtWiTN.jpeg\"}}',
        NULL, 1659980279, NULL, NULL),
       (497, 8, 7, 'ax_document_coming', 60, 'created',
        '{\"model\": {\"id\": 60, \"status\": 1, \"created_at\": 1659980694, \"updated_at\": 1659980694, \"counterparty_id\": 1, \"fin_transaction_type_id\": 2, \"catalog_storage_place_id\": 1}, \"changes\": []}',
        NULL, 1659980694, NULL, NULL),
       (498, 8, 7, 'ax_document_coming_content', 69, 'created',
        '{\"model\": {\"id\": 69, \"price\": 2500, \"quantity\": 1, \"price_out\": 0, \"created_at\": 1659980694, \"updated_at\": 1659980694, \"document_id\": 60, \"catalog_product_id\": 66}, \"changes\": []}',
        NULL, 1659980694, NULL, NULL),
       (499, 8, 7, 'ax_document_coming_content', 70, 'created',
        '{\"model\": {\"id\": 70, \"price\": 1600, \"quantity\": 1, \"price_out\": 0, \"created_at\": 1659980694, \"updated_at\": 1659980694, \"document_id\": 60, \"catalog_product_id\": 67}, \"changes\": []}',
        NULL, 1659980694, NULL, NULL),
       (500, 8, 7, 'ax_document_coming_content', 71, 'created',
        '{\"model\": {\"id\": 71, \"price\": 1600, \"quantity\": 1, \"price_out\": 0, \"created_at\": 1659980694, \"updated_at\": 1659980694, \"document_id\": 60, \"catalog_product_id\": 68}, \"changes\": []}',
        NULL, 1659980694, NULL, NULL),
       (501, 8, 7, 'ax_document_coming_content', 72, 'created',
        '{\"model\": {\"id\": 72, \"price\": 1600, \"quantity\": 1, \"price_out\": 0, \"created_at\": 1659980694, \"updated_at\": 1659980694, \"document_id\": 60, \"catalog_product_id\": 69}, \"changes\": []}',
        NULL, 1659980694, NULL, NULL),
       (502, 8, 7, 'ax_document_coming_content', 73, 'created',
        '{\"model\": {\"id\": 73, \"price\": 1600, \"quantity\": 1, \"price_out\": 0, \"created_at\": 1659980694, \"updated_at\": 1659980694, \"document_id\": 60, \"catalog_product_id\": 70}, \"changes\": []}',
        NULL, 1659980694, NULL, NULL),
       (503, 8, 7, 'ax_document_coming_content', 74, 'created',
        '{\"model\": {\"id\": 74, \"price\": 1600, \"quantity\": 1, \"price_out\": 0, \"created_at\": 1659980694, \"updated_at\": 1659980694, \"document_id\": 60, \"catalog_product_id\": 71}, \"changes\": []}',
        NULL, 1659980694, NULL, NULL),
       (504, 8, 7, 'ax_document_coming_content', 75, 'created',
        '{\"model\": {\"id\": 75, \"price\": 1500, \"quantity\": 1, \"price_out\": 0, \"created_at\": 1659980694, \"updated_at\": 1659980694, \"document_id\": 60, \"catalog_product_id\": 72}, \"changes\": []}',
        NULL, 1659980694, NULL, NULL),
       (505, 8, 7, 'ax_document_coming_content', 76, 'created',
        '{\"model\": {\"id\": 76, \"price\": 1000, \"quantity\": 1, \"price_out\": 0, \"created_at\": 1659980694, \"updated_at\": 1659980694, \"document_id\": 60, \"catalog_product_id\": 73}, \"changes\": []}',
        NULL, 1659980694, NULL, NULL),
       (506, 8, 7, 'ax_document_coming_content', 77, 'created',
        '{\"model\": {\"id\": 77, \"price\": 1900, \"quantity\": 1, \"price_out\": 0, \"created_at\": 1659980694, \"updated_at\": 1659980694, \"document_id\": 60, \"catalog_product_id\": 74}, \"changes\": []}',
        NULL, 1659980694, NULL, NULL),
       (507, 8, 7, 'ax_document_coming_content', 78, 'created',
        '{\"model\": {\"id\": 78, \"price\": 1300, \"quantity\": 1, \"price_out\": 0, \"created_at\": 1659980694, \"updated_at\": 1659980694, \"document_id\": 60, \"catalog_product_id\": 75}, \"changes\": []}',
        NULL, 1659980694, NULL, NULL),
       (508, 8, 7, 'ax_document_coming_content', 79, 'created',
        '{\"model\": {\"id\": 79, \"price\": 1600, \"quantity\": 1, \"price_out\": 0, \"created_at\": 1659980694, \"updated_at\": 1659980694, \"document_id\": 60, \"catalog_product_id\": 76}, \"changes\": []}',
        NULL, 1659980694, NULL, NULL),
       (509, 8, 7, 'ax_document_coming', 61, 'created',
        '{\"model\": {\"id\": 61, \"status\": 1, \"created_at\": 1659980744, \"updated_at\": 1659980744, \"counterparty_id\": 1, \"fin_transaction_type_id\": 2, \"catalog_storage_place_id\": 1}, \"changes\": []}',
        NULL, 1659980744, NULL, NULL),
       (510, 8, 7, 'ax_document_coming_content', 80, 'created',
        '{\"model\": {\"id\": 80, \"price\": 2500, \"quantity\": 1, \"price_out\": 0, \"created_at\": 1659980744, \"updated_at\": 1659980744, \"document_id\": 61, \"catalog_product_id\": 66}, \"changes\": []}',
        NULL, 1659980744, NULL, NULL),
       (511, 8, 7, 'ax_document_coming_content', 81, 'created',
        '{\"model\": {\"id\": 81, \"price\": 1600, \"quantity\": 1, \"price_out\": 0, \"created_at\": 1659980744, \"updated_at\": 1659980744, \"document_id\": 61, \"catalog_product_id\": 67}, \"changes\": []}',
        NULL, 1659980744, NULL, NULL),
       (512, 8, 7, 'ax_document_coming_content', 82, 'created',
        '{\"model\": {\"id\": 82, \"price\": 1600, \"quantity\": 1, \"price_out\": 0, \"created_at\": 1659980744, \"updated_at\": 1659980744, \"document_id\": 61, \"catalog_product_id\": 68}, \"changes\": []}',
        NULL, 1659980744, NULL, NULL),
       (513, 8, 7, 'ax_document_coming_content', 83, 'created',
        '{\"model\": {\"id\": 83, \"price\": 1600, \"quantity\": 1, \"price_out\": 0, \"created_at\": 1659980744, \"updated_at\": 1659980744, \"document_id\": 61, \"catalog_product_id\": 69}, \"changes\": []}',
        NULL, 1659980744, NULL, NULL),
       (514, 8, 7, 'ax_document_coming_content', 84, 'created',
        '{\"model\": {\"id\": 84, \"price\": 1600, \"quantity\": 1, \"price_out\": 0, \"created_at\": 1659980744, \"updated_at\": 1659980744, \"document_id\": 61, \"catalog_product_id\": 70}, \"changes\": []}',
        NULL, 1659980744, NULL, NULL),
       (515, 8, 7, 'ax_document_coming_content', 85, 'created',
        '{\"model\": {\"id\": 85, \"price\": 1600, \"quantity\": 1, \"price_out\": 0, \"created_at\": 1659980744, \"updated_at\": 1659980744, \"document_id\": 61, \"catalog_product_id\": 71}, \"changes\": []}',
        NULL, 1659980744, NULL, NULL),
       (516, 8, 7, 'ax_document_coming_content', 86, 'created',
        '{\"model\": {\"id\": 86, \"price\": 1500, \"quantity\": 1, \"price_out\": 0, \"created_at\": 1659980744, \"updated_at\": 1659980744, \"document_id\": 61, \"catalog_product_id\": 72}, \"changes\": []}',
        NULL, 1659980744, NULL, NULL),
       (517, 8, 7, 'ax_document_coming_content', 87, 'created',
        '{\"model\": {\"id\": 87, \"price\": 1000, \"quantity\": 1, \"price_out\": 0, \"created_at\": 1659980744, \"updated_at\": 1659980744, \"document_id\": 61, \"catalog_product_id\": 73}, \"changes\": []}',
        NULL, 1659980744, NULL, NULL),
       (518, 8, 7, 'ax_document_coming_content', 88, 'created',
        '{\"model\": {\"id\": 88, \"price\": 1900, \"quantity\": 1, \"price_out\": 0, \"created_at\": 1659980744, \"updated_at\": 1659980744, \"document_id\": 61, \"catalog_product_id\": 74}, \"changes\": []}',
        NULL, 1659980744, NULL, NULL),
       (519, 8, 7, 'ax_document_coming_content', 89, 'created',
        '{\"model\": {\"id\": 89, \"price\": 1300, \"quantity\": 1, \"price_out\": 0, \"created_at\": 1659980744, \"updated_at\": 1659980744, \"document_id\": 61, \"catalog_product_id\": 75}, \"changes\": []}',
        NULL, 1659980744, NULL, NULL),
       (520, 8, 7, 'ax_document_coming_content', 90, 'created',
        '{\"model\": {\"id\": 90, \"price\": 1600, \"quantity\": 1, \"price_out\": 0, \"created_at\": 1659980744, \"updated_at\": 1659980744, \"document_id\": 61, \"catalog_product_id\": 76}, \"changes\": []}',
        NULL, 1659980744, NULL, NULL),
       (521, 8, 7, 'ax_document_coming', 62, 'created',
        '{\"model\": {\"id\": 62, \"status\": 1, \"created_at\": 1659980781, \"updated_at\": 1659980781, \"counterparty_id\": 1, \"fin_transaction_type_id\": 2, \"catalog_storage_place_id\": 1}, \"changes\": []}',
        NULL, 1659980781, NULL, NULL),
       (522, 8, 7, 'ax_document_coming_content', 91, 'created',
        '{\"model\": {\"id\": 91, \"price\": 2500, \"quantity\": 1, \"price_out\": 0, \"created_at\": 1659980781, \"updated_at\": 1659980781, \"document_id\": 62, \"catalog_product_id\": 66}, \"changes\": []}',
        NULL, 1659980781, NULL, NULL),
       (523, 8, 7, 'ax_document_coming_content', 92, 'created',
        '{\"model\": {\"id\": 92, \"price\": 1600, \"quantity\": 1, \"price_out\": 0, \"created_at\": 1659980781, \"updated_at\": 1659980781, \"document_id\": 62, \"catalog_product_id\": 67}, \"changes\": []}',
        NULL, 1659980781, NULL, NULL),
       (524, 8, 7, 'ax_document_coming_content', 93, 'created',
        '{\"model\": {\"id\": 93, \"price\": 1600, \"quantity\": 1, \"price_out\": 0, \"created_at\": 1659980781, \"updated_at\": 1659980781, \"document_id\": 62, \"catalog_product_id\": 68}, \"changes\": []}',
        NULL, 1659980781, NULL, NULL),
       (525, 8, 7, 'ax_document_coming_content', 94, 'created',
        '{\"model\": {\"id\": 94, \"price\": 1600, \"quantity\": 1, \"price_out\": 0, \"created_at\": 1659980781, \"updated_at\": 1659980781, \"document_id\": 62, \"catalog_product_id\": 69}, \"changes\": []}',
        NULL, 1659980781, NULL, NULL),
       (526, 8, 7, 'ax_document_coming_content', 95, 'created',
        '{\"model\": {\"id\": 95, \"price\": 1600, \"quantity\": 1, \"price_out\": 0, \"created_at\": 1659980781, \"updated_at\": 1659980781, \"document_id\": 62, \"catalog_product_id\": 70}, \"changes\": []}',
        NULL, 1659980781, NULL, NULL),
       (527, 8, 7, 'ax_document_coming_content', 96, 'created',
        '{\"model\": {\"id\": 96, \"price\": 1600, \"quantity\": 1, \"price_out\": 0, \"created_at\": 1659980781, \"updated_at\": 1659980781, \"document_id\": 62, \"catalog_product_id\": 71}, \"changes\": []}',
        NULL, 1659980781, NULL, NULL),
       (528, 8, 7, 'ax_document_coming_content', 97, 'created',
        '{\"model\": {\"id\": 97, \"price\": 1500, \"quantity\": 1, \"price_out\": 0, \"created_at\": 1659980781, \"updated_at\": 1659980781, \"document_id\": 62, \"catalog_product_id\": 72}, \"changes\": []}',
        NULL, 1659980781, NULL, NULL),
       (529, 8, 7, 'ax_document_coming_content', 98, 'created',
        '{\"model\": {\"id\": 98, \"price\": 1000, \"quantity\": 1, \"price_out\": 0, \"created_at\": 1659980781, \"updated_at\": 1659980781, \"document_id\": 62, \"catalog_product_id\": 73}, \"changes\": []}',
        NULL, 1659980781, NULL, NULL),
       (530, 8, 7, 'ax_document_coming_content', 99, 'created',
        '{\"model\": {\"id\": 99, \"price\": 1900, \"quantity\": 1, \"price_out\": 0, \"created_at\": 1659980781, \"updated_at\": 1659980781, \"document_id\": 62, \"catalog_product_id\": 74}, \"changes\": []}',
        NULL, 1659980781, NULL, NULL),
       (531, 8, 7, 'ax_document_coming_content', 100, 'created',
        '{\"model\": {\"id\": 100, \"price\": 1300, \"quantity\": 1, \"price_out\": 0, \"created_at\": 1659980781, \"updated_at\": 1659980781, \"document_id\": 62, \"catalog_product_id\": 75}, \"changes\": []}',
        NULL, 1659980781, NULL, NULL),
       (532, 8, 7, 'ax_document_coming_content', 101, 'created',
        '{\"model\": {\"id\": 101, \"price\": 1600, \"quantity\": 1, \"price_out\": 0, \"created_at\": 1659980781, \"updated_at\": 1659980781, \"document_id\": 62, \"catalog_product_id\": 76}, \"changes\": []}',
        NULL, 1659980781, NULL, NULL),
       (533, 8, 7, 'ax_document_coming', 63, 'created',
        '{\"model\": {\"id\": 63, \"status\": 1, \"created_at\": 1659981213, \"updated_at\": 1659981213, \"counterparty_id\": 1, \"fin_transaction_type_id\": 2, \"catalog_storage_place_id\": 1}, \"changes\": []}',
        NULL, 1659981213, NULL, NULL),
       (534, 8, 7, 'ax_document_coming_content', 102, 'created',
        '{\"model\": {\"id\": 102, \"price\": 2500, \"quantity\": 1, \"price_out\": 0, \"created_at\": 1659981213, \"updated_at\": 1659981213, \"document_id\": 63, \"catalog_product_id\": 66}, \"changes\": []}',
        NULL, 1659981213, NULL, NULL),
       (535, 8, 7, 'ax_document_coming_content', 103, 'created',
        '{\"model\": {\"id\": 103, \"price\": 1600, \"quantity\": 1, \"price_out\": 0, \"created_at\": 1659981213, \"updated_at\": 1659981213, \"document_id\": 63, \"catalog_product_id\": 67}, \"changes\": []}',
        NULL, 1659981213, NULL, NULL),
       (536, 8, 7, 'ax_document_coming_content', 104, 'created',
        '{\"model\": {\"id\": 104, \"price\": 1600, \"quantity\": 1, \"price_out\": 0, \"created_at\": 1659981213, \"updated_at\": 1659981213, \"document_id\": 63, \"catalog_product_id\": 68}, \"changes\": []}',
        NULL, 1659981213, NULL, NULL),
       (537, 8, 7, 'ax_document_coming_content', 105, 'created',
        '{\"model\": {\"id\": 105, \"price\": 1600, \"quantity\": 1, \"price_out\": 0, \"created_at\": 1659981213, \"updated_at\": 1659981213, \"document_id\": 63, \"catalog_product_id\": 69}, \"changes\": []}',
        NULL, 1659981213, NULL, NULL),
       (538, 8, 7, 'ax_document_coming_content', 106, 'created',
        '{\"model\": {\"id\": 106, \"price\": 1600, \"quantity\": 1, \"price_out\": 0, \"created_at\": 1659981213, \"updated_at\": 1659981213, \"document_id\": 63, \"catalog_product_id\": 70}, \"changes\": []}',
        NULL, 1659981213, NULL, NULL),
       (539, 8, 7, 'ax_document_coming_content', 107, 'created',
        '{\"model\": {\"id\": 107, \"price\": 1600, \"quantity\": 1, \"price_out\": 0, \"created_at\": 1659981213, \"updated_at\": 1659981213, \"document_id\": 63, \"catalog_product_id\": 71}, \"changes\": []}',
        NULL, 1659981213, NULL, NULL),
       (540, 8, 7, 'ax_document_coming_content', 108, 'created',
        '{\"model\": {\"id\": 108, \"price\": 1500, \"quantity\": 1, \"price_out\": 0, \"created_at\": 1659981213, \"updated_at\": 1659981213, \"document_id\": 63, \"catalog_product_id\": 72}, \"changes\": []}',
        NULL, 1659981213, NULL, NULL),
       (541, 8, 7, 'ax_document_coming_content', 109, 'created',
        '{\"model\": {\"id\": 109, \"price\": 1000, \"quantity\": 1, \"price_out\": 0, \"created_at\": 1659981213, \"updated_at\": 1659981213, \"document_id\": 63, \"catalog_product_id\": 73}, \"changes\": []}',
        NULL, 1659981213, NULL, NULL),
       (542, 8, 7, 'ax_document_coming_content', 110, 'created',
        '{\"model\": {\"id\": 110, \"price\": 1900, \"quantity\": 1, \"price_out\": 0, \"created_at\": 1659981213, \"updated_at\": 1659981213, \"document_id\": 63, \"catalog_product_id\": 74}, \"changes\": []}',
        NULL, 1659981213, NULL, NULL),
       (543, 8, 7, 'ax_document_coming_content', 111, 'created',
        '{\"model\": {\"id\": 111, \"price\": 1300, \"quantity\": 1, \"price_out\": 0, \"created_at\": 1659981213, \"updated_at\": 1659981213, \"document_id\": 63, \"catalog_product_id\": 75}, \"changes\": []}',
        NULL, 1659981213, NULL, NULL),
       (544, 8, 7, 'ax_document_coming_content', 112, 'created',
        '{\"model\": {\"id\": 112, \"price\": 1600, \"quantity\": 1, \"price_out\": 0, \"created_at\": 1659981213, \"updated_at\": 1659981213, \"document_id\": 63, \"catalog_product_id\": 76}, \"changes\": []}',
        NULL, 1659981213, NULL, NULL),
       (545, 8, 7, 'ax_document_coming_content', 102, 'updated',
        '{\"model\": {\"id\": 102, \"price\": 2500, \"quantity\": 1, \"price_out\": 2500, \"created_at\": 1659981213, \"deleted_at\": null, \"updated_at\": 1659981285, \"description\": null, \"document_id\": 63, \"catalog_product_id\": 66, \"catalog_storage_id\": null}, \"changes\": {\"price_out\": 2500, \"updated_at\": 1659981285}}',
        NULL, 1659981285, NULL, NULL),
       (546, 8, 7, 'ax_document_coming_content', 103, 'updated',
        '{\"model\": {\"id\": 103, \"price\": 1600, \"quantity\": 1, \"price_out\": 1600, \"created_at\": 1659981213, \"deleted_at\": null, \"updated_at\": 1659981285, \"description\": null, \"document_id\": 63, \"catalog_product_id\": 67, \"catalog_storage_id\": null}, \"changes\": {\"price_out\": 1600, \"updated_at\": 1659981285}}',
        NULL, 1659981285, NULL, NULL),
       (547, 8, 7, 'ax_document_coming_content', 104, 'updated',
        '{\"model\": {\"id\": 104, \"price\": 1600, \"quantity\": 1, \"price_out\": 1600, \"created_at\": 1659981213, \"deleted_at\": null, \"updated_at\": 1659981285, \"description\": null, \"document_id\": 63, \"catalog_product_id\": 68, \"catalog_storage_id\": null}, \"changes\": {\"price_out\": 1600, \"updated_at\": 1659981285}}',
        NULL, 1659981285, NULL, NULL),
       (548, 8, 7, 'ax_document_coming_content', 105, 'updated',
        '{\"model\": {\"id\": 105, \"price\": 1600, \"quantity\": 1, \"price_out\": 1600, \"created_at\": 1659981213, \"deleted_at\": null, \"updated_at\": 1659981285, \"description\": null, \"document_id\": 63, \"catalog_product_id\": 69, \"catalog_storage_id\": null}, \"changes\": {\"price_out\": 1600, \"updated_at\": 1659981285}}',
        NULL, 1659981285, NULL, NULL),
       (549, 8, 7, 'ax_document_coming_content', 106, 'updated',
        '{\"model\": {\"id\": 106, \"price\": 1600, \"quantity\": 1, \"price_out\": 1600, \"created_at\": 1659981213, \"deleted_at\": null, \"updated_at\": 1659981285, \"description\": null, \"document_id\": 63, \"catalog_product_id\": 70, \"catalog_storage_id\": null}, \"changes\": {\"price_out\": 1600, \"updated_at\": 1659981285}}',
        NULL, 1659981285, NULL, NULL),
       (550, 8, 7, 'ax_document_coming_content', 107, 'updated',
        '{\"model\": {\"id\": 107, \"price\": 1600, \"quantity\": 1, \"price_out\": 1600, \"created_at\": 1659981213, \"deleted_at\": null, \"updated_at\": 1659981285, \"description\": null, \"document_id\": 63, \"catalog_product_id\": 71, \"catalog_storage_id\": null}, \"changes\": {\"price_out\": 1600, \"updated_at\": 1659981285}}',
        NULL, 1659981285, NULL, NULL),
       (551, 8, 7, 'ax_document_coming_content', 108, 'updated',
        '{\"model\": {\"id\": 108, \"price\": 1500, \"quantity\": 1, \"price_out\": 1500, \"created_at\": 1659981213, \"deleted_at\": null, \"updated_at\": 1659981285, \"description\": null, \"document_id\": 63, \"catalog_product_id\": 72, \"catalog_storage_id\": null}, \"changes\": {\"price_out\": 1500, \"updated_at\": 1659981285}}',
        NULL, 1659981285, NULL, NULL),
       (552, 8, 7, 'ax_document_coming_content', 109, 'updated',
        '{\"model\": {\"id\": 109, \"price\": 1000, \"quantity\": 1, \"price_out\": 1000, \"created_at\": 1659981213, \"deleted_at\": null, \"updated_at\": 1659981285, \"description\": null, \"document_id\": 63, \"catalog_product_id\": 73, \"catalog_storage_id\": null}, \"changes\": {\"price_out\": 1000, \"updated_at\": 1659981285}}',
        NULL, 1659981285, NULL, NULL),
       (553, 8, 7, 'ax_document_coming_content', 110, 'updated',
        '{\"model\": {\"id\": 110, \"price\": 1900, \"quantity\": 1, \"price_out\": 1900, \"created_at\": 1659981213, \"deleted_at\": null, \"updated_at\": 1659981285, \"description\": null, \"document_id\": 63, \"catalog_product_id\": 74, \"catalog_storage_id\": null}, \"changes\": {\"price_out\": 1900, \"updated_at\": 1659981285}}',
        NULL, 1659981285, NULL, NULL),
       (554, 8, 7, 'ax_document_coming_content', 111, 'updated',
        '{\"model\": {\"id\": 111, \"price\": 1300, \"quantity\": 1, \"price_out\": 1300, \"created_at\": 1659981213, \"deleted_at\": null, \"updated_at\": 1659981285, \"description\": null, \"document_id\": 63, \"catalog_product_id\": 75, \"catalog_storage_id\": null}, \"changes\": {\"price_out\": 1300, \"updated_at\": 1659981285}}',
        NULL, 1659981285, NULL, NULL),
       (555, 8, 7, 'ax_document_coming_content', 112, 'updated',
        '{\"model\": {\"id\": 112, \"price\": 1600, \"quantity\": 1, \"price_out\": 1600, \"created_at\": 1659981213, \"deleted_at\": null, \"updated_at\": 1659981285, \"description\": null, \"document_id\": 63, \"catalog_product_id\": 76, \"catalog_storage_id\": null}, \"changes\": {\"price_out\": 1600, \"updated_at\": 1659981285}}',
        NULL, 1659981285, NULL, NULL),
       (556, 8, 7, 'ax_catalog_product', 66, 'updated',
        '{\"model\": {\"id\": 66, \"url\": \"lotus\", \"hits\": 0, \"sort\": null, \"alias\": \"lotus\", \"image\": \"/upload/ax_catalog_product/lotus/HFuEiZN44SK7qvThYzK12YnufvDTEWdvDgEceDfa.jpeg\", \"media\": null, \"price\": 2500, \"stars\": 0, \"title\": \"✶ Lotus ✶\", \"is_single\": 1, \"render_id\": null, \"show_date\": 1, \"created_at\": 1659906000, \"deleted_at\": null, \"updated_at\": 1659981285, \"category_id\": 3, \"description\": \"<p>Абрикос на столе, не только вкусно но и красиво.</p><p>Необычная подача закусок будет радовать не только гостей но вас.</p><p><br></p>\", \"is_comments\": 0, \"title_short\": null, \"is_published\": 1, \"is_watermark\": 0, \"is_favourites\": 0, \"preview_description\": null}, \"changes\": {\"updated_at\": 1659981285, \"is_published\": 1}}',
        NULL, 1659981285, NULL, NULL),
       (557, 8, 7, 'ax_document_coming_content', 102, 'updated',
        '{\"model\": {\"id\": 102, \"price\": 2500, \"document\": {\"id\": 63, \"status\": 1, \"document\": null, \"created_at\": 1659981213, \"deleted_at\": null, \"updated_at\": 1659981213, \"currency_id\": null, \"document_id\": null, \"counterparty_id\": 1, \"fin_transaction_type_id\": 2, \"catalog_storage_place_id\": 1}, \"quantity\": 1, \"price_out\": 2500, \"created_at\": 1659981213, \"deleted_at\": null, \"updated_at\": 1659981285, \"description\": null, \"document_id\": 63, \"catalog_product_id\": 66, \"catalog_storage_id\": 65}, \"changes\": {\"catalog_storage_id\": 65}}',
        NULL, 1659981285, NULL, NULL),
       (558, 8, 7, 'ax_catalog_product', 67, 'updated',
        '{\"model\": {\"id\": 67, \"url\": \"list-monstery\", \"hits\": 0, \"sort\": null, \"alias\": \"list-monstery\", \"image\": \"/upload/ax_catalog_product/list-monstery/hKZTf9YgTzDAqORuhQApLEEFxZ3SQeMsA6GQZinL.jpeg\", \"media\": null, \"price\": 1600, \"stars\": 0, \"title\": \"✶ Лист Монстеры ✶\", \"is_single\": 1, \"render_id\": null, \"show_date\": 1, \"created_at\": 1659906000, \"deleted_at\": null, \"updated_at\": 1659981285, \"category_id\": 2, \"description\": \"<p>Доска не только для нарезки, но и для подачи.</p><p>Подать можно все что угодно, от бутербродов на завтрак до закуски к приятному вечеру.</p>\", \"is_comments\": 0, \"title_short\": null, \"is_published\": 1, \"is_watermark\": 0, \"is_favourites\": 0, \"preview_description\": null}, \"changes\": {\"updated_at\": 1659981285, \"is_published\": 1}}',
        NULL, 1659981285, NULL, NULL),
       (559, 8, 7, 'ax_document_coming_content', 103, 'updated',
        '{\"model\": {\"id\": 103, \"price\": 1600, \"document\": {\"id\": 63, \"status\": 1, \"document\": null, \"created_at\": 1659981213, \"deleted_at\": null, \"updated_at\": 1659981213, \"currency_id\": null, \"document_id\": null, \"counterparty_id\": 1, \"fin_transaction_type_id\": 2, \"catalog_storage_place_id\": 1}, \"quantity\": 1, \"price_out\": 1600, \"created_at\": 1659981213, \"deleted_at\": null, \"updated_at\": 1659981285, \"description\": null, \"document_id\": 63, \"catalog_product_id\": 67, \"catalog_storage_id\": 66}, \"changes\": {\"catalog_storage_id\": 66}}',
        NULL, 1659981285, NULL, NULL),
       (560, 8, 7, 'ax_catalog_product', 68, 'updated',
        '{\"model\": {\"id\": 68, \"url\": \"orange-mini\", \"hits\": 0, \"sort\": null, \"alias\": \"orange-mini\", \"image\": \"/upload/ax_catalog_product/orange-mini/IZu34NMRbUXKTgG2d1GvoPh1y89RQYWGq24FS9Jh.jpeg\", \"media\": null, \"price\": 1600, \"stars\": 0, \"title\": \"✶ Orange mini ✶\", \"is_single\": 1, \"render_id\": null, \"show_date\": 1, \"created_at\": 1659906000, \"deleted_at\": null, \"updated_at\": 1659981285, \"category_id\": 2, \"description\": \"Ваша помощница на кухне для повседневного творения шедевров.\", \"is_comments\": 0, \"title_short\": null, \"is_published\": 1, \"is_watermark\": 0, \"is_favourites\": 0, \"preview_description\": null}, \"changes\": {\"updated_at\": 1659981285, \"is_published\": 1}}',
        NULL, 1659981285, NULL, NULL),
       (561, 8, 7, 'ax_document_coming_content', 104, 'updated',
        '{\"model\": {\"id\": 104, \"price\": 1600, \"document\": {\"id\": 63, \"status\": 1, \"document\": null, \"created_at\": 1659981213, \"deleted_at\": null, \"updated_at\": 1659981213, \"currency_id\": null, \"document_id\": null, \"counterparty_id\": 1, \"fin_transaction_type_id\": 2, \"catalog_storage_place_id\": 1}, \"quantity\": 1, \"price_out\": 1600, \"created_at\": 1659981213, \"deleted_at\": null, \"updated_at\": 1659981285, \"description\": null, \"document_id\": 63, \"catalog_product_id\": 68, \"catalog_storage_id\": 67}, \"changes\": {\"catalog_storage_id\": 67}}',
        NULL, 1659981285, NULL, NULL),
       (562, 8, 7, 'ax_catalog_product', 69, 'updated',
        '{\"model\": {\"id\": 69, \"url\": \"myata\", \"hits\": 0, \"sort\": null, \"alias\": \"myata\", \"image\": \"/upload/ax_catalog_product/myata/5sqzVqGjojJxGyKVRxMJ81HFeoN3ArRivsiIo2y1.jpeg\", \"media\": null, \"price\": 1600, \"stars\": 0, \"title\": \"✶ Мята ✶\", \"is_single\": 1, \"render_id\": null, \"show_date\": 1, \"created_at\": 1659906000, \"deleted_at\": null, \"updated_at\": 1659981285, \"category_id\": 2, \"description\": null, \"is_comments\": 0, \"title_short\": null, \"is_published\": 1, \"is_watermark\": 0, \"is_favourites\": 0, \"preview_description\": null}, \"changes\": {\"updated_at\": 1659981285, \"is_published\": 1}}',
        NULL, 1659981285, NULL, NULL),
       (563, 8, 7, 'ax_document_coming_content', 105, 'updated',
        '{\"model\": {\"id\": 105, \"price\": 1600, \"document\": {\"id\": 63, \"status\": 1, \"document\": null, \"created_at\": 1659981213, \"deleted_at\": null, \"updated_at\": 1659981213, \"currency_id\": null, \"document_id\": null, \"counterparty_id\": 1, \"fin_transaction_type_id\": 2, \"catalog_storage_place_id\": 1}, \"quantity\": 1, \"price_out\": 1600, \"created_at\": 1659981213, \"deleted_at\": null, \"updated_at\": 1659981285, \"description\": null, \"document_id\": 63, \"catalog_product_id\": 69, \"catalog_storage_id\": 68}, \"changes\": {\"catalog_storage_id\": 68}}',
        NULL, 1659981285, NULL, NULL),
       (564, 8, 7, 'ax_catalog_product', 70, 'updated',
        '{\"model\": {\"id\": 70, \"url\": \"evkalipt\", \"hits\": 0, \"sort\": null, \"alias\": \"evkalipt\", \"image\": \"/upload/ax_catalog_product/evkalipt/nKOEBTcSZQplTZxxZmVKt2P0G3FOcWrJHjmE83wf.jpeg\", \"media\": null, \"price\": 1600, \"stars\": 0, \"title\": \"✶ Эвкалипт ✶\", \"is_single\": 1, \"render_id\": null, \"show_date\": 1, \"created_at\": 1659906000, \"deleted_at\": null, \"updated_at\": 1659981285, \"category_id\": 2, \"description\": null, \"is_comments\": 0, \"title_short\": null, \"is_published\": 1, \"is_watermark\": 0, \"is_favourites\": 0, \"preview_description\": null}, \"changes\": {\"updated_at\": 1659981285, \"is_published\": 1}}',
        NULL, 1659981285, NULL, NULL),
       (565, 8, 7, 'ax_document_coming_content', 106, 'updated',
        '{\"model\": {\"id\": 106, \"price\": 1600, \"document\": {\"id\": 63, \"status\": 1, \"document\": null, \"created_at\": 1659981213, \"deleted_at\": null, \"updated_at\": 1659981213, \"currency_id\": null, \"document_id\": null, \"counterparty_id\": 1, \"fin_transaction_type_id\": 2, \"catalog_storage_place_id\": 1}, \"quantity\": 1, \"price_out\": 1600, \"created_at\": 1659981213, \"deleted_at\": null, \"updated_at\": 1659981285, \"description\": null, \"document_id\": 63, \"catalog_product_id\": 70, \"catalog_storage_id\": 69}, \"changes\": {\"catalog_storage_id\": 69}}',
        NULL, 1659981285, NULL, NULL),
       (566, 8, 7, 'ax_catalog_product', 71, 'updated',
        '{\"model\": {\"id\": 71, \"url\": \"ptero\", \"hits\": 0, \"sort\": null, \"alias\": \"ptero\", \"image\": \"/upload/ax_catalog_product/ptero/CVsa4a8nCrNnJy4031FWWScrAgfxO6MJ3HC0n10I.jpeg\", \"media\": null, \"price\": 1600, \"stars\": 0, \"title\": \"✶ Ptero ✶\", \"is_single\": 1, \"render_id\": null, \"show_date\": 1, \"created_at\": 1659906000, \"deleted_at\": null, \"updated_at\": 1659981285, \"category_id\": 2, \"description\": null, \"is_comments\": 0, \"title_short\": null, \"is_published\": 1, \"is_watermark\": 0, \"is_favourites\": 0, \"preview_description\": null}, \"changes\": {\"updated_at\": 1659981285, \"is_published\": 1}}',
        NULL, 1659981285, NULL, NULL),
       (567, 8, 7, 'ax_document_coming_content', 107, 'updated',
        '{\"model\": {\"id\": 107, \"price\": 1600, \"document\": {\"id\": 63, \"status\": 1, \"document\": null, \"created_at\": 1659981213, \"deleted_at\": null, \"updated_at\": 1659981213, \"currency_id\": null, \"document_id\": null, \"counterparty_id\": 1, \"fin_transaction_type_id\": 2, \"catalog_storage_place_id\": 1}, \"quantity\": 1, \"price_out\": 1600, \"created_at\": 1659981213, \"deleted_at\": null, \"updated_at\": 1659981285, \"description\": null, \"document_id\": 63, \"catalog_product_id\": 71, \"catalog_storage_id\": 70}, \"changes\": {\"catalog_storage_id\": 70}}',
        NULL, 1659981285, NULL, NULL),
       (568, 8, 7, 'ax_catalog_product', 72, 'updated',
        '{\"model\": {\"id\": 72, \"url\": \"list-banana\", \"hits\": 0, \"sort\": null, \"alias\": \"list-banana\", \"image\": \"/upload/ax_catalog_product/list-banana/GPG5Dl36TGELyCFTUwW9tqujAQsNituzyEpoMYmP.jpeg\", \"media\": null, \"price\": 1499, \"stars\": 0, \"title\": \"✶ Лист банана ✶\", \"is_single\": 1, \"render_id\": null, \"show_date\": 1, \"created_at\": 1659906000, \"deleted_at\": null, \"updated_at\": 1659981285, \"category_id\": 2, \"description\": null, \"is_comments\": 0, \"title_short\": null, \"is_published\": 1, \"is_watermark\": 0, \"is_favourites\": 0, \"preview_description\": null}, \"changes\": {\"updated_at\": 1659981285, \"is_published\": 1}}',
        NULL, 1659981285, NULL, NULL),
       (569, 8, 7, 'ax_document_coming_content', 108, 'updated',
        '{\"model\": {\"id\": 108, \"price\": 1500, \"document\": {\"id\": 63, \"status\": 1, \"document\": null, \"created_at\": 1659981213, \"deleted_at\": null, \"updated_at\": 1659981213, \"currency_id\": null, \"document_id\": null, \"counterparty_id\": 1, \"fin_transaction_type_id\": 2, \"catalog_storage_place_id\": 1}, \"quantity\": 1, \"price_out\": 1500, \"created_at\": 1659981213, \"deleted_at\": null, \"updated_at\": 1659981285, \"description\": null, \"document_id\": 63, \"catalog_product_id\": 72, \"catalog_storage_id\": 71}, \"changes\": {\"catalog_storage_id\": 71}}',
        NULL, 1659981285, NULL, NULL),
       (570, 8, 7, 'ax_catalog_product', 73, 'updated',
        '{\"model\": {\"id\": 73, \"url\": \"list-mons\", \"hits\": 0, \"sort\": null, \"alias\": \"list-mons\", \"image\": \"/upload/ax_catalog_product/list-mons/G0rSNoeFzm6pZ9DqQ6OkeWgl4xrimc3xmxBwSTb5.jpeg\", \"media\": null, \"price\": 1000, \"stars\": 0, \"title\": \"✶ Лист Mons ✶\", \"is_single\": 1, \"render_id\": null, \"show_date\": 1, \"created_at\": 1659906000, \"deleted_at\": null, \"updated_at\": 1659981285, \"category_id\": 2, \"description\": null, \"is_comments\": 0, \"title_short\": null, \"is_published\": 1, \"is_watermark\": 0, \"is_favourites\": 0, \"preview_description\": null}, \"changes\": {\"updated_at\": 1659981285, \"is_published\": 1}}',
        NULL, 1659981285, NULL, NULL),
       (571, 8, 7, 'ax_document_coming_content', 109, 'updated',
        '{\"model\": {\"id\": 109, \"price\": 1000, \"document\": {\"id\": 63, \"status\": 1, \"document\": null, \"created_at\": 1659981213, \"deleted_at\": null, \"updated_at\": 1659981213, \"currency_id\": null, \"document_id\": null, \"counterparty_id\": 1, \"fin_transaction_type_id\": 2, \"catalog_storage_place_id\": 1}, \"quantity\": 1, \"price_out\": 1000, \"created_at\": 1659981213, \"deleted_at\": null, \"updated_at\": 1659981285, \"description\": null, \"document_id\": 63, \"catalog_product_id\": 73, \"catalog_storage_id\": 72}, \"changes\": {\"catalog_storage_id\": 72}}',
        NULL, 1659981285, NULL, NULL),
       (572, 8, 7, 'ax_catalog_product', 74, 'updated',
        '{\"model\": {\"id\": 74, \"url\": \"sannabis\", \"hits\": 0, \"sort\": null, \"alias\": \"sannabis\", \"image\": \"/upload/ax_catalog_product/sannabis/QBRW2Kv7flg3WqO11a93ZKxVJn7U9aq7jyaREUtR.jpeg\", \"media\": null, \"price\": 1900, \"stars\": 0, \"title\": \"✶ Сannabis ✶\", \"is_single\": 1, \"render_id\": null, \"show_date\": 1, \"created_at\": 1659906000, \"deleted_at\": null, \"updated_at\": 1659981285, \"category_id\": 2, \"description\": null, \"is_comments\": 0, \"title_short\": null, \"is_published\": 1, \"is_watermark\": 0, \"is_favourites\": 0, \"preview_description\": null}, \"changes\": {\"updated_at\": 1659981285, \"is_published\": 1}}',
        NULL, 1659981285, NULL, NULL),
       (573, 8, 7, 'ax_document_coming_content', 110, 'updated',
        '{\"model\": {\"id\": 110, \"price\": 1900, \"document\": {\"id\": 63, \"status\": 1, \"document\": null, \"created_at\": 1659981213, \"deleted_at\": null, \"updated_at\": 1659981213, \"currency_id\": null, \"document_id\": null, \"counterparty_id\": 1, \"fin_transaction_type_id\": 2, \"catalog_storage_place_id\": 1}, \"quantity\": 1, \"price_out\": 1900, \"created_at\": 1659981213, \"deleted_at\": null, \"updated_at\": 1659981285, \"description\": null, \"document_id\": 63, \"catalog_product_id\": 74, \"catalog_storage_id\": 73}, \"changes\": {\"catalog_storage_id\": 73}}',
        NULL, 1659981285, NULL, NULL),
       (574, 8, 7, 'ax_catalog_product', 75, 'updated',
        '{\"model\": {\"id\": 75, \"url\": \"bananovyj-list\", \"hits\": 0, \"sort\": null, \"alias\": \"bananovyj-list\", \"image\": \"/upload/ax_catalog_product/bananovyj-list/ciLp2gh0dOkjggAiZpnX09ptUsf6yYgNcxXNp0If.jpeg\", \"media\": null, \"price\": 1300, \"stars\": 0, \"title\": \"✶ Банановый лист✶\", \"is_single\": 1, \"render_id\": null, \"show_date\": 1, \"created_at\": 1659906000, \"deleted_at\": null, \"updated_at\": 1659981285, \"category_id\": 2, \"description\": null, \"is_comments\": 0, \"title_short\": null, \"is_published\": 1, \"is_watermark\": 0, \"is_favourites\": 0, \"preview_description\": null}, \"changes\": {\"updated_at\": 1659981285, \"is_published\": 1}}',
        NULL, 1659981285, NULL, NULL),
       (575, 8, 7, 'ax_document_coming_content', 111, 'updated',
        '{\"model\": {\"id\": 111, \"price\": 1300, \"document\": {\"id\": 63, \"status\": 1, \"document\": null, \"created_at\": 1659981213, \"deleted_at\": null, \"updated_at\": 1659981213, \"currency_id\": null, \"document_id\": null, \"counterparty_id\": 1, \"fin_transaction_type_id\": 2, \"catalog_storage_place_id\": 1}, \"quantity\": 1, \"price_out\": 1300, \"created_at\": 1659981213, \"deleted_at\": null, \"updated_at\": 1659981285, \"description\": null, \"document_id\": 63, \"catalog_product_id\": 75, \"catalog_storage_id\": 74}, \"changes\": {\"catalog_storage_id\": 74}}',
        NULL, 1659981285, NULL, NULL),
       (576, 8, 7, 'ax_catalog_product', 76, 'updated',
        '{\"model\": {\"id\": 76, \"url\": \"chaj\", \"hits\": 0, \"sort\": null, \"alias\": \"chaj\", \"image\": \"/upload/ax_catalog_product/chaj/IPABlhUrdUNky5RqsZhX6A41CFS89b6b6BHtWiTN.jpeg\", \"media\": null, \"price\": 1600, \"stars\": 0, \"title\": \"✶ Чай ✶\", \"is_single\": 1, \"render_id\": null, \"show_date\": 1, \"created_at\": 1659906000, \"deleted_at\": null, \"updated_at\": 1659981285, \"category_id\": 2, \"description\": null, \"is_comments\": 0, \"title_short\": null, \"is_published\": 1, \"is_watermark\": 0, \"is_favourites\": 0, \"preview_description\": null}, \"changes\": {\"updated_at\": 1659981285, \"is_published\": 1}}',
        NULL, 1659981285, NULL, NULL),
       (577, 8, 7, 'ax_document_coming_content', 112, 'updated',
        '{\"model\": {\"id\": 112, \"price\": 1600, \"document\": {\"id\": 63, \"status\": 1, \"document\": null, \"created_at\": 1659981213, \"deleted_at\": null, \"updated_at\": 1659981213, \"currency_id\": null, \"document_id\": null, \"counterparty_id\": 1, \"fin_transaction_type_id\": 2, \"catalog_storage_place_id\": 1}, \"quantity\": 1, \"price_out\": 1600, \"created_at\": 1659981213, \"deleted_at\": null, \"updated_at\": 1659981285, \"description\": null, \"document_id\": 63, \"catalog_product_id\": 76, \"catalog_storage_id\": 75}, \"changes\": {\"catalog_storage_id\": 75}}',
        NULL, 1659981285, NULL, NULL),
       (578, 29, NULL, 'ax_user', 19, 'created',
        '{\"model\": {\"id\": 19, \"phone\": 9104959808, \"last_name\": \"Комиссарова\", \"created_at\": 1660420870, \"first_name\": \"Жанна\", \"updated_at\": 1660420870, \"password_hash\": \"$2y$10$wOKLcW7OZa3aVO0kd7i9F.HSRbUmCpjeEx5w9npYl7DIOs/WASPwy\"}, \"changes\": []}',
        NULL, 1660420870, NULL, NULL),
       (579, 29, 19, 'ax_user', 19, 'login',
        '{\"model\": {\"id\": 19, \"phone\": 9104959808, \"roles\": [], \"last_name\": \"Комиссарова\", \"created_at\": 1660420870, \"first_name\": \"Жанна\", \"updated_at\": 1660420870, \"password_hash\": \"$2y$10$wOKLcW7OZa3aVO0kd7i9F.HSRbUmCpjeEx5w9npYl7DIOs/WASPwy\"}, \"changes\": []}',
        NULL, 1660420870, NULL, NULL),
       (580, 29, 19, 'ax_user', 19, 'updated',
        '{\"model\": {\"id\": 19, \"email\": null, \"phone\": 9104959808, \"avatar\": null, \"status\": 0, \"auth_key\": null, \"is_email\": 0, \"is_phone\": 0, \"last_name\": \"Комиссарова\", \"created_at\": 1660420870, \"deleted_at\": null, \"first_name\": \"Жанна\", \"patronymic\": null, \"updated_at\": 1660420870, \"password_hash\": \"$2y$10$wOKLcW7OZa3aVO0kd7i9F.HSRbUmCpjeEx5w9npYl7DIOs/WASPwy\", \"password_reset_token\": null}, \"changes\": {\"remember_token\": \"haGlerEEpiP4ouqOwlP3DxZQhWa4805Jw5siMntIuHEGmJA6D1nftx03999Y\"}}',
        NULL, 1660420898, NULL, NULL),
       (581, 29, 19, 'ax_user', 19, 'login',
        '{\"model\": {\"id\": 19, \"email\": null, \"phone\": 9104959808, \"roles\": [], \"avatar\": null, \"status\": 0, \"auth_key\": null, \"is_email\": 0, \"is_phone\": 0, \"last_name\": \"Комиссарова\", \"created_at\": 1660420870, \"deleted_at\": null, \"first_name\": \"Жанна\", \"patronymic\": null, \"updated_at\": 1660420870, \"password_hash\": \"$2y$10$wOKLcW7OZa3aVO0kd7i9F.HSRbUmCpjeEx5w9npYl7DIOs/WASPwy\", \"password_reset_token\": null}, \"changes\": []}',
        NULL, 1660420898, NULL, NULL),
       (582, 33, 7, 'ax_document_write_off', 54, 'created',
        '{\"model\": {\"id\": 54, \"status\": 1, \"created_at\": 1662794581, \"updated_at\": 1662794581, \"fin_transaction_type_id\": 1, \"catalog_storage_place_id\": 1}, \"changes\": []}',
        NULL, 1662794581, NULL, NULL),
       (583, 33, 7, 'ax_document_write_off_content', 55, 'created',
        '{\"model\": {\"id\": 55, \"price\": 0, \"quantity\": 1, \"created_at\": 1662794581, \"updated_at\": 1662794581, \"document_id\": 54, \"catalog_product_id\": 5}, \"changes\": []}',
        NULL, 1662794581, NULL, NULL),
       (584, 33, 7, 'ax_document_write_off_content', 55, 'updated',
        '{\"model\": {\"id\": 55, \"price\": 0, \"document\": {\"id\": 54, \"status\": 1, \"document\": null, \"created_at\": 1662794581, \"deleted_at\": null, \"updated_at\": 1662794581, \"currency_id\": null, \"document_id\": null, \"fin_transaction_type_id\": 1, \"catalog_storage_place_id\": 1}, \"quantity\": 1, \"created_at\": 1662794581, \"deleted_at\": null, \"updated_at\": 1662794581, \"description\": null, \"document_id\": 54, \"catalog_product_id\": 5, \"catalog_storage_id\": 4}, \"changes\": {\"catalog_storage_id\": 4}}',
        NULL, 1662794581, NULL, NULL),
       (585, 33, 7, 'ax_document_write_off', 55, 'created',
        '{\"model\": {\"id\": 55, \"status\": 1, \"created_at\": 1662794605, \"updated_at\": 1662794605, \"fin_transaction_type_id\": 1, \"catalog_storage_place_id\": 1}, \"changes\": []}',
        NULL, 1662794605, NULL, NULL),
       (586, 33, 7, 'ax_document_write_off_content', 56, 'created',
        '{\"model\": {\"id\": 56, \"price\": 0, \"quantity\": 1, \"created_at\": 1662794605, \"updated_at\": 1662794605, \"document_id\": 55, \"catalog_product_id\": 14}, \"changes\": []}',
        NULL, 1662794605, NULL, NULL),
       (587, 33, 7, 'ax_document_write_off_content', 56, 'updated',
        '{\"model\": {\"id\": 56, \"price\": 0, \"document\": {\"id\": 55, \"status\": 1, \"document\": null, \"created_at\": 1662794605, \"deleted_at\": null, \"updated_at\": 1662794605, \"currency_id\": null, \"document_id\": null, \"fin_transaction_type_id\": 1, \"catalog_storage_place_id\": 1}, \"quantity\": 1, \"created_at\": 1662794605, \"deleted_at\": null, \"updated_at\": 1662794605, \"description\": null, \"document_id\": 55, \"catalog_product_id\": 14, \"catalog_storage_id\": 13}, \"changes\": {\"catalog_storage_id\": 13}}',
        NULL, 1662794605, NULL, NULL),
       (588, 33, 7, 'ax_document_write_off', 56, 'created',
        '{\"model\": {\"id\": 56, \"status\": 1, \"created_at\": 1662794663, \"updated_at\": 1662794663, \"fin_transaction_type_id\": 1, \"catalog_storage_place_id\": 1}, \"changes\": []}',
        NULL, 1662794663, NULL, NULL),
       (589, 33, 7, 'ax_document_write_off_content', 57, 'created',
        '{\"model\": {\"id\": 57, \"price\": 0, \"quantity\": 1, \"created_at\": 1662794663, \"updated_at\": 1662794663, \"document_id\": 56, \"catalog_product_id\": 66}, \"changes\": []}',
        NULL, 1662794663, NULL, NULL),
       (590, 33, 7, 'ax_document_write_off_content', 57, 'updated',
        '{\"model\": {\"id\": 57, \"price\": 0, \"document\": {\"id\": 56, \"status\": 1, \"document\": null, \"created_at\": 1662794663, \"deleted_at\": null, \"updated_at\": 1662794663, \"currency_id\": null, \"document_id\": null, \"fin_transaction_type_id\": 1, \"catalog_storage_place_id\": 1}, \"quantity\": 1, \"created_at\": 1662794663, \"deleted_at\": null, \"updated_at\": 1662794663, \"description\": null, \"document_id\": 56, \"catalog_product_id\": 66, \"catalog_storage_id\": 65}, \"changes\": {\"catalog_storage_id\": 65}}',
        NULL, 1662794663, NULL, NULL),
       (591, 33, 7, 'ax_document_write_off', 57, 'created',
        '{\"model\": {\"id\": 57, \"status\": 1, \"created_at\": 1662801077, \"updated_at\": 1662801077, \"fin_transaction_type_id\": 1, \"catalog_storage_place_id\": 1}, \"changes\": []}',
        NULL, 1662801077, NULL, NULL),
       (592, 33, 7, 'ax_document_write_off_content', 58, 'created',
        '{\"model\": {\"id\": 58, \"price\": 0, \"quantity\": 1, \"created_at\": 1662801077, \"updated_at\": 1662801077, \"document_id\": 57, \"catalog_product_id\": 66}, \"changes\": []}',
        NULL, 1662801077, NULL, NULL),
       (593, 33, 7, 'ax_document_write_off_content', 58, 'updated',
        '{\"model\": {\"id\": 58, \"price\": 0, \"document\": {\"id\": 57, \"status\": 1, \"document\": null, \"created_at\": 1662801077, \"deleted_at\": null, \"updated_at\": 1662801077, \"currency_id\": null, \"document_id\": null, \"fin_transaction_type_id\": 1, \"catalog_storage_place_id\": 1}, \"quantity\": 1, \"created_at\": 1662801077, \"deleted_at\": null, \"updated_at\": 1662801077, \"description\": null, \"document_id\": 57, \"catalog_product_id\": 66, \"catalog_storage_id\": 65}, \"changes\": {\"catalog_storage_id\": 65}}',
        NULL, 1662801077, NULL, NULL),
       (594, 33, 7, 'ax_document_write_off', 58, 'created',
        '{\"model\": {\"id\": 58, \"status\": 1, \"created_at\": 1662801093, \"updated_at\": 1662801093, \"fin_transaction_type_id\": 1, \"catalog_storage_place_id\": 1}, \"changes\": []}',
        NULL, 1662801093, NULL, NULL),
       (595, 33, 7, 'ax_document_write_off_content', 59, 'created',
        '{\"model\": {\"id\": 59, \"price\": 0, \"quantity\": 1, \"created_at\": 1662801093, \"updated_at\": 1662801093, \"document_id\": 58, \"catalog_product_id\": 75}, \"changes\": []}',
        NULL, 1662801093, NULL, NULL),
       (596, 33, 7, 'ax_document_write_off_content', 59, 'updated',
        '{\"model\": {\"id\": 59, \"price\": 0, \"document\": {\"id\": 58, \"status\": 1, \"document\": null, \"created_at\": 1662801093, \"deleted_at\": null, \"updated_at\": 1662801093, \"currency_id\": null, \"document_id\": null, \"fin_transaction_type_id\": 1, \"catalog_storage_place_id\": 1}, \"quantity\": 1, \"created_at\": 1662801093, \"deleted_at\": null, \"updated_at\": 1662801093, \"description\": null, \"document_id\": 58, \"catalog_product_id\": 75, \"catalog_storage_id\": 74}, \"changes\": {\"catalog_storage_id\": 74}}',
        NULL, 1662801093, NULL, NULL),
       (597, 33, 7, 'ax_document_write_off', 59, 'created',
        '{\"model\": {\"id\": 59, \"status\": 1, \"created_at\": 1662801113, \"updated_at\": 1662801113, \"fin_transaction_type_id\": 1, \"catalog_storage_place_id\": 1}, \"changes\": []}',
        NULL, 1662801113, NULL, NULL),
       (598, 33, 7, 'ax_document_write_off_content', 60, 'created',
        '{\"model\": {\"id\": 60, \"price\": 0, \"quantity\": 1, \"created_at\": 1662801113, \"updated_at\": 1662801113, \"document_id\": 59, \"catalog_product_id\": 75}, \"changes\": []}',
        NULL, 1662801113, NULL, NULL),
       (599, 33, 7, 'ax_document_write_off_content', 60, 'updated',
        '{\"model\": {\"id\": 60, \"price\": 0, \"document\": {\"id\": 59, \"status\": 1, \"document\": null, \"created_at\": 1662801113, \"deleted_at\": null, \"updated_at\": 1662801113, \"currency_id\": null, \"document_id\": null, \"fin_transaction_type_id\": 1, \"catalog_storage_place_id\": 1}, \"quantity\": 1, \"created_at\": 1662801113, \"deleted_at\": null, \"updated_at\": 1662801113, \"description\": null, \"document_id\": 59, \"catalog_product_id\": 75, \"catalog_storage_id\": 74}, \"changes\": {\"catalog_storage_id\": 74}}',
        NULL, 1662801113, NULL, NULL),
       (600, 33, 7, 'ax_document_write_off', 60, 'created',
        '{\"model\": {\"id\": 60, \"status\": 1, \"created_at\": 1662801147, \"updated_at\": 1662801147, \"fin_transaction_type_id\": 1, \"catalog_storage_place_id\": 1}, \"changes\": []}',
        NULL, 1662801147, NULL, NULL),
       (601, 33, 7, 'ax_document_write_off_content', 61, 'created',
        '{\"model\": {\"id\": 61, \"price\": 0, \"quantity\": 1, \"created_at\": 1662801147, \"updated_at\": 1662801147, \"document_id\": 60, \"catalog_product_id\": 75}, \"changes\": []}',
        NULL, 1662801147, NULL, NULL),
       (602, 33, 7, 'ax_document_write_off_content', 61, 'updated',
        '{\"model\": {\"id\": 61, \"price\": 0, \"document\": {\"id\": 60, \"status\": 1, \"document\": null, \"created_at\": 1662801147, \"deleted_at\": null, \"updated_at\": 1662801147, \"currency_id\": null, \"document_id\": null, \"fin_transaction_type_id\": 1, \"catalog_storage_place_id\": 1}, \"quantity\": 1, \"created_at\": 1662801147, \"deleted_at\": null, \"updated_at\": 1662801147, \"description\": null, \"document_id\": 60, \"catalog_product_id\": 75, \"catalog_storage_id\": 74}, \"changes\": {\"catalog_storage_id\": 74}}',
        NULL, 1662801147, NULL, NULL),
       (603, 34, 7, 'ax_document_write_off', 61, 'created',
        '{\"model\": {\"id\": 61, \"status\": 1, \"created_at\": 1663044079, \"updated_at\": 1663044079, \"fin_transaction_type_id\": 1, \"catalog_storage_place_id\": 1}, \"changes\": []}',
        NULL, 1663044079, NULL, NULL),
       (604, 34, 7, 'ax_document_write_off_content', 62, 'created',
        '{\"model\": {\"id\": 62, \"price\": 0, \"quantity\": 1, \"created_at\": 1663044079, \"updated_at\": 1663044079, \"document_id\": 61, \"catalog_product_id\": 69}, \"changes\": []}',
        NULL, 1663044079, NULL, NULL),
       (605, 34, 7, 'ax_document_write_off_content', 62, 'updated',
        '{\"model\": {\"id\": 62, \"price\": 0, \"document\": {\"id\": 61, \"status\": 1, \"document\": null, \"created_at\": 1663044079, \"deleted_at\": null, \"updated_at\": 1663044079, \"currency_id\": null, \"document_id\": null, \"fin_transaction_type_id\": 1, \"catalog_storage_place_id\": 1}, \"quantity\": 1, \"created_at\": 1663044079, \"deleted_at\": null, \"updated_at\": 1663044079, \"description\": null, \"document_id\": 61, \"catalog_product_id\": 69, \"catalog_storage_id\": 68}, \"changes\": {\"catalog_storage_id\": 68}}',
        NULL, 1663044079, NULL, NULL),
       (606, 34, 7, 'ax_document_write_off', 62, 'created',
        '{\"model\": {\"id\": 62, \"status\": 1, \"created_at\": 1663044103, \"updated_at\": 1663044103, \"fin_transaction_type_id\": 1, \"catalog_storage_place_id\": 1}, \"changes\": []}',
        NULL, 1663044103, NULL, NULL),
       (607, 34, 7, 'ax_document_write_off_content', 63, 'created',
        '{\"model\": {\"id\": 63, \"price\": 0, \"quantity\": 1, \"created_at\": 1663044103, \"updated_at\": 1663044103, \"document_id\": 62, \"catalog_product_id\": 66}, \"changes\": []}',
        NULL, 1663044103, NULL, NULL),
       (608, 34, 7, 'ax_document_write_off_content', 63, 'updated',
        '{\"model\": {\"id\": 63, \"price\": 0, \"document\": {\"id\": 62, \"status\": 1, \"document\": null, \"created_at\": 1663044103, \"deleted_at\": null, \"updated_at\": 1663044103, \"currency_id\": null, \"document_id\": null, \"fin_transaction_type_id\": 1, \"catalog_storage_place_id\": 1}, \"quantity\": 1, \"created_at\": 1663044103, \"deleted_at\": null, \"updated_at\": 1663044103, \"description\": null, \"document_id\": 62, \"catalog_product_id\": 66, \"catalog_storage_id\": 65}, \"changes\": {\"catalog_storage_id\": 65}}',
        NULL, 1663044103, NULL, NULL),
       (609, 35, 7, 'ax_document_write_off', 63, 'created',
        '{\"model\": {\"id\": 63, \"status\": 1, \"created_at\": 1663044133, \"updated_at\": 1663044133, \"fin_transaction_type_id\": 1, \"catalog_storage_place_id\": 1}, \"changes\": []}',
        NULL, 1663044133, NULL, NULL),
       (610, 35, 7, 'ax_document_write_off_content', 64, 'created',
        '{\"model\": {\"id\": 64, \"price\": 0, \"quantity\": 1, \"created_at\": 1663044133, \"updated_at\": 1663044133, \"document_id\": 63, \"catalog_product_id\": 69}, \"changes\": []}',
        NULL, 1663044133, NULL, NULL),
       (611, 35, 7, 'ax_document_write_off_content', 64, 'updated',
        '{\"model\": {\"id\": 64, \"price\": 0, \"document\": {\"id\": 63, \"status\": 1, \"document\": null, \"created_at\": 1663044133, \"deleted_at\": null, \"updated_at\": 1663044133, \"currency_id\": null, \"document_id\": null, \"fin_transaction_type_id\": 1, \"catalog_storage_place_id\": 1}, \"quantity\": 1, \"created_at\": 1663044133, \"deleted_at\": null, \"updated_at\": 1663044133, \"description\": null, \"document_id\": 63, \"catalog_product_id\": 69, \"catalog_storage_id\": 68}, \"changes\": {\"catalog_storage_id\": 68}}',
        NULL, 1663044133, NULL, NULL),
       (612, 35, 7, 'ax_document_write_off', 64, 'created',
        '{\"model\": {\"id\": 64, \"status\": 1, \"created_at\": 1663044154, \"updated_at\": 1663044154, \"fin_transaction_type_id\": 1, \"catalog_storage_place_id\": 1}, \"changes\": []}',
        NULL, 1663044154, NULL, NULL),
       (613, 35, 7, 'ax_document_write_off_content', 65, 'created',
        '{\"model\": {\"id\": 65, \"price\": 0, \"quantity\": 1, \"created_at\": 1663044154, \"updated_at\": 1663044154, \"document_id\": 64, \"catalog_product_id\": 67}, \"changes\": []}',
        NULL, 1663044154, NULL, NULL),
       (614, 35, 7, 'ax_document_write_off_content', 65, 'updated',
        '{\"model\": {\"id\": 65, \"price\": 0, \"document\": {\"id\": 64, \"status\": 1, \"document\": null, \"created_at\": 1663044154, \"deleted_at\": null, \"updated_at\": 1663044154, \"currency_id\": null, \"document_id\": null, \"fin_transaction_type_id\": 1, \"catalog_storage_place_id\": 1}, \"quantity\": 1, \"created_at\": 1663044154, \"deleted_at\": null, \"updated_at\": 1663044154, \"description\": null, \"document_id\": 64, \"catalog_product_id\": 67, \"catalog_storage_id\": 66}, \"changes\": {\"catalog_storage_id\": 66}}',
        NULL, 1663044154, NULL, NULL),
       (615, 35, 7, 'ax_document_write_off', 65, 'created',
        '{\"model\": {\"id\": 65, \"status\": 1, \"created_at\": 1663044183, \"updated_at\": 1663044183, \"fin_transaction_type_id\": 1, \"catalog_storage_place_id\": 1}, \"changes\": []}',
        NULL, 1663044183, NULL, NULL),
       (616, 35, 7, 'ax_document_write_off_content', 66, 'created',
        '{\"model\": {\"id\": 66, \"price\": 0, \"quantity\": 1, \"created_at\": 1663044183, \"updated_at\": 1663044183, \"document_id\": 65, \"catalog_product_id\": 38}, \"changes\": []}',
        NULL, 1663044183, NULL, NULL),
       (617, 35, 7, 'ax_document_write_off_content', 66, 'updated',
        '{\"model\": {\"id\": 66, \"price\": 0, \"document\": {\"id\": 65, \"status\": 1, \"document\": null, \"created_at\": 1663044183, \"deleted_at\": null, \"updated_at\": 1663044183, \"currency_id\": null, \"document_id\": null, \"fin_transaction_type_id\": 1, \"catalog_storage_place_id\": 1}, \"quantity\": 1, \"created_at\": 1663044183, \"deleted_at\": null, \"updated_at\": 1663044183, \"description\": null, \"document_id\": 65, \"catalog_product_id\": 38, \"catalog_storage_id\": 37}, \"changes\": {\"catalog_storage_id\": 37}}',
        NULL, 1663044183, NULL, NULL),
       (618, 35, 7, 'ax_document_write_off', 66, 'created',
        '{\"model\": {\"id\": 66, \"status\": 1, \"created_at\": 1663044207, \"updated_at\": 1663044207, \"fin_transaction_type_id\": 1, \"catalog_storage_place_id\": 1}, \"changes\": []}',
        NULL, 1663044207, NULL, NULL),
       (619, 35, 7, 'ax_document_write_off_content', 67, 'created',
        '{\"model\": {\"id\": 67, \"price\": 0, \"quantity\": 1, \"created_at\": 1663044207, \"updated_at\": 1663044207, \"document_id\": 66, \"catalog_product_id\": 69}, \"changes\": []}',
        NULL, 1663044207, NULL, NULL),
       (620, 35, 7, 'ax_document_write_off_content', 67, 'updated',
        '{\"model\": {\"id\": 67, \"price\": 0, \"document\": {\"id\": 66, \"status\": 1, \"document\": null, \"created_at\": 1663044207, \"deleted_at\": null, \"updated_at\": 1663044207, \"currency_id\": null, \"document_id\": null, \"fin_transaction_type_id\": 1, \"catalog_storage_place_id\": 1}, \"quantity\": 1, \"created_at\": 1663044207, \"deleted_at\": null, \"updated_at\": 1663044207, \"description\": null, \"document_id\": 66, \"catalog_product_id\": 69, \"catalog_storage_id\": 68}, \"changes\": {\"catalog_storage_id\": 68}}',
        NULL, 1663044207, NULL, NULL),
       (621, 35, 7, 'ax_document_write_off', 67, 'created',
        '{\"model\": {\"id\": 67, \"status\": 1, \"created_at\": 1663044235, \"updated_at\": 1663044235, \"fin_transaction_type_id\": 1, \"catalog_storage_place_id\": 1}, \"changes\": []}',
        NULL, 1663044235, NULL, NULL),
       (622, 35, 7, 'ax_document_write_off_content', 68, 'created',
        '{\"model\": {\"id\": 68, \"price\": 0, \"quantity\": 1, \"created_at\": 1663044235, \"updated_at\": 1663044235, \"document_id\": 67, \"catalog_product_id\": 67}, \"changes\": []}',
        NULL, 1663044235, NULL, NULL),
       (623, 35, 7, 'ax_document_write_off_content', 68, 'updated',
        '{\"model\": {\"id\": 68, \"price\": 0, \"document\": {\"id\": 67, \"status\": 1, \"document\": null, \"created_at\": 1663044235, \"deleted_at\": null, \"updated_at\": 1663044235, \"currency_id\": null, \"document_id\": null, \"fin_transaction_type_id\": 1, \"catalog_storage_place_id\": 1}, \"quantity\": 1, \"created_at\": 1663044235, \"deleted_at\": null, \"updated_at\": 1663044235, \"description\": null, \"document_id\": 67, \"catalog_product_id\": 67, \"catalog_storage_id\": 66}, \"changes\": {\"catalog_storage_id\": 66}}',
        NULL, 1663044235, NULL, NULL),
       (624, 35, 7, 'ax_document_write_off', 68, 'created',
        '{\"model\": {\"id\": 68, \"status\": 1, \"created_at\": 1663044263, \"updated_at\": 1663044263, \"fin_transaction_type_id\": 1, \"catalog_storage_place_id\": 1}, \"changes\": []}',
        NULL, 1663044263, NULL, NULL),
       (625, 35, 7, 'ax_document_write_off_content', 69, 'created',
        '{\"model\": {\"id\": 69, \"price\": 0, \"quantity\": 1, \"created_at\": 1663044263, \"updated_at\": 1663044263, \"document_id\": 68, \"catalog_product_id\": 67}, \"changes\": []}',
        NULL, 1663044263, NULL, NULL),
       (626, 35, 7, 'ax_document_write_off_content', 69, 'updated',
        '{\"model\": {\"id\": 69, \"price\": 0, \"document\": {\"id\": 68, \"status\": 1, \"document\": null, \"created_at\": 1663044263, \"deleted_at\": null, \"updated_at\": 1663044263, \"currency_id\": null, \"document_id\": null, \"fin_transaction_type_id\": 1, \"catalog_storage_place_id\": 1}, \"quantity\": 1, \"created_at\": 1663044263, \"deleted_at\": null, \"updated_at\": 1663044263, \"description\": null, \"document_id\": 68, \"catalog_product_id\": 67, \"catalog_storage_id\": 66}, \"changes\": {\"catalog_storage_id\": 66}}',
        NULL, 1663044263, NULL, NULL),
       (627, 35, 7, 'ax_document_write_off', 69, 'created',
        '{\"model\": {\"id\": 69, \"status\": 1, \"created_at\": 1663044265, \"updated_at\": 1663044265, \"fin_transaction_type_id\": 1, \"catalog_storage_place_id\": 1}, \"changes\": []}',
        NULL, 1663044265, NULL, NULL),
       (628, 35, 7, 'ax_document_write_off_content', 70, 'created',
        '{\"model\": {\"id\": 70, \"price\": 0, \"quantity\": 1, \"created_at\": 1663044265, \"updated_at\": 1663044265, \"document_id\": 69, \"catalog_product_id\": 67}, \"changes\": []}',
        NULL, 1663044265, NULL, NULL),
       (629, 36, 7, 'ax_catalog_product', 77, 'created',
        '{\"model\": {\"id\": 77, \"url\": \"mulberry-walnut\", \"sort\": null, \"alias\": \"mulberry-walnut\", \"price\": 50000, \"title\": \"✶ Mulberry & Walnut ✶\", \"is_single\": 0, \"render_id\": null, \"created_at\": 1664571600, \"updated_at\": 1664609162, \"category_id\": 4, \"description\": \"<p>Невероятно красивая доска из редких пород дерева.</p><p>Такая эксклюзивная доска будут только у вас.</p>\", \"is_comments\": 0, \"title_short\": null, \"is_published\": 1, \"is_watermark\": 0, \"is_favourites\": 0, \"preview_description\": null}, \"changes\": []}',
        NULL, 1664609162, NULL, NULL),
       (630, 36, 7, 'ax_document_coming', 64, 'created',
        '{\"model\": {\"id\": 64, \"status\": 1, \"created_at\": 1664609162, \"updated_at\": 1664609162, \"counterparty_id\": 1, \"fin_transaction_type_id\": 2, \"catalog_storage_place_id\": 1}, \"changes\": []}',
        NULL, 1664609162, NULL, NULL),
       (631, 36, 7, 'ax_document_coming_content', 113, 'created',
        '{\"model\": {\"id\": 113, \"price\": 1, \"quantity\": 1, \"price_out\": 50000, \"created_at\": 1664609162, \"updated_at\": 1664609162, \"document_id\": 64, \"catalog_product_id\": 77}, \"changes\": []}',
        NULL, 1664609162, NULL, NULL),
       (632, 36, 7, 'ax_document_coming_content', 113, 'updated',
        '{\"model\": {\"id\": 113, \"price\": 1, \"document\": {\"id\": 64, \"status\": 1, \"document\": null, \"created_at\": 1664609162, \"deleted_at\": null, \"updated_at\": 1664609162, \"currency_id\": null, \"document_id\": null, \"counterparty_id\": 1, \"fin_transaction_type_id\": 2, \"catalog_storage_place_id\": 1}, \"quantity\": 1, \"price_out\": 50000, \"created_at\": 1664609162, \"deleted_at\": null, \"updated_at\": 1664609162, \"description\": null, \"document_id\": 64, \"catalog_product_id\": 77, \"catalog_storage_id\": 76}, \"changes\": {\"catalog_storage_id\": 76}}',
        NULL, 1664609162, NULL, NULL),
       (633, 36, 7, 'ax_catalog_product', 77, 'updated',
        '{\"model\": {\"id\": 77, \"url\": \"mulberry-walnut\", \"sort\": null, \"alias\": \"mulberry-walnut\", \"image\": \"/upload/ax_catalog_product/mulberry-walnut/uWFstri71mC9ZYylr7hexZYG9j26gn6mkrmxucIf.jpeg\", \"price\": 50000, \"title\": \"✶ Mulberry & Walnut ✶\", \"is_single\": 0, \"render_id\": null, \"created_at\": 1664571600, \"updated_at\": 1664609162, \"category_id\": 4, \"description\": \"<p>Невероятно красивая доска из редких пород дерева.</p><p>Такая эксклюзивная доска будут только у вас.</p>\", \"is_comments\": 0, \"title_short\": null, \"is_published\": 1, \"is_watermark\": 0, \"is_favourites\": 0, \"preview_description\": null}, \"changes\": {\"image\": \"/upload/ax_catalog_product/mulberry-walnut/uWFstri71mC9ZYylr7hexZYG9j26gn6mkrmxucIf.jpeg\"}}',
        NULL, 1664609162, NULL, NULL),
       (634, 37, NULL, 'ax_user', 6, 'updated',
        '{\"model\": {\"id\": 6, \"email\": \"axlle@mail.ru\", \"phone\": 9621829550, \"avatar\": \"/upload/ax_user/6/lS5H0q8x8Z41pXXP8vnUM0k3kQJJMFApuJ7xxbhI.jpeg\", \"status\": 9, \"auth_key\": \"kyyBBbb80b3ZflMDdsynKC0B4skxf_gF\", \"is_email\": 0, \"is_phone\": 1, \"last_name\": \"Алексеев\", \"created_at\": 1659376888, \"deleted_at\": null, \"first_name\": \"Алексей\", \"patronymic\": \"Александрович\", \"updated_at\": 1664610075, \"password_hash\": \"$2y$13$DMqEjJJL9gjftb80gCt5n.fOTyoTfAEv/HsQPh2IEQa42bfNsfF5S\", \"password_reset_token\": null}, \"changes\": {\"status\": 9, \"is_phone\": 1, \"updated_at\": 1664610075}}',
        NULL, 1664610075, NULL, NULL),
       (635, 37, 6, 'ax_user', 6, 'login',
        '{\"model\": {\"id\": 6, \"email\": \"axlle@mail.ru\", \"phone\": 9621829550, \"roles\": [{\"id\": 1, \"name\": \"admin\", \"pivot\": {\"role_id\": 1, \"model_id\": 6, \"model_type\": \"App\\\\Common\\\\Models\\\\User\\\\UserWeb\"}, \"created_at\": \"2022-05-03T20:04:28.000000Z\", \"guard_name\": \"web\", \"updated_at\": \"2022-05-03T20:04:28.000000Z\"}, {\"id\": 2, \"name\": \"employee\", \"pivot\": {\"role_id\": 2, \"model_id\": 6, \"model_type\": \"App\\\\Common\\\\Models\\\\User\\\\UserWeb\"}, \"created_at\": \"2022-05-03T20:04:28.000000Z\", \"guard_name\": \"web\", \"updated_at\": \"2022-05-03T20:04:28.000000Z\"}], \"avatar\": \"/upload/ax_user/6/lS5H0q8x8Z41pXXP8vnUM0k3kQJJMFApuJ7xxbhI.jpeg\", \"status\": 9, \"auth_key\": \"kyyBBbb80b3ZflMDdsynKC0B4skxf_gF\", \"is_email\": 0, \"is_phone\": 1, \"last_name\": \"Алексеев\", \"created_at\": 1659376888, \"deleted_at\": null, \"first_name\": \"Алексей\", \"patronymic\": \"Александрович\", \"updated_at\": 1664610075, \"password_hash\": \"$2y$13$DMqEjJJL9gjftb80gCt5n.fOTyoTfAEv/HsQPh2IEQa42bfNsfF5S\", \"password_reset_token\": null}, \"changes\": {\"status\": 9, \"is_phone\": 1, \"updated_at\": 1664610075}}',
        NULL, 1664610075, NULL, NULL),
       (636, 37, 6, 'ax_catalog_basket', 9, 'deleted',
        '{\"model\": {\"id\": 9, \"status\": 2, \"user_id\": 6, \"quantity\": 1, \"created_at\": 1659376978, \"deleted_at\": null, \"updated_at\": 1659376978, \"currency_id\": null, \"document_order_id\": null, \"catalog_product_id\": 21}, \"changes\": []}',
        NULL, 1664610075, NULL, NULL),
       (637, 37, 6, 'ax_catalog_basket', 11, 'created',
        '{\"model\": {\"id\": 11, \"status\": 2, \"user_id\": 6, \"quantity\": 1, \"created_at\": 1664610075, \"updated_at\": 1664610075, \"currency_id\": null, \"document_order_id\": null, \"catalog_product_id\": 77}, \"changes\": []}',
        NULL, 1664610075, NULL, NULL),
       (638, 37, 6, 'ax_user', 6, 'login',
        '{\"model\": {\"id\": 6, \"email\": \"axlle@mail.ru\", \"phone\": 9621829550, \"roles\": [{\"id\": 1, \"name\": \"admin\", \"pivot\": {\"role_id\": 1, \"model_id\": 6, \"model_type\": \"App\\\\Common\\\\Models\\\\User\\\\UserWeb\"}, \"created_at\": \"2022-05-03T20:04:28.000000Z\", \"guard_name\": \"web\", \"updated_at\": \"2022-05-03T20:04:28.000000Z\"}, {\"id\": 2, \"name\": \"employee\", \"pivot\": {\"role_id\": 2, \"model_id\": 6, \"model_type\": \"App\\\\Common\\\\Models\\\\User\\\\UserWeb\"}, \"created_at\": \"2022-05-03T20:04:28.000000Z\", \"guard_name\": \"web\", \"updated_at\": \"2022-05-03T20:04:28.000000Z\"}], \"avatar\": \"/upload/ax_user/6/lS5H0q8x8Z41pXXP8vnUM0k3kQJJMFApuJ7xxbhI.jpeg\", \"status\": 9, \"auth_key\": \"kyyBBbb80b3ZflMDdsynKC0B4skxf_gF\", \"is_email\": 0, \"is_phone\": 1, \"last_name\": \"Алексеев\", \"created_at\": 1659376888, \"deleted_at\": null, \"first_name\": \"Алексей\", \"patronymic\": \"Александрович\", \"updated_at\": 1664610075, \"password_hash\": \"$2y$13$DMqEjJJL9gjftb80gCt5n.fOTyoTfAEv/HsQPh2IEQa42bfNsfF5S\", \"password_reset_token\": null}, \"changes\": []}',
        NULL, 1664610894, NULL, NULL),
       (639, 37, 6, 'ax_catalog_basket', 11, 'deleted',
        '{\"model\": {\"id\": 11, \"status\": 2, \"user_id\": 6, \"quantity\": 1, \"created_at\": 1664610075, \"deleted_at\": null, \"updated_at\": 1664610075, \"currency_id\": null, \"document_order_id\": null, \"catalog_product_id\": 77}, \"changes\": []}',
        NULL, 1664610894, NULL, NULL),
       (640, 37, 6, 'ax_catalog_basket', 12, 'created',
        '{\"model\": {\"id\": 12, \"status\": 2, \"user_id\": 6, \"quantity\": 1, \"created_at\": 1664610894, \"updated_at\": 1664610894, \"currency_id\": null, \"document_order_id\": null, \"catalog_product_id\": 77}, \"changes\": []}',
        NULL, 1664610894, NULL, NULL),
       (641, 37, 6, 'ax_document_order', 6, 'created',
        '{\"id\": 6, \"uuid\": \"b0c4f776-b9d0-4ab3-80a4-61a3fc29b987\", \"status\": 2, \"created_at\": 1664612836, \"updated_at\": 1664612836, \"delivery_cost\": 350, \"counterparty_id\": 2, \"delivery_tariff\": null, \"delivery_address\": \"Краснодарский край Краснодар Петра Метальникова 7 233 233\", \"payment_order_id\": null, \"delivery_order_id\": null, \"catalog_payment_type_id\": 1, \"fin_transaction_type_id\": 1, \"catalog_delivery_type_id\": 2, \"catalog_storage_place_id\": 1, \"catalog_payment_status_id\": 2, \"catalog_delivery_status_id\": 1}',
        NULL, 1664612836, NULL, NULL),
       (642, 37, 6, 'ax_document_order', 6, 'updated', '{\"status\": 1, \"updated_at\": 1664612863}', NULL, 1664612863,
        NULL, NULL),
       (643, 37, 6, 'ax_document_order', 6, 'updated',
        '{\"payment_order_id\": \"f412c761-47b0-7eb5-9c25-43e00443bd58\"}', NULL, 1664612863, NULL, NULL),
       (644, 37, 6, 'ax_document_sale', 4, 'created',
        '{\"id\": 4, \"status\": 1, \"document\": \"ax_document_order\", \"created_at\": 1664612982, \"updated_at\": 1664612982, \"document_id\": 6, \"counterparty_id\": 2, \"fin_transaction_type_id\": 1, \"catalog_storage_place_id\": 1}',
        NULL, 1664612982, NULL, NULL),
       (645, 37, 6, 'ax_document_sale_content', 4, 'created',
        '{\"id\": 4, \"price\": 50000, \"quantity\": 1, \"created_at\": 1664612982, \"updated_at\": 1664612982, \"document_id\": 4, \"catalog_product_id\": 77}',
        NULL, 1664612982, NULL, NULL),
       (646, 37, 6, 'ax_document_sale_content', 4, 'updated', '{\"catalog_storage_id\": 76}', NULL, 1664612982, NULL,
        NULL),
       (647, 37, 6, 'ax_document_order', 6, 'updated', '{\"updated_at\": 1664612982, \"catalog_payment_status_id\": 1}',
        NULL, 1664612982, NULL, NULL),
       (648, 36, 7, 'ax_catalog_basket', 13, 'created',
        '{\"id\": 13, \"status\": 2, \"user_id\": 7, \"quantity\": 1, \"created_at\": 1666340308, \"updated_at\": 1666340308, \"currency_id\": null, \"document_order_id\": null, \"catalog_product_id\": 6}',
        NULL, 1666340308, NULL, NULL),
       (649, 39, 7, 'ax_catalog_product', 78, 'created',
        '{\"id\": 78, \"url\": \"test1\", \"sort\": null, \"alias\": \"test1\", \"price\": 1, \"title\": \"Тест1\", \"is_single\": 0, \"render_id\": null, \"created_at\": 1666299600, \"updated_at\": 1666381464, \"category_id\": 2, \"description\": null, \"is_comments\": 0, \"title_short\": null, \"is_published\": 1, \"is_watermark\": 0, \"is_favourites\": 0, \"preview_description\": null}',
        NULL, 1666381464, NULL, NULL),
       (650, 39, 7, 'ax_document_coming', 65, 'created',
        '{\"id\": 65, \"status\": 1, \"created_at\": 1666381464, \"updated_at\": 1666381464, \"counterparty_id\": 1, \"fin_transaction_type_id\": 2, \"catalog_storage_place_id\": 1}',
        NULL, 1666381464, NULL, NULL),
       (651, 39, 7, 'ax_document_coming_content', 114, 'created',
        '{\"id\": 114, \"price\": 1, \"quantity\": 1, \"price_out\": 1, \"created_at\": 1666381464, \"updated_at\": 1666381464, \"document_id\": 65, \"catalog_product_id\": 78}',
        NULL, 1666381464, NULL, NULL),
       (652, 39, 7, 'ax_document_coming_content', 114, 'updated', '{\"catalog_storage_id\": 77}', NULL, 1666381464,
        NULL, NULL),
       (653, 39, 7, 'ax_catalog_product', 78, 'updated', '{\"created_at\": 1666381545, \"updated_at\": 1666381545}',
        NULL, 1666381545, NULL, NULL),
       (654, 39, 7, 'ax_catalog_product', 78, 'updated', '{\"created_at\": 1666381558, \"updated_at\": 1666381558}',
        NULL, 1666381558, NULL, NULL),
       (655, 36, 7, 'ax_user', 7, 'login', '[]', NULL, 1666381750, NULL, NULL),
       (656, 36, 7, 'ax_catalog_basket', 13, 'deleted', '[]', NULL, 1666381761, NULL, NULL),
       (657, 39, 7, 'ax_document_coming', 66, 'created',
        '{\"id\": 66, \"status\": 1, \"created_at\": 1666381848, \"updated_at\": 1666381848, \"counterparty_id\": 1, \"fin_transaction_type_id\": 2, \"catalog_storage_place_id\": 1}',
        NULL, 1666381848, NULL, NULL),
       (658, 39, 7, 'ax_document_coming_content', 115, 'created',
        '{\"id\": 115, \"price\": 1, \"quantity\": 1, \"price_out\": 0, \"created_at\": 1666381848, \"updated_at\": 1666381848, \"document_id\": 66, \"catalog_product_id\": 78}',
        NULL, 1666381848, NULL, NULL),
       (659, 39, 7, 'ax_document_coming_content', 115, 'updated', '{\"price_out\": 1, \"updated_at\": 1666381870}',
        NULL, 1666381870, NULL, NULL),
       (660, 39, 7, 'ax_catalog_product', 78, 'updated', '{\"created_at\": 1666381933, \"updated_at\": 1666381933}',
        NULL, 1666381933, NULL, NULL),
       (661, 36, 7, 'ax_catalog_product', 79, 'created',
        '{\"id\": 79, \"url\": \"test-2\", \"sort\": null, \"alias\": \"test-2\", \"price\": 1, \"title\": \"test 2\", \"is_single\": 1, \"render_id\": null, \"created_at\": 1666299600, \"updated_at\": 1666382524, \"category_id\": 2, \"description\": null, \"is_comments\": 0, \"title_short\": null, \"is_published\": 1, \"is_watermark\": 0, \"is_favourites\": 0, \"preview_description\": null}',
        NULL, 1666382524, NULL, NULL),
       (662, 36, 7, 'ax_document_coming', 67, 'created',
        '{\"id\": 67, \"status\": 1, \"created_at\": 1666382524, \"updated_at\": 1666382524, \"counterparty_id\": 1, \"fin_transaction_type_id\": 2, \"catalog_storage_place_id\": 1}',
        NULL, 1666382524, NULL, NULL),
       (663, 36, 7, 'ax_document_coming_content', 116, 'created',
        '{\"id\": 116, \"price\": 1, \"quantity\": 1, \"price_out\": 1, \"created_at\": 1666382524, \"updated_at\": 1666382524, \"document_id\": 67, \"catalog_product_id\": 79}',
        NULL, 1666382524, NULL, NULL),
       (664, 36, 7, 'ax_document_coming_content', 116, 'updated', '{\"catalog_storage_id\": 78}', NULL, 1666382524,
        NULL, NULL),
       (665, 36, 7, 'ax_catalog_product', 79, 'updated',
        '{\"image\": \"/upload/ax_catalog_product/test-2/MQoCOHFFzJPW7uot4yMbbk7KKnLUn14CIliRzCMh.jpeg\"}', NULL,
        1666382524, NULL, NULL),
       (666, 36, 7, 'ax_catalog_basket', 14, 'created',
        '{\"id\": 14, \"status\": 2, \"user_id\": 7, \"quantity\": 1, \"created_at\": 1666382555, \"updated_at\": 1666382555, \"currency_id\": null, \"document_order_id\": null, \"catalog_product_id\": 79}',
        NULL, 1666382555, NULL, NULL),
       (667, 39, 7, 'ax_document_write_off', 70, 'created',
        '{\"id\": 70, \"status\": 1, \"created_at\": 1666382836, \"updated_at\": 1666382836, \"fin_transaction_type_id\": 1, \"catalog_storage_place_id\": 1}',
        NULL, 1666382836, NULL, NULL),
       (668, 39, 7, 'ax_document_write_off_content', 71, 'created',
        '{\"id\": 71, \"price\": 1, \"quantity\": 111, \"created_at\": 1666382836, \"updated_at\": 1666382836, \"document_id\": 70, \"catalog_product_id\": 78}',
        NULL, 1666382836, NULL, NULL),
       (669, 36, 7, 'ax_user', 7, 'updated',
        '{\"remember_token\": \"NLjT7eHSRd7q73qykcARWD1dkZ1reUwkSEOz6LhEPM1h6ifF73XiBsQOoYED\"}', NULL, 1666383227,
        NULL, NULL),
       (670, 36, 7, 'ax_user', 7, 'login', '[]', NULL, 1666383259, NULL, NULL),
       (671, 40, 7, 'ax_user', 7, 'login', '[]', NULL, 1666433982, NULL, NULL),
       (672, 40, 7, 'ax_document_write_off', 71, 'created',
        '{\"id\": 71, \"status\": 1, \"created_at\": 1666434010, \"updated_at\": 1666434010, \"fin_transaction_type_id\": 1, \"catalog_storage_place_id\": 1}',
        NULL, 1666434010, NULL, NULL),
       (673, 40, 7, 'ax_document_write_off_content', 72, 'created',
        '{\"id\": 72, \"price\": 0, \"quantity\": 1, \"created_at\": 1666434010, \"updated_at\": 1666434010, \"document_id\": 71, \"catalog_product_id\": 79}',
        NULL, 1666434010, NULL, NULL),
       (674, 40, 7, 'ax_document_write_off_content', 72, 'updated', '{\"catalog_storage_id\": 78}', NULL, 1666434010,
        NULL, NULL),
       (675, 36, 7, 'ax_user', 7, 'login', '[]', NULL, 1666443372, NULL, NULL),
       (676, 36, 7, 'ax_catalog_basket', 14, 'deleted', '[]', NULL, 1666443456, NULL, NULL),
       (677, 36, 7, 'ax_catalog_basket', 15, 'created',
        '{\"id\": 15, \"status\": 2, \"user_id\": 7, \"quantity\": 1, \"created_at\": 1666443466, \"updated_at\": 1666443466, \"currency_id\": null, \"document_order_id\": null, \"catalog_product_id\": 72}',
        NULL, 1666443466, NULL, NULL),
       (678, 36, 7, 'ax_catalog_basket', 15, 'deleted', '[]', NULL, 1666445478, NULL, NULL),
       (679, 41, NULL, 'ax_user', 20, 'created',
        '{\"id\": 20, \"phone\": 9102870770, \"status\": 9, \"is_email\": 0, \"is_phone\": 1, \"last_name\": \"Евсенкова\", \"created_at\": 1666448303, \"first_name\": \"Карина\", \"updated_at\": 1666448303, \"password_hash\": \"$2y$10$F7X/oncCVRpNMHYzBBgzJemYAJ9EdD5cpUWYPVC/icfJPnHOZuEVK\", \"remember_token\": \"nBqR5kYSo67nWy8oBO25yjxvA554udXYr783OAbm6ZVCZqv4e5\"}',
        NULL, 1666448303, NULL, NULL),
       (680, 41, 20, 'ax_user', 20, 'login', '[]', NULL, 1666448303, NULL, NULL),
       (681, 41, 20, 'ax_catalog_basket', 16, 'created',
        '{\"id\": 16, \"status\": 2, \"user_id\": 20, \"quantity\": 1, \"created_at\": 1666448303, \"updated_at\": 1666448303, \"currency_id\": null, \"document_order_id\": null, \"catalog_product_id\": 72}',
        NULL, 1666448303, NULL, NULL),
       (682, 41, 20, 'ax_document_order', 7, 'created',
        '{\"id\": 7, \"uuid\": \"ed445ce7-26bf-4317-bddd-c2c16706e8cc\", \"status\": 2, \"created_at\": 1666448303, \"updated_at\": 1666448303, \"delivery_cost\": 275, \"counterparty_id\": 14, \"delivery_tariff\": 368, \"delivery_address\": \"Воронеж ул. Средне-Московская, 32Б\", \"payment_order_id\": null, \"delivery_order_id\": null, \"catalog_payment_type_id\": 1, \"fin_transaction_type_id\": 1, \"catalog_delivery_type_id\": 1, \"catalog_storage_place_id\": 1, \"catalog_payment_status_id\": 2, \"catalog_delivery_status_id\": 1}',
        NULL, 1666448303, NULL, NULL),
       (683, 41, 20, 'ax_document_order', 7, 'updated', '{\"status\": 1, \"updated_at\": 1666448335}', NULL, 1666448335,
        NULL, NULL),
       (684, 41, 20, 'ax_document_order', 7, 'updated',
        '{\"payment_order_id\": \"f505772a-cd2e-7868-81fd-21710443bd58\"}', NULL, 1666448335, NULL, NULL),
       (685, 42, 6, 'ax_user', 6, 'login', '[]', NULL, 1666450417, NULL, NULL),
       (686, 42, 6, 'ax_document_sale', 5, 'created',
        '{\"id\": 5, \"status\": 1, \"created_at\": 1666450924, \"updated_at\": 1666450924, \"counterparty_id\": 14, \"fin_transaction_type_id\": 1, \"catalog_storage_place_id\": 1}',
        NULL, 1666450924, NULL, NULL),
       (687, 42, 6, 'ax_document_sale_content', 5, 'created',
        '{\"id\": 5, \"price\": 1500, \"quantity\": 1, \"created_at\": 1666450924, \"updated_at\": 1666450924, \"document_id\": 5, \"catalog_product_id\": 72}',
        NULL, 1666450924, NULL, NULL),
       (688, 42, 6, 'ax_document_reservation_cancel', 2, 'created',
        '{\"id\": 2, \"status\": 1, \"created_at\": 1666450929, \"updated_at\": 1666450929, \"fin_transaction_type_id\": 2, \"catalog_storage_place_id\": 1}',
        NULL, 1666450929, NULL, NULL),
       (689, 42, 6, 'ax_document_reservation_cancel_content', 2, 'created',
        '{\"id\": 2, \"price\": 0, \"quantity\": 1, \"created_at\": 1666450929, \"updated_at\": 1666450929, \"document_id\": 2, \"catalog_product_id\": 72}',
        NULL, 1666450929, NULL, NULL),
       (690, 42, 6, 'ax_document_reservation_cancel_content', 2, 'updated', '{\"catalog_storage_id\": 71}', NULL,
        1666450929, NULL, NULL),
       (691, 42, 6, 'ax_document_sale_content', 5, 'updated',
        '{\"updated_at\": 1666450929, \"catalog_storage_id\": 71}', NULL, 1666450929, NULL, NULL),
       (692, 40, 7, 'ax_document_write_off', 72, 'created',
        '{\"id\": 72, \"status\": 1, \"created_at\": 1666451288, \"updated_at\": 1666451288, \"fin_transaction_type_id\": 1, \"catalog_storage_place_id\": 1}',
        NULL, 1666451288, NULL, NULL),
       (693, 40, 7, 'ax_document_write_off_content', 73, 'created',
        '{\"id\": 73, \"price\": 0, \"quantity\": 1, \"created_at\": 1666451288, \"updated_at\": 1666451288, \"document_id\": 72, \"catalog_product_id\": 72}',
        NULL, 1666451288, NULL, NULL),
       (694, 40, 7, 'ax_document_write_off_content', 73, 'updated', '{\"catalog_storage_id\": 71}', NULL, 1666451288,
        NULL, NULL),
       (695, 42, 6, 'ax_document_write_off', 73, 'created',
        '{\"id\": 73, \"status\": 1, \"created_at\": 1666451616, \"updated_at\": 1666451616, \"fin_transaction_type_id\": 1, \"catalog_storage_place_id\": 1}',
        NULL, 1666451616, NULL, NULL),
       (696, 42, 6, 'ax_document_write_off_content', 74, 'created',
        '{\"id\": 74, \"price\": 1500, \"quantity\": 1, \"created_at\": 1666451616, \"updated_at\": 1666451616, \"document_id\": 73, \"catalog_product_id\": 72}',
        NULL, 1666451616, NULL, NULL),
       (697, 42, 6, 'ax_document_write_off_content', 74, 'updated',
        '{\"updated_at\": 1666451619, \"catalog_storage_id\": 71}', NULL, 1666451619, NULL, NULL),
       (698, 43, 7, 'ax_catalog_product', 74, 'updated',
        '{\"price\": 2100, \"created_at\": 1666956048, \"updated_at\": 1666956048}', NULL, 1666956048, NULL, NULL),
       (699, 44, 7, 'ax_document_write_off', 74, 'created',
        '{\"id\": 74, \"status\": 1, \"created_at\": 1667066578, \"updated_at\": 1667066578, \"fin_transaction_type_id\": 1, \"catalog_storage_place_id\": 1}',
        NULL, 1667066578, NULL, NULL),
       (700, 44, 7, 'ax_document_write_off_content', 75, 'created',
        '{\"id\": 75, \"price\": 0, \"quantity\": 1, \"created_at\": 1667066578, \"updated_at\": 1667066578, \"document_id\": 74, \"catalog_product_id\": 71}',
        NULL, 1667066578, NULL, NULL),
       (701, 44, 7, 'ax_document_write_off_content', 75, 'updated', '{\"catalog_storage_id\": 70}', NULL, 1667066578,
        NULL, NULL),
       (702, 44, 7, 'ax_document_write_off', 75, 'created',
        '{\"id\": 75, \"status\": 1, \"created_at\": 1667066607, \"updated_at\": 1667066607, \"fin_transaction_type_id\": 1, \"catalog_storage_place_id\": 1}',
        NULL, 1667066607, NULL, NULL),
       (703, 44, 7, 'ax_document_write_off_content', 76, 'created',
        '{\"id\": 76, \"price\": 0, \"quantity\": 1, \"created_at\": 1667066607, \"updated_at\": 1667066607, \"document_id\": 75, \"catalog_product_id\": 71}',
        NULL, 1667066607, NULL, NULL),
       (704, 44, 7, 'ax_document_write_off_content', 76, 'updated', '{\"catalog_storage_id\": 70}', NULL, 1667066607,
        NULL, NULL),
       (705, 44, 7, 'ax_document_write_off', 76, 'created',
        '{\"id\": 76, \"status\": 1, \"created_at\": 1667066631, \"updated_at\": 1667066631, \"fin_transaction_type_id\": 1, \"catalog_storage_place_id\": 1}',
        NULL, 1667066631, NULL, NULL),
       (706, 44, 7, 'ax_document_write_off_content', 77, 'created',
        '{\"id\": 77, \"price\": 0, \"quantity\": 1, \"created_at\": 1667066631, \"updated_at\": 1667066631, \"document_id\": 76, \"catalog_product_id\": 70}',
        NULL, 1667066631, NULL, NULL),
       (707, 44, 7, 'ax_document_write_off_content', 77, 'updated', '{\"catalog_storage_id\": 69}', NULL, 1667066631,
        NULL, NULL),
       (708, 44, 7, 'ax_document_write_off', 77, 'created',
        '{\"id\": 77, \"status\": 1, \"created_at\": 1667066649, \"updated_at\": 1667066649, \"fin_transaction_type_id\": 1, \"catalog_storage_place_id\": 1}',
        NULL, 1667066649, NULL, NULL),
       (709, 44, 7, 'ax_document_write_off_content', 78, 'created',
        '{\"id\": 78, \"price\": 0, \"quantity\": 1, \"created_at\": 1667066649, \"updated_at\": 1667066649, \"document_id\": 77, \"catalog_product_id\": 70}',
        NULL, 1667066649, NULL, NULL),
       (710, 44, 7, 'ax_document_write_off_content', 78, 'updated', '{\"catalog_storage_id\": 69}', NULL, 1667066649,
        NULL, NULL),
       (711, 44, 7, 'ax_document_write_off', 78, 'created',
        '{\"id\": 78, \"status\": 1, \"created_at\": 1667066731, \"updated_at\": 1667066731, \"fin_transaction_type_id\": 1, \"catalog_storage_place_id\": 1}',
        NULL, 1667066731, NULL, NULL),
       (712, 44, 7, 'ax_document_write_off_content', 79, 'created',
        '{\"id\": 79, \"price\": 0, \"quantity\": 1, \"created_at\": 1667066731, \"updated_at\": 1667066731, \"document_id\": 78, \"catalog_product_id\": 74}',
        NULL, 1667066731, NULL, NULL),
       (713, 44, 7, 'ax_document_write_off_content', 79, 'updated', '{\"catalog_storage_id\": 73}', NULL, 1667066731,
        NULL, NULL),
       (714, 44, 7, 'ax_document_write_off', 79, 'created',
        '{\"id\": 79, \"status\": 1, \"created_at\": 1667066749, \"updated_at\": 1667066749, \"fin_transaction_type_id\": 1, \"catalog_storage_place_id\": 1}',
        NULL, 1667066749, NULL, NULL),
       (715, 44, 7, 'ax_document_write_off_content', 80, 'created',
        '{\"id\": 80, \"price\": 0, \"quantity\": 1, \"created_at\": 1667066749, \"updated_at\": 1667066749, \"document_id\": 79, \"catalog_product_id\": 74}',
        NULL, 1667066749, NULL, NULL),
       (716, 44, 7, 'ax_document_write_off_content', 80, 'updated', '{\"catalog_storage_id\": 73}', NULL, 1667066749,
        NULL, NULL),
       (717, 44, 7, 'ax_document_write_off', 80, 'created',
        '{\"id\": 80, \"status\": 1, \"created_at\": 1667066784, \"updated_at\": 1667066784, \"fin_transaction_type_id\": 1, \"catalog_storage_place_id\": 1}',
        NULL, 1667066784, NULL, NULL),
       (718, 44, 7, 'ax_document_write_off_content', 81, 'created',
        '{\"id\": 81, \"price\": 0, \"quantity\": 1, \"created_at\": 1667066784, \"updated_at\": 1667066784, \"document_id\": 80, \"catalog_product_id\": 76}',
        NULL, 1667066784, NULL, NULL),
       (719, 44, 7, 'ax_document_write_off_content', 81, 'updated', '{\"catalog_storage_id\": 75}', NULL, 1667066784,
        NULL, NULL),
       (720, 44, 7, 'ax_document_write_off', 81, 'created',
        '{\"id\": 81, \"status\": 1, \"created_at\": 1667066796, \"updated_at\": 1667066796, \"fin_transaction_type_id\": 1, \"catalog_storage_place_id\": 1}',
        NULL, 1667066796, NULL, NULL),
       (721, 44, 7, 'ax_document_write_off_content', 82, 'created',
        '{\"id\": 82, \"price\": 0, \"quantity\": 1, \"created_at\": 1667066796, \"updated_at\": 1667066796, \"document_id\": 81, \"catalog_product_id\": 76}',
        NULL, 1667066796, NULL, NULL),
       (722, 44, 7, 'ax_document_write_off_content', 82, 'updated', '{\"catalog_storage_id\": 75}', NULL, 1667066796,
        NULL, NULL),
       (723, 44, 7, 'ax_document_write_off', 82, 'created',
        '{\"id\": 82, \"status\": 1, \"created_at\": 1667066832, \"updated_at\": 1667066832, \"fin_transaction_type_id\": 1, \"catalog_storage_place_id\": 1}',
        NULL, 1667066832, NULL, NULL),
       (724, 44, 7, 'ax_document_write_off_content', 83, 'created',
        '{\"id\": 83, \"price\": 0, \"quantity\": 1, \"created_at\": 1667066832, \"updated_at\": 1667066832, \"document_id\": 82, \"catalog_product_id\": 68}',
        NULL, 1667066832, NULL, NULL),
       (725, 44, 7, 'ax_document_write_off_content', 83, 'updated', '{\"catalog_storage_id\": 67}', NULL, 1667066832,
        NULL, NULL),
       (726, 44, 7, 'ax_document_write_off', 83, 'created',
        '{\"id\": 83, \"status\": 1, \"created_at\": 1667066838, \"updated_at\": 1667066838, \"fin_transaction_type_id\": 1, \"catalog_storage_place_id\": 1}',
        NULL, 1667066838, NULL, NULL),
       (727, 44, 7, 'ax_document_write_off_content', 84, 'created',
        '{\"id\": 84, \"price\": 0, \"quantity\": 1, \"created_at\": 1667066838, \"updated_at\": 1667066838, \"document_id\": 83, \"catalog_product_id\": 68}',
        NULL, 1667066838, NULL, NULL),
       (728, 44, 7, 'ax_document_write_off_content', 84, 'updated', '{\"catalog_storage_id\": 67}', NULL, 1667066838,
        NULL, NULL),
       (729, 44, 7, 'ax_document_write_off', 84, 'created',
        '{\"id\": 84, \"status\": 1, \"created_at\": 1667066868, \"updated_at\": 1667066868, \"fin_transaction_type_id\": 1, \"catalog_storage_place_id\": 1}',
        NULL, 1667066868, NULL, NULL),
       (730, 44, 7, 'ax_document_write_off_content', 85, 'created',
        '{\"id\": 85, \"price\": 0, \"quantity\": 1, \"created_at\": 1667066868, \"updated_at\": 1667066868, \"document_id\": 84, \"catalog_product_id\": 61}',
        NULL, 1667066868, NULL, NULL),
       (731, 44, 7, 'ax_document_write_off_content', 85, 'updated', '{\"catalog_storage_id\": 58}', NULL, 1667066868,
        NULL, NULL),
       (732, 44, 7, 'ax_document_write_off', 85, 'created',
        '{\"id\": 85, \"status\": 1, \"created_at\": 1667066933, \"updated_at\": 1667066933, \"fin_transaction_type_id\": 1, \"catalog_storage_place_id\": 1}',
        NULL, 1667066933, NULL, NULL),
       (733, 44, 7, 'ax_document_write_off_content', 86, 'created',
        '{\"id\": 86, \"price\": 0, \"quantity\": 1, \"created_at\": 1667066933, \"updated_at\": 1667066933, \"document_id\": 85, \"catalog_product_id\": 73}',
        NULL, 1667066933, NULL, NULL),
       (734, 44, 7, 'ax_document_write_off_content', 86, 'updated', '{\"catalog_storage_id\": 72}', NULL, 1667066933,
        NULL, NULL),
       (735, 44, 7, 'ax_document_write_off', 86, 'created',
        '{\"id\": 86, \"status\": 1, \"created_at\": 1667066939, \"updated_at\": 1667066939, \"fin_transaction_type_id\": 1, \"catalog_storage_place_id\": 1}',
        NULL, 1667066939, NULL, NULL),
       (736, 44, 7, 'ax_document_write_off_content', 87, 'created',
        '{\"id\": 87, \"price\": 0, \"quantity\": 1, \"created_at\": 1667066939, \"updated_at\": 1667066939, \"document_id\": 86, \"catalog_product_id\": 73}',
        NULL, 1667066939, NULL, NULL),
       (737, 44, 7, 'ax_document_write_off_content', 87, 'updated', '{\"catalog_storage_id\": 72}', NULL, 1667066939,
        NULL, NULL),
       (738, 43, 7, 'ax_catalog_basket', 17, 'created',
        '{\"id\": 17, \"status\": 2, \"user_id\": 7, \"quantity\": 1, \"created_at\": 1667146887, \"updated_at\": 1667146887, \"currency_id\": null, \"document_order_id\": null, \"catalog_product_id\": 74}',
        NULL, 1667146887, NULL, NULL),
       (739, 43, 7, 'ax_catalog_basket', 17, 'deleted', '[]', NULL, 1667147916, NULL, NULL),
       (740, 45, 7, 'ax_catalog_basket', 18, 'created',
        '{\"id\": 18, \"status\": 2, \"user_id\": 7, \"quantity\": 1, \"created_at\": 1667149183, \"updated_at\": 1667149183, \"currency_id\": null, \"document_order_id\": null, \"catalog_product_id\": 70}',
        NULL, 1667149183, NULL, NULL),
       (741, 45, 7, 'ax_catalog_basket', 19, 'created',
        '{\"id\": 19, \"status\": 2, \"user_id\": 7, \"quantity\": 1, \"created_at\": 1667149251, \"updated_at\": 1667149251, \"currency_id\": null, \"document_order_id\": null, \"catalog_product_id\": 34}',
        NULL, 1667149251, NULL, NULL),
       (742, 45, 7, 'ax_catalog_basket', 18, 'deleted', '[]', NULL, 1667149364, NULL, NULL),
       (743, 45, 7, 'ax_catalog_basket', 19, 'deleted', '[]', NULL, 1667149364, NULL, NULL),
       (744, 45, 7, 'ax_catalog_basket', 20, 'created',
        '{\"id\": 20, \"status\": 2, \"user_id\": 7, \"quantity\": 1, \"created_at\": 1667149380, \"updated_at\": 1667149380, \"currency_id\": null, \"document_order_id\": null, \"catalog_product_id\": 73}',
        NULL, 1667149380, NULL, NULL),
       (745, 46, 7, 'ax_catalog_basket', 20, 'deleted', '[]', NULL, 1667188053, NULL, NULL),
       (746, 47, 6, 'ax_document_write_off', 87, 'created',
        '{\"id\": 87, \"status\": 1, \"created_at\": 1667199528, \"updated_at\": 1667199528, \"fin_transaction_type_id\": 1, \"catalog_storage_place_id\": 1}',
        NULL, 1667199528, NULL, NULL),
       (747, 47, 6, 'ax_document_write_off_content', 88, 'created',
        '{\"id\": 88, \"price\": 1, \"quantity\": 1, \"created_at\": 1667199528, \"updated_at\": 1667199528, \"document_id\": 87, \"catalog_product_id\": 78}',
        NULL, 1667199528, NULL, NULL),
       (748, 47, 6, 'ax_document_write_off_content', 88, 'updated',
        '{\"updated_at\": 1667199531, \"catalog_storage_id\": 77}', NULL, 1667199531, NULL, NULL),
       (749, 43, 7, 'ax_catalog_product', 80, 'created',
        '{\"id\": 80, \"url\": \"chaj-cejlon\", \"sort\": null, \"alias\": \"chaj-cejlon\", \"price\": 900, \"title\": \"✶ Чай Цейлон ✶\", \"is_single\": 1, \"render_id\": null, \"created_at\": 1667336400, \"updated_at\": 1667374276, \"category_id\": 2, \"description\": null, \"is_comments\": 0, \"title_short\": null, \"is_published\": 0, \"is_watermark\": 0, \"is_favourites\": 0, \"preview_description\": null}',
        NULL, 1667374276, NULL, NULL),
       (750, 43, 7, 'ax_catalog_product', 80, 'updated',
        '{\"image\": \"/upload/ax_catalog_product/chaj-cejlon/gusT9Qu9gWAM33XDqaExRzFXb7qmm10RN6Eni9Sx.jpeg\"}', NULL,
        1667374276, NULL, NULL),
       (751, 43, 7, 'ax_catalog_product', 81, 'created',
        '{\"id\": 81, \"url\": \"hlopok\", \"sort\": null, \"alias\": \"hlopok\", \"price\": 1900, \"title\": \"✶ Хлопок ✶\", \"is_single\": 1, \"render_id\": null, \"created_at\": 1667336400, \"updated_at\": 1667374562, \"category_id\": 2, \"description\": null, \"is_comments\": 0, \"title_short\": null, \"is_published\": 0, \"is_watermark\": 0, \"is_favourites\": 0, \"preview_description\": null}',
        NULL, 1667374562, NULL, NULL),
       (752, 43, 7, 'ax_catalog_product', 81, 'updated',
        '{\"image\": \"/upload/ax_catalog_product/hlopok/73DXGMpWKvdVY2VdElbf46F28cSpBKIb53bNM5Et.jpeg\"}', NULL,
        1667374562, NULL, NULL),
       (753, 43, 7, 'ax_catalog_product', 82, 'created',
        '{\"id\": 82, \"url\": \"chashechka-chaya\", \"sort\": null, \"alias\": \"chashechka-chaya\", \"price\": 2500, \"title\": \"✶ Чашечка чая ✶\", \"is_single\": 1, \"render_id\": null, \"created_at\": 1667336400, \"updated_at\": 1667374812, \"category_id\": 5, \"description\": null, \"is_comments\": 0, \"title_short\": null, \"is_published\": 0, \"is_watermark\": 0, \"is_favourites\": 0, \"preview_description\": null}',
        NULL, 1667374812, NULL, NULL),
       (754, 43, 7, 'ax_catalog_product', 82, 'updated',
        '{\"image\": \"/upload/ax_catalog_product/chashechka-chaya/LCGy1TawbUwV97yxKOfhwSmOVPJViK7Nixyn6H7F.jpeg\"}',
        NULL, 1667374812, NULL, NULL),
       (755, 43, 7, 'ax_catalog_product', 83, 'created',
        '{\"id\": 83, \"url\": \"morskaya-zvyozdochka\", \"sort\": null, \"alias\": \"morskaya-zvyozdochka\", \"price\": 1300, \"title\": \"✶ Морская звёздочка ✶\", \"is_single\": 1, \"render_id\": null, \"created_at\": 1667336400, \"updated_at\": 1667375010, \"category_id\": 2, \"description\": null, \"is_comments\": 0, \"title_short\": null, \"is_published\": 0, \"is_watermark\": 0, \"is_favourites\": 0, \"preview_description\": null}',
        NULL, 1667375010, NULL, NULL),
       (756, 43, 7, 'ax_catalog_product', 83, 'updated',
        '{\"image\": \"/upload/ax_catalog_product/morskaya-zvyozdochka/SbJgafbqrKexOsW76RivMcSisFGkZ2BktOA5lET5.jpeg\"}',
        NULL, 1667375010, NULL, NULL),
       (757, 43, 7, 'ax_catalog_product', 84, 'created',
        '{\"id\": 84, \"url\": \"monstera\", \"sort\": null, \"alias\": \"monstera\", \"price\": 2100, \"title\": \"✶ Monstera ✶\", \"is_single\": 1, \"render_id\": null, \"created_at\": 1667336400, \"updated_at\": 1667375269, \"category_id\": 2, \"description\": null, \"is_comments\": 0, \"title_short\": null, \"is_published\": 0, \"is_watermark\": 0, \"is_favourites\": 0, \"preview_description\": null}',
        NULL, 1667375269, NULL, NULL),
       (758, 43, 7, 'ax_catalog_product', 84, 'updated',
        '{\"image\": \"/upload/ax_catalog_product/monstera/tDMhSI1pwTQC50S2UkQcl0gGo1JbFenYJNKV51Im.jpeg\"}', NULL,
        1667375269, NULL, NULL),
       (759, 43, 7, 'ax_catalog_product', 85, 'created',
        '{\"id\": 85, \"url\": \"kot-slastyona\", \"sort\": null, \"alias\": \"kot-slastyona\", \"price\": 1600, \"title\": \"✶ Кот сластёна ✶\", \"is_single\": 1, \"render_id\": null, \"created_at\": 1667336400, \"updated_at\": 1667375549, \"category_id\": 2, \"description\": null, \"is_comments\": 0, \"title_short\": null, \"is_published\": 0, \"is_watermark\": 0, \"is_favourites\": 0, \"preview_description\": null}',
        NULL, 1667375549, NULL, NULL),
       (760, 43, 7, 'ax_catalog_product', 85, 'updated',
        '{\"image\": \"/upload/ax_catalog_product/kot-slastyona/qpgKglPMG0qLQOXh5hIMtt5762m0cW3N2CfgTd5H.jpeg\"}', NULL,
        1667375549, NULL, NULL),
       (761, 43, 7, 'ax_catalog_product', 86, 'created',
        '{\"id\": 86, \"url\": \"kot-podozrevaka\", \"sort\": null, \"alias\": \"kot-podozrevaka\", \"price\": 1700, \"title\": \"✶ Кот подозревака ✶\", \"is_single\": 1, \"render_id\": null, \"created_at\": 1667336400, \"updated_at\": 1667375790, \"category_id\": 2, \"description\": null, \"is_comments\": 0, \"title_short\": null, \"is_published\": 0, \"is_watermark\": 0, \"is_favourites\": 0, \"preview_description\": null}',
        NULL, 1667375790, NULL, NULL),
       (762, 43, 7, 'ax_catalog_product', 86, 'updated',
        '{\"image\": \"/upload/ax_catalog_product/kot-podozrevaka/qYsvDaY0Yw2id2MXBv1LM4Od0er2zEEtqGMAMCNM.jpeg\"}',
        NULL, 1667375790, NULL, NULL),
       (763, 43, 7, 'ax_catalog_product', 87, 'created',
        '{\"id\": 87, \"url\": \"kvadratik-syra\", \"sort\": null, \"alias\": \"kvadratik-syra\", \"price\": 1400, \"title\": \"✶ Квадратик сыра ✶\", \"is_single\": 1, \"render_id\": null, \"created_at\": 1667336400, \"updated_at\": 1667376017, \"category_id\": 2, \"description\": null, \"is_comments\": 0, \"title_short\": null, \"is_published\": 0, \"is_watermark\": 0, \"is_favourites\": 0, \"preview_description\": null}',
        NULL, 1667376017, NULL, NULL),
       (764, 43, 7, 'ax_catalog_product', 87, 'updated',
        '{\"image\": \"/upload/ax_catalog_product/kvadratik-syra/VhDiepzL1O1ZxPm2pAAOTggFBRPvn81ceAyh12gb.jpeg\"}',
        NULL, 1667376017, NULL, NULL),
       (765, 43, 7, 'ax_catalog_product', 88, 'created',
        '{\"id\": 88, \"url\": \"lomtiki-syry\", \"sort\": null, \"alias\": \"lomtiki-syry\", \"price\": 1600, \"title\": \"✶ Ломтики сыры ✶\", \"is_single\": 1, \"render_id\": null, \"created_at\": 1667336400, \"updated_at\": 1667376218, \"category_id\": 2, \"description\": null, \"is_comments\": 0, \"title_short\": null, \"is_published\": 0, \"is_watermark\": 0, \"is_favourites\": 0, \"preview_description\": null}',
        NULL, 1667376218, NULL, NULL),
       (766, 43, 7, 'ax_catalog_product', 88, 'updated',
        '{\"image\": \"/upload/ax_catalog_product/lomtiki-syry/oLCr9DK1Gr3vJN5LMHkAy6BpnyPgpceARdAvxa1x.jpeg\", \"updated_at\": 1667376219}',
        NULL, 1667376219, NULL, NULL),
       (767, 43, 7, 'ax_catalog_product', 91, 'created',
        '{\"id\": 91, \"url\": \"stepnoj-shmel\", \"sort\": null, \"alias\": \"stepnoj-shmel\", \"price\": 3500, \"title\": \"✶ Степной шмель ✶\", \"is_single\": 1, \"render_id\": null, \"created_at\": 1667336400, \"updated_at\": 1667377514, \"category_id\": 2, \"description\": null, \"is_comments\": 0, \"title_short\": null, \"is_published\": 0, \"is_watermark\": 0, \"is_favourites\": 0, \"preview_description\": null}',
        NULL, 1667377514, NULL, NULL),
       (768, 43, 7, 'ax_catalog_product', 91, 'updated',
        '{\"image\": \"/upload/ax_catalog_product/stepnoj-shmel/GPCa90rUvW5JrkBgrJQsKfg040vgIeS6Zsf2UlDs.jpeg\"}', NULL,
        1667377514, NULL, NULL),
       (769, 43, 7, 'ax_catalog_product', 92, 'created',
        '{\"id\": 92, \"url\": \"max-oak\", \"sort\": null, \"alias\": \"max-oak\", \"price\": 6200, \"title\": \"✶ Max oak ✶\", \"is_single\": 1, \"render_id\": null, \"created_at\": 1667336400, \"updated_at\": 1667377799, \"category_id\": 4, \"description\": null, \"is_comments\": 0, \"title_short\": null, \"is_published\": 0, \"is_watermark\": 0, \"is_favourites\": 0, \"preview_description\": null}',
        NULL, 1667377799, NULL, NULL),
       (770, 43, 7, 'ax_catalog_product', 92, 'updated',
        '{\"image\": \"/upload/ax_catalog_product/max-oak/n2KjFHyhoGeyhQCQzMLPNhcgJXGBiTxZaL6ISaou.jpeg\"}', NULL,
        1667377799, NULL, NULL),
       (771, 43, 7, 'ax_catalog_product', 93, 'created',
        '{\"id\": 93, \"url\": \"plyush\", \"sort\": null, \"alias\": \"plyush\", \"price\": 1500, \"title\": \"✶ Плющ ✶\", \"is_single\": 1, \"render_id\": null, \"created_at\": 1667336400, \"updated_at\": 1667378053, \"category_id\": 2, \"description\": null, \"is_comments\": 0, \"title_short\": null, \"is_published\": 0, \"is_watermark\": 0, \"is_favourites\": 0, \"preview_description\": null}',
        NULL, 1667378053, NULL, NULL),
       (772, 43, 7, 'ax_catalog_product', 93, 'updated',
        '{\"image\": \"/upload/ax_catalog_product/plyush/zuG4APgRIMDD8kiWg6FDwavp2swQ2gKEnXmAu7pK.jpeg\"}', NULL,
        1667378053, NULL, NULL),
       (773, 43, 7, 'ax_catalog_product', 94, 'created',
        '{\"id\": 94, \"url\": \"ruskus\", \"sort\": null, \"alias\": \"ruskus\", \"price\": 1700, \"title\": \"✶ Рускус✶\", \"is_single\": 1, \"render_id\": null, \"created_at\": 1667336400, \"updated_at\": 1667378703, \"category_id\": 2, \"description\": null, \"is_comments\": 0, \"title_short\": null, \"is_published\": 0, \"is_watermark\": 0, \"is_favourites\": 0, \"preview_description\": null}',
        NULL, 1667378703, NULL, NULL),
       (774, 43, 7, 'ax_catalog_product', 94, 'updated',
        '{\"image\": \"/upload/ax_catalog_product/ruskus/ECF1LRhIOVFWanc73sjOeWIgVotJ9qRgeHFQxLmp.jpeg\"}', NULL,
        1667378703, NULL, NULL),
       (775, 43, 7, 'ax_catalog_product', 95, 'created',
        '{\"id\": 95, \"url\": \"dzhomolungma\", \"sort\": null, \"alias\": \"dzhomolungma\", \"price\": 1600, \"title\": \"✶ Джомолунгма ✶\", \"is_single\": 1, \"render_id\": null, \"created_at\": 1667336400, \"updated_at\": 1667379095, \"category_id\": 2, \"description\": null, \"is_comments\": 0, \"title_short\": null, \"is_published\": 0, \"is_watermark\": 0, \"is_favourites\": 0, \"preview_description\": null}',
        NULL, 1667379095, NULL, NULL),
       (776, 43, 7, 'ax_catalog_product', 95, 'updated',
        '{\"image\": \"/upload/ax_catalog_product/dzhomolungma/vlUecy3QInVTelQCnubO6yZCt4tAF0UQrGNPwJRP.jpeg\"}', NULL,
        1667379095, NULL, NULL),
       (777, 43, 7, 'ax_catalog_product', 96, 'created',
        '{\"id\": 96, \"url\": \"korolevna\", \"sort\": null, \"alias\": \"korolevna\", \"price\": 2200, \"title\": \"✶ Королевна ✶\", \"is_single\": 1, \"render_id\": null, \"created_at\": 1667336400, \"updated_at\": 1667379303, \"category_id\": 2, \"description\": null, \"is_comments\": 0, \"title_short\": null, \"is_published\": 0, \"is_watermark\": 0, \"is_favourites\": 0, \"preview_description\": null}',
        NULL, 1667379303, NULL, NULL),
       (778, 43, 7, 'ax_catalog_product', 96, 'updated',
        '{\"image\": \"/upload/ax_catalog_product/korolevna/k4ysugMSD5PRb8RsvXMtOhBMQOKvmldeVbQ1Jq1m.jpeg\"}', NULL,
        1667379303, NULL, NULL),
       (779, 43, 7, 'ax_catalog_product', 97, 'created',
        '{\"id\": 97, \"url\": \"listopad\", \"sort\": null, \"alias\": \"listopad\", \"price\": 1700, \"title\": \"✶ Листопад ✶\", \"is_single\": 1, \"render_id\": null, \"created_at\": 1667336400, \"updated_at\": 1667379524, \"category_id\": 2, \"description\": null, \"is_comments\": 0, \"title_short\": null, \"is_published\": 0, \"is_watermark\": 0, \"is_favourites\": 0, \"preview_description\": null}',
        NULL, 1667379524, NULL, NULL),
       (780, 43, 7, 'ax_catalog_product', 97, 'updated',
        '{\"image\": \"/upload/ax_catalog_product/listopad/COqFh9cDspMdJwRotNSSggtfwPhHuzFFZwtjIcln.jpeg\"}', NULL,
        1667379524, NULL, NULL),
       (781, 43, 7, 'ax_catalog_product', 98, 'created',
        '{\"id\": 98, \"url\": \"ginkgo\", \"sort\": null, \"alias\": \"ginkgo\", \"price\": 1600, \"title\": \"✶ Гинкго ✶\", \"is_single\": 1, \"render_id\": null, \"created_at\": 1667336400, \"updated_at\": 1667379796, \"category_id\": 2, \"description\": null, \"is_comments\": 0, \"title_short\": null, \"is_published\": 0, \"is_watermark\": 0, \"is_favourites\": 0, \"preview_description\": null}',
        NULL, 1667379796, NULL, NULL),
       (782, 43, 7, 'ax_catalog_product', 98, 'updated',
        '{\"image\": \"/upload/ax_catalog_product/ginkgo/0wIghCIg6fHTjYxUNPPh9vpaLIkCeNZZ0xtsOSur.jpeg\"}', NULL,
        1667379796, NULL, NULL),
       (783, 43, 7, 'ax_catalog_product', 99, 'created',
        '{\"id\": 99, \"url\": \"monstera-delicat\", \"sort\": null, \"alias\": \"monstera-delicat\", \"price\": 2100, \"title\": \"✶ Monstera delicat ✶\", \"is_single\": 1, \"render_id\": null, \"created_at\": 1667336400, \"updated_at\": 1667380233, \"category_id\": 2, \"description\": null, \"is_comments\": 0, \"title_short\": null, \"is_published\": 0, \"is_watermark\": 0, \"is_favourites\": 0, \"preview_description\": null}',
        NULL, 1667380233, NULL, NULL),
       (784, 43, 7, 'ax_catalog_product', 99, 'updated',
        '{\"image\": \"/upload/ax_catalog_product/monstera-delicat/ayr8I6cft7YItqsXJWRsdWjjSFjYPKc4HBfgyb8O.jpeg\"}',
        NULL, 1667380233, NULL, NULL),
       (785, 43, 7, 'ax_catalog_product', 100, 'created',
        '{\"id\": 100, \"url\": \"kalateya-misti\", \"sort\": null, \"alias\": \"kalateya-misti\", \"price\": 2400, \"title\": \"✶ Калатея Мисти ✶\", \"is_single\": 1, \"render_id\": null, \"created_at\": 1667336400, \"updated_at\": 1667380438, \"category_id\": 2, \"description\": null, \"is_comments\": 0, \"title_short\": null, \"is_published\": 0, \"is_watermark\": 0, \"is_favourites\": 0, \"preview_description\": null}',
        NULL, 1667380438, NULL, NULL),
       (786, 43, 7, 'ax_catalog_product', 100, 'updated',
        '{\"image\": \"/upload/ax_catalog_product/kalateya-misti/QlMXDpQSXOFppuSNBVFO4u2CVp7GEmrJxAVfaYmq.jpeg\"}',
        NULL, 1667380438, NULL, NULL),
       (787, 43, 7, 'ax_catalog_product', 101, 'created',
        '{\"id\": 101, \"url\": \"art-1\", \"sort\": null, \"alias\": \"art-1\", \"price\": 2100, \"title\": \"✶ Арт 1 ✶\", \"is_single\": 1, \"render_id\": null, \"created_at\": 1667336400, \"updated_at\": 1667380849, \"category_id\": 2, \"description\": null, \"is_comments\": 0, \"title_short\": null, \"is_published\": 0, \"is_watermark\": 0, \"is_favourites\": 0, \"preview_description\": null}',
        NULL, 1667380849, NULL, NULL),
       (788, 43, 7, 'ax_catalog_product', 101, 'updated',
        '{\"image\": \"/upload/ax_catalog_product/art-1/D9Q7xt0u8Ng1J9cQLdIyQcMoJ67iPJawSn4UzZf4.jpeg\", \"updated_at\": 1667380850}',
        NULL, 1667380850, NULL, NULL),
       (789, 43, 7, 'ax_catalog_product', 102, 'created',
        '{\"id\": 102, \"url\": \"tigr\", \"sort\": null, \"alias\": \"tigr\", \"price\": 2200, \"title\": \"✶ Тигр ✶\", \"is_single\": 1, \"render_id\": null, \"created_at\": 1667336400, \"updated_at\": 1667381105, \"category_id\": 2, \"description\": null, \"is_comments\": 0, \"title_short\": null, \"is_published\": 0, \"is_watermark\": 0, \"is_favourites\": 0, \"preview_description\": null}',
        NULL, 1667381105, NULL, NULL),
       (790, 43, 7, 'ax_catalog_product', 102, 'updated',
        '{\"image\": \"/upload/ax_catalog_product/tigr/l7znyoE40HiK1WDCHtGyDUCX2tLHqq9BcFypnRpX.jpeg\"}', NULL,
        1667381105, NULL, NULL),
       (791, 43, 7, 'ax_catalog_product', 103, 'created',
        '{\"id\": 103, \"url\": \"lisichka\", \"sort\": null, \"alias\": \"lisichka\", \"price\": 1100, \"title\": \"✶ Лисичка ✶\", \"is_single\": 1, \"render_id\": null, \"created_at\": 1667336400, \"updated_at\": 1667381270, \"category_id\": 2, \"description\": null, \"is_comments\": 0, \"title_short\": null, \"is_published\": 0, \"is_watermark\": 0, \"is_favourites\": 0, \"preview_description\": null}',
        NULL, 1667381270, NULL, NULL),
       (792, 43, 7, 'ax_catalog_product', 103, 'updated',
        '{\"image\": \"/upload/ax_catalog_product/lisichka/O2XXHIaDShjECkmKDUZRLmSVcIupnMGKiFhDWy7x.jpeg\"}', NULL,
        1667381270, NULL, NULL),
       (793, 43, 7, 'ax_catalog_product', 104, 'created',
        '{\"id\": 104, \"url\": \"kofe-vetv\", \"sort\": null, \"alias\": \"kofe-vetv\", \"price\": 1800, \"title\": \"✶ Кофе ветвь ✶\", \"is_single\": 1, \"render_id\": null, \"created_at\": 1667336400, \"updated_at\": 1667381593, \"category_id\": 2, \"description\": null, \"is_comments\": 0, \"title_short\": null, \"is_published\": 0, \"is_watermark\": 0, \"is_favourites\": 0, \"preview_description\": null}',
        NULL, 1667381593, NULL, NULL),
       (794, 43, 7, 'ax_catalog_product', 104, 'updated',
        '{\"image\": \"/upload/ax_catalog_product/kofe-vetv/4qbWFmIFET7BmjEhbWyQSpdzwHQZzvfBD5yXU9Js.jpeg\"}', NULL,
        1667381593, NULL, NULL),
       (795, 43, 7, 'ax_catalog_product', 105, 'created',
        '{\"id\": 105, \"url\": \"kolosok\", \"sort\": null, \"alias\": \"kolosok\", \"price\": 1300, \"title\": \"✶ Колосок ✶\", \"is_single\": 1, \"render_id\": null, \"created_at\": 1667336400, \"updated_at\": 1667381764, \"category_id\": 2, \"description\": null, \"is_comments\": 0, \"title_short\": null, \"is_published\": 0, \"is_watermark\": 0, \"is_favourites\": 0, \"preview_description\": null}',
        NULL, 1667381764, NULL, NULL),
       (796, 43, 7, 'ax_catalog_product', 105, 'updated',
        '{\"image\": \"/upload/ax_catalog_product/kolosok/nETPYsg84kqjO0C3zUNzHNhFyWiwUXdV5NqzRpvA.jpeg\"}', NULL,
        1667381764, NULL, NULL),
       (797, 43, 7, 'ax_catalog_product', 106, 'created',
        '{\"id\": 106, \"url\": \"kruassan-shtrih\", \"sort\": null, \"alias\": \"kruassan-shtrih\", \"price\": 1300, \"title\": \"✶ Круассан штрих ✶\", \"is_single\": 1, \"render_id\": null, \"created_at\": 1667336400, \"updated_at\": 1667382059, \"category_id\": 2, \"description\": null, \"is_comments\": 0, \"title_short\": null, \"is_published\": 0, \"is_watermark\": 0, \"is_favourites\": 0, \"preview_description\": null}',
        NULL, 1667382059, NULL, NULL),
       (798, 43, 7, 'ax_catalog_product', 106, 'updated',
        '{\"image\": \"/upload/ax_catalog_product/kruassan-shtrih/9sDX7zVTamUvnK9vfk6soUzSMMjtnMhrm2gDQjUA.jpeg\"}',
        NULL, 1667382059, NULL, NULL),
       (799, 43, 7, 'ax_catalog_product', 108, 'created',
        '{\"id\": 108, \"url\": \"myata-vetochka\", \"sort\": null, \"alias\": \"myata-vetochka\", \"price\": 2200, \"title\": \"✶ Мята веточка ✶\", \"is_single\": 1, \"render_id\": null, \"created_at\": 1667336400, \"updated_at\": 1667382297, \"category_id\": 2, \"description\": null, \"is_comments\": 0, \"title_short\": null, \"is_published\": 0, \"is_watermark\": 0, \"is_favourites\": 0, \"preview_description\": null}',
        NULL, 1667382297, NULL, NULL),
       (800, 43, 7, 'ax_catalog_product', 108, 'updated',
        '{\"image\": \"/upload/ax_catalog_product/myata-vetochka/KxvyW5lDLDcYSS8PiKCBlw52ueMfkAOsICRuThva.jpeg\"}',
        NULL, 1667382297, NULL, NULL),
       (801, 43, 7, 'ax_catalog_product', 109, 'created',
        '{\"id\": 109, \"url\": \"krapiva\", \"sort\": null, \"alias\": \"krapiva\", \"price\": 1600, \"title\": \"✶ Крапива ✶\", \"is_single\": 1, \"render_id\": null, \"created_at\": 1667336400, \"updated_at\": 1667382556, \"category_id\": 2, \"description\": null, \"is_comments\": 0, \"title_short\": null, \"is_published\": 0, \"is_watermark\": 0, \"is_favourites\": 0, \"preview_description\": null}',
        NULL, 1667382556, NULL, NULL),
       (802, 43, 7, 'ax_catalog_product', 109, 'updated',
        '{\"image\": \"/upload/ax_catalog_product/krapiva/mJSQzU4XqXuXvQem3GY55WzyUW8IYaqVVbp3STjQ.jpeg\"}', NULL,
        1667382556, NULL, NULL),
       (803, 43, 7, 'ax_catalog_product', 110, 'created',
        '{\"id\": 110, \"url\": \"zebra-print\", \"sort\": null, \"alias\": \"zebra-print\", \"price\": 2000, \"title\": \"✶ Зебра принт✶\", \"is_single\": 1, \"render_id\": null, \"created_at\": 1667336400, \"updated_at\": 1667382801, \"category_id\": 2, \"description\": null, \"is_comments\": 0, \"title_short\": null, \"is_published\": 0, \"is_watermark\": 0, \"is_favourites\": 0, \"preview_description\": null}',
        NULL, 1667382801, NULL, NULL),
       (804, 43, 7, 'ax_catalog_product', 110, 'updated',
        '{\"image\": \"/upload/ax_catalog_product/zebra-print/fFSKNN9UNcKsZt3tF6QpS92KUTDvW2cGfEtxji8c.jpeg\"}', NULL,
        1667382801, NULL, NULL),
       (805, 43, 7, 'ax_catalog_product', 111, 'created',
        '{\"id\": 111, \"url\": \"liliya\", \"sort\": null, \"alias\": \"liliya\", \"price\": 1900, \"title\": \"✶ Лилия ✶\", \"is_single\": 1, \"render_id\": null, \"created_at\": 1667336400, \"updated_at\": 1667382937, \"category_id\": 2, \"description\": null, \"is_comments\": 0, \"title_short\": null, \"is_published\": 0, \"is_watermark\": 0, \"is_favourites\": 0, \"preview_description\": null}',
        NULL, 1667382937, NULL, NULL),
       (806, 43, 7, 'ax_catalog_product', 111, 'updated',
        '{\"image\": \"/upload/ax_catalog_product/liliya/LaslYvZWHk5z4BKcwGfkoAoEXhs7WXCV85FsqyJd.jpeg\"}', NULL,
        1667382937, NULL, NULL),
       (807, 43, 7, 'ax_catalog_product', 112, 'created',
        '{\"id\": 112, \"url\": \"fistashka\", \"sort\": null, \"alias\": \"fistashka\", \"price\": 2000, \"title\": \"✶ Фисташка ✶\", \"is_single\": 1, \"render_id\": null, \"created_at\": 1667336400, \"updated_at\": 1667383211, \"category_id\": 2, \"description\": null, \"is_comments\": 0, \"title_short\": null, \"is_published\": 0, \"is_watermark\": 0, \"is_favourites\": 0, \"preview_description\": null}',
        NULL, 1667383211, NULL, NULL),
       (808, 43, 7, 'ax_catalog_product', 112, 'updated',
        '{\"image\": \"/upload/ax_catalog_product/fistashka/XcBeEZc1MWz40v7R2AlnsMXo1Y6LblIsUBUpTBJb.jpeg\"}', NULL,
        1667383211, NULL, NULL),
       (809, 43, 7, 'ax_catalog_product', 113, 'created',
        '{\"id\": 113, \"url\": \"4-pyoryshka\", \"sort\": null, \"alias\": \"4-pyoryshka\", \"price\": 1700, \"title\": \"✶ 4 Пёрышка ✶\", \"is_single\": 1, \"render_id\": null, \"created_at\": 1667336400, \"updated_at\": 1667383453, \"category_id\": 2, \"description\": null, \"is_comments\": 0, \"title_short\": null, \"is_published\": 0, \"is_watermark\": 0, \"is_favourites\": 0, \"preview_description\": null}',
        NULL, 1667383453, NULL, NULL),
       (810, 43, 7, 'ax_catalog_product', 113, 'updated',
        '{\"image\": \"/upload/ax_catalog_product/4-pyoryshka/X8tkugoYm0Oxxr4Z31aROxxzFkN88o4ERnPd5pOH.jpeg\"}', NULL,
        1667383453, NULL, NULL),
       (811, 43, 7, 'ax_catalog_product', 114, 'created',
        '{\"id\": 114, \"url\": \"shef\", \"sort\": null, \"alias\": \"shef\", \"price\": 3000, \"title\": \"✶ Шеф ✶\", \"is_single\": 1, \"render_id\": null, \"created_at\": 1667336400, \"updated_at\": 1667383640, \"category_id\": 2, \"description\": null, \"is_comments\": 0, \"title_short\": null, \"is_published\": 0, \"is_watermark\": 0, \"is_favourites\": 0, \"preview_description\": null}',
        NULL, 1667383640, NULL, NULL),
       (812, 43, 7, 'ax_catalog_product', 114, 'updated',
        '{\"image\": \"/upload/ax_catalog_product/shef/8lg3du35TPvmYcF5QVAVyrdgppeiMfaFiuEaJ6bo.jpeg\"}', NULL,
        1667383640, NULL, NULL),
       (813, 43, 7, 'ax_catalog_product', 115, 'created',
        '{\"id\": 115, \"url\": \"enot\", \"sort\": null, \"alias\": \"enot\", \"price\": 2100, \"title\": \"✶ Енот ✶\", \"is_single\": 1, \"render_id\": null, \"created_at\": 1667336400, \"updated_at\": 1667383806, \"category_id\": 2, \"description\": null, \"is_comments\": 0, \"title_short\": null, \"is_published\": 0, \"is_watermark\": 0, \"is_favourites\": 0, \"preview_description\": null}',
        NULL, 1667383806, NULL, NULL),
       (814, 43, 7, 'ax_catalog_product', 115, 'updated',
        '{\"image\": \"/upload/ax_catalog_product/enot/05f86fM2vcgxwUNCwe6YulPDzwLBOTYjbORVCdLk.jpeg\"}', NULL,
        1667383806, NULL, NULL),
       (815, 43, 7, 'ax_catalog_product', 116, 'created',
        '{\"id\": 116, \"url\": \"kinza\", \"sort\": null, \"alias\": \"kinza\", \"price\": 2300, \"title\": \"✶ Кинза ✶\", \"is_single\": 1, \"render_id\": null, \"created_at\": 1667336400, \"updated_at\": 1667383945, \"category_id\": 2, \"description\": null, \"is_comments\": 0, \"title_short\": null, \"is_published\": 0, \"is_watermark\": 0, \"is_favourites\": 0, \"preview_description\": null}',
        NULL, 1667383945, NULL, NULL),
       (816, 43, 7, 'ax_catalog_product', 116, 'updated',
        '{\"image\": \"/upload/ax_catalog_product/kinza/42g6RDj1HEpAIXk9h97okqTwO2aljshLhGpx707K.jpeg\"}', NULL,
        1667383945, NULL, NULL),
       (817, 43, 7, 'ax_catalog_product', 118, 'created',
        '{\"id\": 118, \"url\": \"paporotnik-hilla\", \"sort\": null, \"alias\": \"paporotnik-hilla\", \"price\": 1900, \"title\": \"✶ Папоротник Хилла ✶\", \"is_single\": 1, \"render_id\": null, \"created_at\": 1667336400, \"updated_at\": 1667384251, \"category_id\": 2, \"description\": null, \"is_comments\": 0, \"title_short\": null, \"is_published\": 0, \"is_watermark\": 0, \"is_favourites\": 0, \"preview_description\": null}',
        NULL, 1667384251, NULL, NULL),
       (818, 43, 7, 'ax_catalog_product', 118, 'updated',
        '{\"image\": \"/upload/ax_catalog_product/paporotnik-hilla/Sz7v59CR4zh5eHlK4bqfEJOrzmzHlwGnaykLNNPQ.jpeg\"}',
        NULL, 1667384251, NULL, NULL),
       (819, 43, 7, 'ax_catalog_product', 119, 'created',
        '{\"id\": 119, \"url\": \"art-2\", \"sort\": null, \"alias\": \"art-2\", \"price\": 2500, \"title\": \"✶ Арт 2 ✶\", \"is_single\": 1, \"render_id\": null, \"created_at\": 1667336400, \"updated_at\": 1667384405, \"category_id\": 2, \"description\": null, \"is_comments\": 0, \"title_short\": null, \"is_published\": 0, \"is_watermark\": 0, \"is_favourites\": 0, \"preview_description\": null}',
        NULL, 1667384405, NULL, NULL),
       (820, 43, 7, 'ax_catalog_product', 119, 'updated',
        '{\"image\": \"/upload/ax_catalog_product/art-2/rUpnISDklbT7exmudFkbikbysStKZTbp6ZxzoGxi.jpeg\"}', NULL,
        1667384405, NULL, NULL),
       (821, 43, 7, 'ax_catalog_product', 120, 'created',
        '{\"id\": 120, \"url\": \"karp\", \"sort\": null, \"alias\": \"karp\", \"price\": 3100, \"title\": \"✶ Карп ✶\", \"is_single\": 1, \"render_id\": null, \"created_at\": 1667336400, \"updated_at\": 1667384621, \"category_id\": 2, \"description\": null, \"is_comments\": 0, \"title_short\": null, \"is_published\": 0, \"is_watermark\": 0, \"is_favourites\": 0, \"preview_description\": null}',
        NULL, 1667384621, NULL, NULL),
       (822, 43, 7, 'ax_catalog_product', 120, 'updated',
        '{\"image\": \"/upload/ax_catalog_product/karp/ScIAWzH1npaIPnBouh79g5h6enYmUgM9AapJ3vWg.jpeg\"}', NULL,
        1667384621, NULL, NULL),
       (823, 43, 7, 'ax_document_coming', 68, 'created',
        '{\"id\": 68, \"status\": 1, \"created_at\": 1667386239, \"updated_at\": 1667386239, \"counterparty_id\": 1, \"fin_transaction_type_id\": 2, \"catalog_storage_place_id\": 1}',
        NULL, 1667386239, NULL, NULL),
       (824, 43, 7, 'ax_document_coming_content', 117, 'created',
        '{\"id\": 117, \"price\": 900, \"quantity\": 1, \"price_out\": 0, \"created_at\": 1667386239, \"updated_at\": 1667386239, \"document_id\": 68, \"catalog_product_id\": 80}',
        NULL, 1667386239, NULL, NULL),
       (825, 43, 7, 'ax_document_coming_content', 118, 'created',
        '{\"id\": 118, \"price\": 1899, \"quantity\": 1, \"price_out\": 0, \"created_at\": 1667386239, \"updated_at\": 1667386239, \"document_id\": 68, \"catalog_product_id\": 81}',
        NULL, 1667386239, NULL, NULL),
       (826, 43, 7, 'ax_document_coming_content', 119, 'created',
        '{\"id\": 119, \"price\": 2500, \"quantity\": 1, \"price_out\": 0, \"created_at\": 1667386239, \"updated_at\": 1667386239, \"document_id\": 68, \"catalog_product_id\": 82}',
        NULL, 1667386239, NULL, NULL),
       (827, 43, 7, 'ax_document_coming_content', 120, 'created',
        '{\"id\": 120, \"price\": 1300, \"quantity\": 1, \"price_out\": 0, \"created_at\": 1667386239, \"updated_at\": 1667386239, \"document_id\": 68, \"catalog_product_id\": 83}',
        NULL, 1667386239, NULL, NULL),
       (828, 43, 7, 'ax_document_coming_content', 121, 'created',
        '{\"id\": 121, \"price\": 2100, \"quantity\": 1, \"price_out\": 0, \"created_at\": 1667386239, \"updated_at\": 1667386239, \"document_id\": 68, \"catalog_product_id\": 84}',
        NULL, 1667386239, NULL, NULL),
       (829, 43, 7, 'ax_document_coming_content', 122, 'created',
        '{\"id\": 122, \"price\": 1600, \"quantity\": 1, \"price_out\": 0, \"created_at\": 1667386239, \"updated_at\": 1667386239, \"document_id\": 68, \"catalog_product_id\": 85}',
        NULL, 1667386239, NULL, NULL),
       (830, 43, 7, 'ax_document_coming_content', 123, 'created',
        '{\"id\": 123, \"price\": 1700, \"quantity\": 1, \"price_out\": 0, \"created_at\": 1667386239, \"updated_at\": 1667386239, \"document_id\": 68, \"catalog_product_id\": 86}',
        NULL, 1667386239, NULL, NULL),
       (831, 43, 7, 'ax_document_coming_content', 124, 'created',
        '{\"id\": 124, \"price\": 1400, \"quantity\": 1, \"price_out\": 0, \"created_at\": 1667386239, \"updated_at\": 1667386239, \"document_id\": 68, \"catalog_product_id\": 87}',
        NULL, 1667386239, NULL, NULL),
       (832, 43, 7, 'ax_document_coming_content', 125, 'created',
        '{\"id\": 125, \"price\": 1600, \"quantity\": 1, \"price_out\": 0, \"created_at\": 1667386239, \"updated_at\": 1667386239, \"document_id\": 68, \"catalog_product_id\": 88}',
        NULL, 1667386239, NULL, NULL),
       (833, 43, 7, 'ax_document_coming_content', 126, 'created',
        '{\"id\": 126, \"price\": 3500, \"quantity\": 1, \"price_out\": 0, \"created_at\": 1667386239, \"updated_at\": 1667386239, \"document_id\": 68, \"catalog_product_id\": 91}',
        NULL, 1667386239, NULL, NULL),
       (834, 43, 7, 'ax_document_coming_content', 127, 'created',
        '{\"id\": 127, \"price\": 6200, \"quantity\": 1, \"price_out\": 0, \"created_at\": 1667386239, \"updated_at\": 1667386239, \"document_id\": 68, \"catalog_product_id\": 92}',
        NULL, 1667386239, NULL, NULL),
       (835, 43, 7, 'ax_document_coming_content', 128, 'created',
        '{\"id\": 128, \"price\": 1500, \"quantity\": 1, \"price_out\": 0, \"created_at\": 1667386239, \"updated_at\": 1667386239, \"document_id\": 68, \"catalog_product_id\": 93}',
        NULL, 1667386239, NULL, NULL),
       (836, 43, 7, 'ax_document_coming_content', 129, 'created',
        '{\"id\": 129, \"price\": 1700, \"quantity\": 1, \"price_out\": 0, \"created_at\": 1667386239, \"updated_at\": 1667386239, \"document_id\": 68, \"catalog_product_id\": 94}',
        NULL, 1667386239, NULL, NULL),
       (837, 43, 7, 'ax_document_coming_content', 130, 'created',
        '{\"id\": 130, \"price\": 1600, \"quantity\": 1, \"price_out\": 0, \"created_at\": 1667386239, \"updated_at\": 1667386239, \"document_id\": 68, \"catalog_product_id\": 95}',
        NULL, 1667386239, NULL, NULL),
       (838, 43, 7, 'ax_document_coming_content', 131, 'created',
        '{\"id\": 131, \"price\": 2200, \"quantity\": 1, \"price_out\": 0, \"created_at\": 1667386239, \"updated_at\": 1667386239, \"document_id\": 68, \"catalog_product_id\": 96}',
        NULL, 1667386239, NULL, NULL),
       (839, 43, 7, 'ax_document_coming_content', 132, 'created',
        '{\"id\": 132, \"price\": 1700, \"quantity\": 1, \"price_out\": 0, \"created_at\": 1667386239, \"updated_at\": 1667386239, \"document_id\": 68, \"catalog_product_id\": 97}',
        NULL, 1667386239, NULL, NULL),
       (840, 43, 7, 'ax_document_coming_content', 133, 'created',
        '{\"id\": 133, \"price\": 1600, \"quantity\": 1, \"price_out\": 0, \"created_at\": 1667386239, \"updated_at\": 1667386239, \"document_id\": 68, \"catalog_product_id\": 98}',
        NULL, 1667386239, NULL, NULL),
       (841, 43, 7, 'ax_document_coming_content', 134, 'created',
        '{\"id\": 134, \"price\": 2100, \"quantity\": 1, \"price_out\": 0, \"created_at\": 1667386239, \"updated_at\": 1667386239, \"document_id\": 68, \"catalog_product_id\": 99}',
        NULL, 1667386239, NULL, NULL),
       (842, 43, 7, 'ax_document_coming_content', 135, 'created',
        '{\"id\": 135, \"price\": 2400, \"quantity\": 1, \"price_out\": 0, \"created_at\": 1667386239, \"updated_at\": 1667386239, \"document_id\": 68, \"catalog_product_id\": 100}',
        NULL, 1667386239, NULL, NULL),
       (843, 43, 7, 'ax_document_coming_content', 136, 'created',
        '{\"id\": 136, \"price\": 2100, \"quantity\": 1, \"price_out\": 0, \"created_at\": 1667386239, \"updated_at\": 1667386239, \"document_id\": 68, \"catalog_product_id\": 101}',
        NULL, 1667386239, NULL, NULL),
       (844, 43, 7, 'ax_document_coming_content', 137, 'created',
        '{\"id\": 137, \"price\": 2200, \"quantity\": 1, \"price_out\": 0, \"created_at\": 1667386239, \"updated_at\": 1667386239, \"document_id\": 68, \"catalog_product_id\": 102}',
        NULL, 1667386239, NULL, NULL),
       (845, 43, 7, 'ax_document_coming_content', 138, 'created',
        '{\"id\": 138, \"price\": 1100, \"quantity\": 1, \"price_out\": 0, \"created_at\": 1667386239, \"updated_at\": 1667386239, \"document_id\": 68, \"catalog_product_id\": 103}',
        NULL, 1667386239, NULL, NULL),
       (846, 43, 7, 'ax_document_coming_content', 139, 'created',
        '{\"id\": 139, \"price\": 1800, \"quantity\": 1, \"price_out\": 0, \"created_at\": 1667386239, \"updated_at\": 1667386239, \"document_id\": 68, \"catalog_product_id\": 104}',
        NULL, 1667386239, NULL, NULL),
       (847, 43, 7, 'ax_document_coming_content', 140, 'created',
        '{\"id\": 140, \"price\": 1300, \"quantity\": 1, \"price_out\": 0, \"created_at\": 1667386239, \"updated_at\": 1667386239, \"document_id\": 68, \"catalog_product_id\": 105}',
        NULL, 1667386239, NULL, NULL),
       (848, 43, 7, 'ax_document_coming_content', 141, 'created',
        '{\"id\": 141, \"price\": 1300, \"quantity\": 1, \"price_out\": 0, \"created_at\": 1667386239, \"updated_at\": 1667386239, \"document_id\": 68, \"catalog_product_id\": 106}',
        NULL, 1667386239, NULL, NULL),
       (849, 43, 7, 'ax_document_coming_content', 142, 'created',
        '{\"id\": 142, \"price\": 2200, \"quantity\": 1, \"price_out\": 0, \"created_at\": 1667386239, \"updated_at\": 1667386239, \"document_id\": 68, \"catalog_product_id\": 108}',
        NULL, 1667386239, NULL, NULL),
       (850, 43, 7, 'ax_document_coming_content', 143, 'created',
        '{\"id\": 143, \"price\": 1600, \"quantity\": 1, \"price_out\": 0, \"created_at\": 1667386239, \"updated_at\": 1667386239, \"document_id\": 68, \"catalog_product_id\": 109}',
        NULL, 1667386239, NULL, NULL),
       (851, 43, 7, 'ax_document_coming_content', 144, 'created',
        '{\"id\": 144, \"price\": 2000, \"quantity\": 1, \"price_out\": 0, \"created_at\": 1667386239, \"updated_at\": 1667386239, \"document_id\": 68, \"catalog_product_id\": 110}',
        NULL, 1667386239, NULL, NULL),
       (852, 43, 7, 'ax_document_coming_content', 145, 'created',
        '{\"id\": 145, \"price\": 1900, \"quantity\": 1, \"price_out\": 0, \"created_at\": 1667386239, \"updated_at\": 1667386239, \"document_id\": 68, \"catalog_product_id\": 111}',
        NULL, 1667386239, NULL, NULL),
       (853, 43, 7, 'ax_document_coming_content', 146, 'created',
        '{\"id\": 146, \"price\": 2000, \"quantity\": 1, \"price_out\": 0, \"created_at\": 1667386239, \"updated_at\": 1667386239, \"document_id\": 68, \"catalog_product_id\": 112}',
        NULL, 1667386239, NULL, NULL),
       (854, 43, 7, 'ax_document_coming_content', 147, 'created',
        '{\"id\": 147, \"price\": 1700, \"quantity\": 1, \"price_out\": 0, \"created_at\": 1667386239, \"updated_at\": 1667386239, \"document_id\": 68, \"catalog_product_id\": 113}',
        NULL, 1667386239, NULL, NULL),
       (855, 43, 7, 'ax_document_coming_content', 148, 'created',
        '{\"id\": 148, \"price\": 3000, \"quantity\": 1, \"price_out\": 0, \"created_at\": 1667386239, \"updated_at\": 1667386239, \"document_id\": 68, \"catalog_product_id\": 114}',
        NULL, 1667386239, NULL, NULL),
       (856, 43, 7, 'ax_document_coming_content', 149, 'created',
        '{\"id\": 149, \"price\": 2100, \"quantity\": 1, \"price_out\": 0, \"created_at\": 1667386239, \"updated_at\": 1667386239, \"document_id\": 68, \"catalog_product_id\": 115}',
        NULL, 1667386239, NULL, NULL),
       (857, 43, 7, 'ax_document_coming_content', 150, 'created',
        '{\"id\": 150, \"price\": 2300, \"quantity\": 1, \"price_out\": 0, \"created_at\": 1667386239, \"updated_at\": 1667386239, \"document_id\": 68, \"catalog_product_id\": 116}',
        NULL, 1667386239, NULL, NULL),
       (858, 43, 7, 'ax_document_coming_content', 151, 'created',
        '{\"id\": 151, \"price\": 1900, \"quantity\": 1, \"price_out\": 0, \"created_at\": 1667386239, \"updated_at\": 1667386239, \"document_id\": 68, \"catalog_product_id\": 118}',
        NULL, 1667386239, NULL, NULL),
       (859, 43, 7, 'ax_document_coming_content', 152, 'created',
        '{\"id\": 152, \"price\": 2500, \"quantity\": 1, \"price_out\": 0, \"created_at\": 1667386239, \"updated_at\": 1667386239, \"document_id\": 68, \"catalog_product_id\": 119}',
        NULL, 1667386239, NULL, NULL),
       (860, 43, 7, 'ax_document_coming_content', 153, 'created',
        '{\"id\": 153, \"price\": 3100, \"quantity\": 1, \"price_out\": 0, \"created_at\": 1667386239, \"updated_at\": 1667386239, \"document_id\": 68, \"catalog_product_id\": 120}',
        NULL, 1667386239, NULL, NULL),
       (861, 43, 7, 'ax_document_coming_content', 145, 'updated', '{\"price_out\": 1900, \"updated_at\": 1667386553}',
        NULL, 1667386553, NULL, NULL),
       (862, 43, 7, 'ax_document_coming_content', 136, 'updated', '{\"price_out\": 2100, \"updated_at\": 1667386553}',
        NULL, 1667386553, NULL, NULL),
       (863, 43, 7, 'ax_document_coming_content', 137, 'updated', '{\"price_out\": 2200, \"updated_at\": 1667386553}',
        NULL, 1667386553, NULL, NULL),
       (864, 43, 7, 'ax_document_coming_content', 138, 'updated', '{\"price_out\": 1100, \"updated_at\": 1667386553}',
        NULL, 1667386553, NULL, NULL),
       (865, 43, 7, 'ax_document_coming_content', 139, 'updated', '{\"price_out\": 1800, \"updated_at\": 1667386553}',
        NULL, 1667386553, NULL, NULL),
       (866, 43, 7, 'ax_document_coming_content', 140, 'updated', '{\"price_out\": 1300, \"updated_at\": 1667386553}',
        NULL, 1667386553, NULL, NULL),
       (867, 43, 7, 'ax_document_coming_content', 141, 'updated', '{\"price_out\": 1300, \"updated_at\": 1667386553}',
        NULL, 1667386553, NULL, NULL),
       (868, 43, 7, 'ax_document_coming_content', 142, 'updated', '{\"price_out\": 2200, \"updated_at\": 1667386554}',
        NULL, 1667386554, NULL, NULL),
       (869, 43, 7, 'ax_document_coming_content', 143, 'updated', '{\"price_out\": 1600, \"updated_at\": 1667386554}',
        NULL, 1667386554, NULL, NULL),
       (870, 43, 7, 'ax_document_coming_content', 144, 'updated', '{\"price_out\": 2000, \"updated_at\": 1667386554}',
        NULL, 1667386554, NULL, NULL),
       (871, 43, 7, 'ax_document_coming_content', 135, 'updated', '{\"price_out\": 2400, \"updated_at\": 1667386554}',
        NULL, 1667386554, NULL, NULL),
       (872, 43, 7, 'ax_document_coming_content', 146, 'updated', '{\"price_out\": 2000, \"updated_at\": 1667386554}',
        NULL, 1667386554, NULL, NULL),
       (873, 43, 7, 'ax_document_coming_content', 147, 'updated', '{\"price_out\": 1700, \"updated_at\": 1667386554}',
        NULL, 1667386554, NULL, NULL),
       (874, 43, 7, 'ax_document_coming_content', 148, 'updated', '{\"price_out\": 3000, \"updated_at\": 1667386554}',
        NULL, 1667386554, NULL, NULL),
       (875, 43, 7, 'ax_document_coming_content', 149, 'updated', '{\"price_out\": 2100, \"updated_at\": 1667386554}',
        NULL, 1667386554, NULL, NULL),
       (876, 43, 7, 'ax_document_coming_content', 150, 'updated', '{\"price_out\": 2300, \"updated_at\": 1667386554}',
        NULL, 1667386554, NULL, NULL),
       (877, 43, 7, 'ax_document_coming_content', 151, 'updated', '{\"price_out\": 1900, \"updated_at\": 1667386554}',
        NULL, 1667386554, NULL, NULL),
       (878, 43, 7, 'ax_document_coming_content', 152, 'updated', '{\"price_out\": 2500, \"updated_at\": 1667386554}',
        NULL, 1667386554, NULL, NULL),
       (879, 43, 7, 'ax_document_coming_content', 153, 'updated', '{\"price_out\": 3100, \"updated_at\": 1667386554}',
        NULL, 1667386554, NULL, NULL),
       (880, 43, 7, 'ax_document_coming_content', 126, 'updated', '{\"price_out\": 3500, \"updated_at\": 1667386554}',
        NULL, 1667386554, NULL, NULL),
       (881, 43, 7, 'ax_document_coming_content', 118, 'updated',
        '{\"price\": 1900, \"price_out\": 1900, \"updated_at\": 1667386554}', NULL, 1667386554, NULL, NULL),
       (882, 43, 7, 'ax_document_coming_content', 119, 'updated', '{\"price_out\": 2500, \"updated_at\": 1667386554}',
        NULL, 1667386554, NULL, NULL),
       (883, 43, 7, 'ax_document_coming_content', 120, 'updated', '{\"price_out\": 1300, \"updated_at\": 1667386554}',
        NULL, 1667386554, NULL, NULL),
       (884, 43, 7, 'ax_document_coming_content', 121, 'updated', '{\"price_out\": 2100, \"updated_at\": 1667386554}',
        NULL, 1667386554, NULL, NULL),
       (885, 43, 7, 'ax_document_coming_content', 122, 'updated', '{\"price_out\": 1600, \"updated_at\": 1667386554}',
        NULL, 1667386554, NULL, NULL),
       (886, 43, 7, 'ax_document_coming_content', 123, 'updated', '{\"price_out\": 1700, \"updated_at\": 1667386554}',
        NULL, 1667386554, NULL, NULL),
       (887, 43, 7, 'ax_document_coming_content', 124, 'updated', '{\"price_out\": 1400, \"updated_at\": 1667386554}',
        NULL, 1667386554, NULL, NULL),
       (888, 43, 7, 'ax_document_coming_content', 125, 'updated', '{\"price_out\": 1600, \"updated_at\": 1667386554}',
        NULL, 1667386554, NULL, NULL),
       (889, 43, 7, 'ax_document_coming_content', 117, 'updated', '{\"price_out\": 900, \"updated_at\": 1667386554}',
        NULL, 1667386554, NULL, NULL),
       (890, 43, 7, 'ax_document_coming_content', 127, 'updated', '{\"price_out\": 6200, \"updated_at\": 1667386554}',
        NULL, 1667386554, NULL, NULL),
       (891, 43, 7, 'ax_document_coming_content', 128, 'updated', '{\"price_out\": 1500, \"updated_at\": 1667386554}',
        NULL, 1667386554, NULL, NULL),
       (892, 43, 7, 'ax_document_coming_content', 129, 'updated', '{\"price_out\": 1700, \"updated_at\": 1667386554}',
        NULL, 1667386554, NULL, NULL),
       (893, 43, 7, 'ax_document_coming_content', 130, 'updated', '{\"price_out\": 1600, \"updated_at\": 1667386554}',
        NULL, 1667386554, NULL, NULL),
       (894, 43, 7, 'ax_document_coming_content', 131, 'updated', '{\"price_out\": 2200, \"updated_at\": 1667386554}',
        NULL, 1667386554, NULL, NULL),
       (895, 43, 7, 'ax_document_coming_content', 132, 'updated', '{\"price_out\": 1700, \"updated_at\": 1667386554}',
        NULL, 1667386554, NULL, NULL),
       (896, 43, 7, 'ax_document_coming_content', 133, 'updated', '{\"price_out\": 1600, \"updated_at\": 1667386554}',
        NULL, 1667386554, NULL, NULL),
       (897, 43, 7, 'ax_document_coming_content', 134, 'updated', '{\"price_out\": 2100, \"updated_at\": 1667386554}',
        NULL, 1667386554, NULL, NULL),
       (898, 43, 7, 'ax_catalog_product', 111, 'updated', '{\"updated_at\": 1667386554, \"is_published\": 1}', NULL,
        1667386554, NULL, NULL),
       (899, 43, 7, 'ax_document_coming_content', 145, 'updated',
        '{\"updated_at\": 1667386554, \"catalog_storage_id\": 79}', NULL, 1667386554, NULL, NULL),
       (900, 43, 7, 'ax_catalog_product', 101, 'updated', '{\"updated_at\": 1667386554, \"is_published\": 1}', NULL,
        1667386554, NULL, NULL),
       (901, 43, 7, 'ax_document_coming_content', 136, 'updated',
        '{\"updated_at\": 1667386554, \"catalog_storage_id\": 80}', NULL, 1667386554, NULL, NULL),
       (902, 43, 7, 'ax_catalog_product', 102, 'updated', '{\"updated_at\": 1667386554, \"is_published\": 1}', NULL,
        1667386554, NULL, NULL),
       (903, 43, 7, 'ax_document_coming_content', 137, 'updated',
        '{\"updated_at\": 1667386554, \"catalog_storage_id\": 81}', NULL, 1667386554, NULL, NULL),
       (904, 43, 7, 'ax_catalog_product', 103, 'updated', '{\"updated_at\": 1667386554, \"is_published\": 1}', NULL,
        1667386554, NULL, NULL),
       (905, 43, 7, 'ax_document_coming_content', 138, 'updated',
        '{\"updated_at\": 1667386554, \"catalog_storage_id\": 82}', NULL, 1667386554, NULL, NULL),
       (906, 43, 7, 'ax_catalog_product', 104, 'updated', '{\"updated_at\": 1667386554, \"is_published\": 1}', NULL,
        1667386554, NULL, NULL),
       (907, 43, 7, 'ax_document_coming_content', 139, 'updated',
        '{\"updated_at\": 1667386554, \"catalog_storage_id\": 83}', NULL, 1667386554, NULL, NULL),
       (908, 43, 7, 'ax_catalog_product', 105, 'updated', '{\"updated_at\": 1667386554, \"is_published\": 1}', NULL,
        1667386554, NULL, NULL),
       (909, 43, 7, 'ax_document_coming_content', 140, 'updated',
        '{\"updated_at\": 1667386554, \"catalog_storage_id\": 84}', NULL, 1667386554, NULL, NULL),
       (910, 43, 7, 'ax_catalog_product', 106, 'updated', '{\"updated_at\": 1667386554, \"is_published\": 1}', NULL,
        1667386554, NULL, NULL),
       (911, 43, 7, 'ax_document_coming_content', 141, 'updated',
        '{\"updated_at\": 1667386554, \"catalog_storage_id\": 85}', NULL, 1667386554, NULL, NULL),
       (912, 43, 7, 'ax_catalog_product', 108, 'updated', '{\"updated_at\": 1667386554, \"is_published\": 1}', NULL,
        1667386554, NULL, NULL),
       (913, 43, 7, 'ax_document_coming_content', 142, 'updated', '{\"catalog_storage_id\": 86}', NULL, 1667386554,
        NULL, NULL),
       (914, 43, 7, 'ax_catalog_product', 109, 'updated', '{\"updated_at\": 1667386554, \"is_published\": 1}', NULL,
        1667386554, NULL, NULL),
       (915, 43, 7, 'ax_document_coming_content', 143, 'updated', '{\"catalog_storage_id\": 87}', NULL, 1667386554,
        NULL, NULL),
       (916, 43, 7, 'ax_catalog_product', 110, 'updated', '{\"updated_at\": 1667386554, \"is_published\": 1}', NULL,
        1667386554, NULL, NULL),
       (917, 43, 7, 'ax_document_coming_content', 144, 'updated', '{\"catalog_storage_id\": 88}', NULL, 1667386554,
        NULL, NULL),
       (918, 43, 7, 'ax_catalog_product', 100, 'updated', '{\"updated_at\": 1667386554, \"is_published\": 1}', NULL,
        1667386554, NULL, NULL),
       (919, 43, 7, 'ax_document_coming_content', 135, 'updated', '{\"catalog_storage_id\": 89}', NULL, 1667386554,
        NULL, NULL),
       (920, 43, 7, 'ax_catalog_product', 112, 'updated', '{\"updated_at\": 1667386554, \"is_published\": 1}', NULL,
        1667386554, NULL, NULL),
       (921, 43, 7, 'ax_document_coming_content', 146, 'updated', '{\"catalog_storage_id\": 90}', NULL, 1667386554,
        NULL, NULL),
       (922, 43, 7, 'ax_catalog_product', 113, 'updated', '{\"updated_at\": 1667386554, \"is_published\": 1}', NULL,
        1667386554, NULL, NULL),
       (923, 43, 7, 'ax_document_coming_content', 147, 'updated', '{\"catalog_storage_id\": 91}', NULL, 1667386554,
        NULL, NULL),
       (924, 43, 7, 'ax_catalog_product', 114, 'updated', '{\"updated_at\": 1667386554, \"is_published\": 1}', NULL,
        1667386554, NULL, NULL),
       (925, 43, 7, 'ax_document_coming_content', 148, 'updated', '{\"catalog_storage_id\": 92}', NULL, 1667386554,
        NULL, NULL),
       (926, 43, 7, 'ax_catalog_product', 115, 'updated', '{\"updated_at\": 1667386554, \"is_published\": 1}', NULL,
        1667386554, NULL, NULL),
       (927, 43, 7, 'ax_document_coming_content', 149, 'updated', '{\"catalog_storage_id\": 93}', NULL, 1667386554,
        NULL, NULL),
       (928, 43, 7, 'ax_catalog_product', 116, 'updated', '{\"updated_at\": 1667386554, \"is_published\": 1}', NULL,
        1667386554, NULL, NULL),
       (929, 43, 7, 'ax_document_coming_content', 150, 'updated', '{\"catalog_storage_id\": 94}', NULL, 1667386554,
        NULL, NULL),
       (930, 43, 7, 'ax_catalog_product', 118, 'updated', '{\"updated_at\": 1667386554, \"is_published\": 1}', NULL,
        1667386554, NULL, NULL),
       (931, 43, 7, 'ax_document_coming_content', 151, 'updated', '{\"catalog_storage_id\": 95}', NULL, 1667386554,
        NULL, NULL),
       (932, 43, 7, 'ax_catalog_product', 119, 'updated', '{\"updated_at\": 1667386554, \"is_published\": 1}', NULL,
        1667386554, NULL, NULL),
       (933, 43, 7, 'ax_document_coming_content', 152, 'updated', '{\"catalog_storage_id\": 96}', NULL, 1667386554,
        NULL, NULL),
       (934, 43, 7, 'ax_catalog_product', 120, 'updated', '{\"updated_at\": 1667386554, \"is_published\": 1}', NULL,
        1667386554, NULL, NULL),
       (935, 43, 7, 'ax_document_coming_content', 153, 'updated', '{\"catalog_storage_id\": 97}', NULL, 1667386554,
        NULL, NULL),
       (936, 43, 7, 'ax_catalog_product', 91, 'updated', '{\"updated_at\": 1667386554, \"is_published\": 1}', NULL,
        1667386554, NULL, NULL),
       (937, 43, 7, 'ax_document_coming_content', 126, 'updated', '{\"catalog_storage_id\": 98}', NULL, 1667386554,
        NULL, NULL),
       (938, 43, 7, 'ax_catalog_product', 81, 'updated', '{\"updated_at\": 1667386554, \"is_published\": 1}', NULL,
        1667386554, NULL, NULL),
       (939, 43, 7, 'ax_document_coming_content', 118, 'updated', '{\"catalog_storage_id\": 99}', NULL, 1667386554,
        NULL, NULL),
       (940, 43, 7, 'ax_catalog_product', 82, 'updated', '{\"updated_at\": 1667386554, \"is_published\": 1}', NULL,
        1667386554, NULL, NULL),
       (941, 43, 7, 'ax_document_coming_content', 119, 'updated', '{\"catalog_storage_id\": 100}', NULL, 1667386554,
        NULL, NULL),
       (942, 43, 7, 'ax_catalog_product', 83, 'updated', '{\"updated_at\": 1667386554, \"is_published\": 1}', NULL,
        1667386554, NULL, NULL),
       (943, 43, 7, 'ax_document_coming_content', 120, 'updated', '{\"catalog_storage_id\": 101}', NULL, 1667386554,
        NULL, NULL),
       (944, 43, 7, 'ax_catalog_product', 84, 'updated', '{\"updated_at\": 1667386554, \"is_published\": 1}', NULL,
        1667386554, NULL, NULL),
       (945, 43, 7, 'ax_document_coming_content', 121, 'updated', '{\"catalog_storage_id\": 102}', NULL, 1667386554,
        NULL, NULL),
       (946, 43, 7, 'ax_catalog_product', 85, 'updated', '{\"updated_at\": 1667386554, \"is_published\": 1}', NULL,
        1667386554, NULL, NULL),
       (947, 43, 7, 'ax_document_coming_content', 122, 'updated', '{\"catalog_storage_id\": 103}', NULL, 1667386554,
        NULL, NULL),
       (948, 43, 7, 'ax_catalog_product', 86, 'updated', '{\"updated_at\": 1667386554, \"is_published\": 1}', NULL,
        1667386554, NULL, NULL),
       (949, 43, 7, 'ax_document_coming_content', 123, 'updated', '{\"catalog_storage_id\": 104}', NULL, 1667386554,
        NULL, NULL),
       (950, 43, 7, 'ax_catalog_product', 87, 'updated', '{\"updated_at\": 1667386554, \"is_published\": 1}', NULL,
        1667386554, NULL, NULL),
       (951, 43, 7, 'ax_document_coming_content', 124, 'updated', '{\"catalog_storage_id\": 105}', NULL, 1667386554,
        NULL, NULL),
       (952, 43, 7, 'ax_catalog_product', 88, 'updated', '{\"updated_at\": 1667386554, \"is_published\": 1}', NULL,
        1667386554, NULL, NULL),
       (953, 43, 7, 'ax_document_coming_content', 125, 'updated', '{\"catalog_storage_id\": 106}', NULL, 1667386554,
        NULL, NULL),
       (954, 43, 7, 'ax_catalog_product', 80, 'updated', '{\"updated_at\": 1667386554, \"is_published\": 1}', NULL,
        1667386554, NULL, NULL),
       (955, 43, 7, 'ax_document_coming_content', 117, 'updated', '{\"catalog_storage_id\": 107}', NULL, 1667386554,
        NULL, NULL),
       (956, 43, 7, 'ax_catalog_product', 92, 'updated', '{\"updated_at\": 1667386554, \"is_published\": 1}', NULL,
        1667386554, NULL, NULL),
       (957, 43, 7, 'ax_document_coming_content', 127, 'updated', '{\"catalog_storage_id\": 108}', NULL, 1667386554,
        NULL, NULL),
       (958, 43, 7, 'ax_catalog_product', 93, 'updated', '{\"updated_at\": 1667386554, \"is_published\": 1}', NULL,
        1667386554, NULL, NULL),
       (959, 43, 7, 'ax_document_coming_content', 128, 'updated', '{\"catalog_storage_id\": 109}', NULL, 1667386554,
        NULL, NULL),
       (960, 43, 7, 'ax_catalog_product', 94, 'updated', '{\"updated_at\": 1667386554, \"is_published\": 1}', NULL,
        1667386554, NULL, NULL),
       (961, 43, 7, 'ax_document_coming_content', 129, 'updated', '{\"catalog_storage_id\": 110}', NULL, 1667386554,
        NULL, NULL),
       (962, 43, 7, 'ax_catalog_product', 95, 'updated', '{\"updated_at\": 1667386554, \"is_published\": 1}', NULL,
        1667386554, NULL, NULL),
       (963, 43, 7, 'ax_document_coming_content', 130, 'updated', '{\"catalog_storage_id\": 111}', NULL, 1667386554,
        NULL, NULL),
       (964, 43, 7, 'ax_catalog_product', 96, 'updated', '{\"updated_at\": 1667386554, \"is_published\": 1}', NULL,
        1667386554, NULL, NULL),
       (965, 43, 7, 'ax_document_coming_content', 131, 'updated', '{\"catalog_storage_id\": 112}', NULL, 1667386554,
        NULL, NULL),
       (966, 43, 7, 'ax_catalog_product', 97, 'updated', '{\"updated_at\": 1667386554, \"is_published\": 1}', NULL,
        1667386554, NULL, NULL),
       (967, 43, 7, 'ax_document_coming_content', 132, 'updated', '{\"catalog_storage_id\": 113}', NULL, 1667386554,
        NULL, NULL),
       (968, 43, 7, 'ax_catalog_product', 98, 'updated', '{\"updated_at\": 1667386554, \"is_published\": 1}', NULL,
        1667386554, NULL, NULL),
       (969, 43, 7, 'ax_document_coming_content', 133, 'updated', '{\"catalog_storage_id\": 114}', NULL, 1667386554,
        NULL, NULL),
       (970, 43, 7, 'ax_catalog_product', 99, 'updated', '{\"updated_at\": 1667386554, \"is_published\": 1}', NULL,
        1667386554, NULL, NULL),
       (971, 43, 7, 'ax_document_coming_content', 134, 'updated', '{\"catalog_storage_id\": 115}', NULL, 1667386554,
        NULL, NULL),
       (972, 43, 7, 'ax_catalog_product', 121, 'created',
        '{\"id\": 121, \"url\": \"duet\", \"sort\": null, \"alias\": \"duet\", \"price\": 5000, \"title\": \"✶ Дуэт ✶\", \"is_single\": 1, \"render_id\": null, \"created_at\": 1667336400, \"updated_at\": 1667412921, \"category_id\": 3, \"description\": null, \"is_comments\": 0, \"title_short\": null, \"is_published\": 0, \"is_watermark\": 0, \"is_favourites\": 0, \"preview_description\": null}',
        NULL, 1667412921, NULL, NULL),
       (973, 43, 7, 'ax_catalog_product', 121, 'updated',
        '{\"image\": \"/upload/ax_catalog_product/duet/QcKqKvjZM7qSV2NCl5jpukGAgNj1n1Bhg3j64aqQ.jpeg\"}', NULL,
        1667412921, NULL, NULL),
       (974, 43, 7, 'ax_catalog_product', 122, 'created',
        '{\"id\": 122, \"url\": \"akaciya-oreo\", \"sort\": null, \"alias\": \"akaciya-oreo\", \"price\": 2500, \"title\": \"✶ Акация Орео ✶\", \"is_single\": 1, \"render_id\": null, \"created_at\": 1667336400, \"updated_at\": 1667413219, \"category_id\": 3, \"description\": null, \"is_comments\": 0, \"title_short\": null, \"is_published\": 0, \"is_watermark\": 0, \"is_favourites\": 0, \"preview_description\": null}',
        NULL, 1667413219, NULL, NULL),
       (975, 43, 7, 'ax_catalog_product', 122, 'updated',
        '{\"image\": \"/upload/ax_catalog_product/akaciya-oreo/FjsN4GkJNCVy080NyQRDpJhQjiuQjmfgJLN7mC0i.jpeg\"}', NULL,
        1667413219, NULL, NULL),
       (976, 43, 7, 'ax_catalog_product', 123, 'created',
        '{\"id\": 123, \"url\": \"akaciya-pyata\", \"sort\": null, \"alias\": \"akaciya-pyata\", \"price\": 1500, \"title\": \"✶ Акация Пята ✶\", \"is_single\": 1, \"render_id\": null, \"created_at\": 1667336400, \"updated_at\": 1667413424, \"category_id\": 3, \"description\": null, \"is_comments\": 0, \"title_short\": null, \"is_published\": 0, \"is_watermark\": 0, \"is_favourites\": 0, \"preview_description\": null}',
        NULL, 1667413424, NULL, NULL),
       (977, 43, 7, 'ax_catalog_product', 123, 'updated',
        '{\"image\": \"/upload/ax_catalog_product/akaciya-pyata/NmiETzqSrvgCYAF7PHK3rz36cZUbFGGJMTWf43hV.jpeg\"}', NULL,
        1667413424, NULL, NULL),
       (978, 43, 7, 'ax_catalog_product', 124, 'created',
        '{\"id\": 124, \"url\": \"abrikos-ozero\", \"sort\": null, \"alias\": \"abrikos-ozero\", \"price\": 2500, \"title\": \"✶ Абрикос Озеро ✶\", \"is_single\": 1, \"render_id\": null, \"created_at\": 1667336400, \"updated_at\": 1667413938, \"category_id\": 3, \"description\": \"<p><span style=\\\"color: rgb(119, 119, 119); font-family: \\\"Open Sans\\\", Arial, sans-serif; font-size: 15px;\\\">Цвета на мониторе могут отличаться от реальных цветов!</span></p><p><span style=\\\"color: rgb(119, 119, 119); font-family: \\\"Open Sans\\\", Arial, sans-serif; font-size: 15px;\\\">Я сделала всё возможное, чтобы цвета изделий на экране компьютера или мобильного устройства соответствовали действительности. Однако цвета на экране могут изменяться в зависимости от настроек цветового профиля и разрешения монитора. </span></p><p><span style=\\\"color: rgb(119, 119, 119); font-family: \\\"Open Sans\\\", Arial, sans-serif; font-size: 15px;\\\">Поэтому при выборе товара нельзя полагаться исключительно на те цвета, которые вы видите на сайте!</span></p>\", \"is_comments\": 0, \"title_short\": null, \"is_published\": 0, \"is_watermark\": 0, \"is_favourites\": 0, \"preview_description\": null}',
        NULL, 1667413938, NULL, NULL),
       (979, 43, 7, 'ax_catalog_product', 124, 'updated',
        '{\"image\": \"/upload/ax_catalog_product/abrikos-ozero/X4Gon1qNoX3LGX2yA4LVqaQQn0D60t2ygYDTmT3k.jpeg\"}', NULL,
        1667413938, NULL, NULL),
       (980, 43, 7, 'ax_catalog_product', 125, 'created',
        '{\"id\": 125, \"url\": \"akaciya-max\", \"sort\": null, \"alias\": \"akaciya-max\", \"price\": 2700, \"title\": \"✶ Акация MAX ✶\", \"is_single\": 1, \"render_id\": null, \"created_at\": 1667336400, \"updated_at\": 1667414188, \"category_id\": 3, \"description\": null, \"is_comments\": 0, \"title_short\": null, \"is_published\": 0, \"is_watermark\": 0, \"is_favourites\": 0, \"preview_description\": null}',
        NULL, 1667414188, NULL, NULL),
       (981, 43, 7, 'ax_catalog_product', 125, 'updated',
        '{\"image\": \"/upload/ax_catalog_product/akaciya-max/hXBIXejvzL0rh492T70enXmjRPcEtphYxiFPuUUS.jpeg\"}', NULL,
        1667414188, NULL, NULL),
       (982, 43, 7, 'ax_catalog_product', 126, 'created',
        '{\"id\": 126, \"url\": \"abrikos-set\", \"sort\": null, \"alias\": \"abrikos-set\", \"price\": 3200, \"title\": \"✶ Абрикос Сет ✶\", \"is_single\": 1, \"render_id\": null, \"created_at\": 1667336400, \"updated_at\": 1667414462, \"category_id\": 3, \"description\": null, \"is_comments\": 0, \"title_short\": null, \"is_published\": 0, \"is_watermark\": 0, \"is_favourites\": 0, \"preview_description\": null}',
        NULL, 1667414462, NULL, NULL),
       (983, 43, 7, 'ax_catalog_product', 126, 'updated',
        '{\"image\": \"/upload/ax_catalog_product/abrikos-set/TWwBJSEyA1d9TEUVmla4ostB2zvO8fdj3G76VHqs.jpeg\"}', NULL,
        1667414462, NULL, NULL),
       (984, 43, 7, 'ax_document_coming', 69, 'created',
        '{\"id\": 69, \"status\": 1, \"created_at\": 1667414629, \"updated_at\": 1667414629, \"counterparty_id\": 1, \"fin_transaction_type_id\": 2, \"catalog_storage_place_id\": 1}',
        NULL, 1667414629, NULL, NULL),
       (985, 43, 7, 'ax_document_coming_content', 154, 'created',
        '{\"id\": 154, \"price\": 5000, \"quantity\": 1, \"price_out\": 0, \"created_at\": 1667414629, \"updated_at\": 1667414629, \"document_id\": 69, \"catalog_product_id\": 121}',
        NULL, 1667414629, NULL, NULL),
       (986, 43, 7, 'ax_document_coming_content', 155, 'created',
        '{\"id\": 155, \"price\": 2500, \"quantity\": 1, \"price_out\": 0, \"created_at\": 1667414629, \"updated_at\": 1667414629, \"document_id\": 69, \"catalog_product_id\": 122}',
        NULL, 1667414629, NULL, NULL),
       (987, 43, 7, 'ax_document_coming_content', 156, 'created',
        '{\"id\": 156, \"price\": 1500, \"quantity\": 1, \"price_out\": 0, \"created_at\": 1667414629, \"updated_at\": 1667414629, \"document_id\": 69, \"catalog_product_id\": 123}',
        NULL, 1667414629, NULL, NULL),
       (988, 43, 7, 'ax_document_coming_content', 157, 'created',
        '{\"id\": 157, \"price\": 2500, \"quantity\": 1, \"price_out\": 0, \"created_at\": 1667414629, \"updated_at\": 1667414629, \"document_id\": 69, \"catalog_product_id\": 124}',
        NULL, 1667414629, NULL, NULL),
       (989, 43, 7, 'ax_document_coming_content', 158, 'created',
        '{\"id\": 158, \"price\": 2700, \"quantity\": 1, \"price_out\": 0, \"created_at\": 1667414629, \"updated_at\": 1667414629, \"document_id\": 69, \"catalog_product_id\": 125}',
        NULL, 1667414629, NULL, NULL),
       (990, 43, 7, 'ax_document_coming_content', 159, 'created',
        '{\"id\": 159, \"price\": 3200, \"quantity\": 1, \"price_out\": 0, \"created_at\": 1667414629, \"updated_at\": 1667414629, \"document_id\": 69, \"catalog_product_id\": 126}',
        NULL, 1667414629, NULL, NULL),
       (991, 43, 7, 'ax_document_coming_content', 154, 'updated', '{\"price_out\": 5000, \"updated_at\": 1667414715}',
        NULL, 1667414715, NULL, NULL),
       (992, 43, 7, 'ax_document_coming_content', 155, 'updated', '{\"price_out\": 2500, \"updated_at\": 1667414715}',
        NULL, 1667414715, NULL, NULL),
       (993, 43, 7, 'ax_document_coming_content', 156, 'updated', '{\"price_out\": 1500, \"updated_at\": 1667414715}',
        NULL, 1667414715, NULL, NULL),
       (994, 43, 7, 'ax_document_coming_content', 157, 'updated', '{\"price_out\": 2500, \"updated_at\": 1667414715}',
        NULL, 1667414715, NULL, NULL),
       (995, 43, 7, 'ax_document_coming_content', 158, 'updated', '{\"price_out\": 2700, \"updated_at\": 1667414715}',
        NULL, 1667414715, NULL, NULL),
       (996, 43, 7, 'ax_document_coming_content', 159, 'updated', '{\"price_out\": 3200, \"updated_at\": 1667414715}',
        NULL, 1667414715, NULL, NULL),
       (997, 43, 7, 'ax_catalog_product', 121, 'updated', '{\"updated_at\": 1667414715, \"is_published\": 1}', NULL,
        1667414715, NULL, NULL),
       (998, 43, 7, 'ax_document_coming_content', 154, 'updated', '{\"catalog_storage_id\": 116}', NULL, 1667414715,
        NULL, NULL),
       (999, 43, 7, 'ax_catalog_product', 122, 'updated', '{\"updated_at\": 1667414715, \"is_published\": 1}', NULL,
        1667414715, NULL, NULL),
       (1000, 43, 7, 'ax_document_coming_content', 155, 'updated', '{\"catalog_storage_id\": 117}', NULL, 1667414715,
        NULL, NULL),
       (1001, 43, 7, 'ax_catalog_product', 123, 'updated', '{\"updated_at\": 1667414715, \"is_published\": 1}', NULL,
        1667414715, NULL, NULL),
       (1002, 43, 7, 'ax_document_coming_content', 156, 'updated', '{\"catalog_storage_id\": 118}', NULL, 1667414715,
        NULL, NULL),
       (1003, 43, 7, 'ax_catalog_product', 124, 'updated', '{\"updated_at\": 1667414715, \"is_published\": 1}', NULL,
        1667414715, NULL, NULL),
       (1004, 43, 7, 'ax_document_coming_content', 157, 'updated', '{\"catalog_storage_id\": 119}', NULL, 1667414715,
        NULL, NULL),
       (1005, 43, 7, 'ax_catalog_product', 125, 'updated', '{\"updated_at\": 1667414715, \"is_published\": 1}', NULL,
        1667414715, NULL, NULL),
       (1006, 43, 7, 'ax_document_coming_content', 158, 'updated', '{\"catalog_storage_id\": 120}', NULL, 1667414715,
        NULL, NULL),
       (1007, 43, 7, 'ax_catalog_product', 126, 'updated', '{\"updated_at\": 1667414715, \"is_published\": 1}', NULL,
        1667414715, NULL, NULL),
       (1008, 43, 7, 'ax_document_coming_content', 159, 'updated', '{\"catalog_storage_id\": 121}', NULL, 1667414715,
        NULL, NULL),
       (1009, 43, 7, 'ax_catalog_product', 121, 'updated',
        '{\"created_at\": 1667415678, \"updated_at\": 1667415678, \"description\": \"<p>Комплект камушков из дуба \\\"Дуэт\\\"</p><p>Размеры первого камушка, большого:</p><p>Длина: 33 см.</p><p>Ширина сверху: 18 см.</p><p>Ширина снизу: 16 см.</p><p>Толщина: 4 см.</p><p>Вес: 1467 г.</p><p>Размеры второго камушка, поменьше:</p><p>Длина: 22 см.</p><p>Ширина сверху: 17 см.</p><p>Ширина снизу: 10 см.</p><p>Толщина: 4 см.</p><p>Вес: 821 г.</p>\"}',
        NULL, 1667415678, NULL, NULL),
       (1010, 43, 7, 'ax_catalog_product', 121, 'updated',
        '{\"created_at\": 1667415723, \"updated_at\": 1667415723, \"description\": \"<p>Комплект камушков из дуба \\\"Дуэт\\\"</p><p>Размеры первого камушка, большого:</p><p>Длина: 33 см.</p><p>Ширина сверху: 18 см.</p><p>Ширина снизу: 16 см.</p><p>Толщина: 4 см.</p><p>Вес: 1467 г.</p><p>Размеры второго камушка:</p>\"}',
        NULL, 1667415723, NULL, NULL),
       (1011, 48, 7, 'ax_document_write_off', 88, 'created',
        '{\"id\": 88, \"status\": 1, \"created_at\": 1667487425, \"updated_at\": 1667487425, \"fin_transaction_type_id\": 1, \"catalog_storage_place_id\": 1}',
        NULL, 1667487425, NULL, NULL),
       (1012, 48, 7, 'ax_document_write_off_content', 89, 'created',
        '{\"id\": 89, \"price\": 0, \"quantity\": 1, \"created_at\": 1667487425, \"updated_at\": 1667487425, \"document_id\": 88, \"catalog_product_id\": 91}',
        NULL, 1667487425, NULL, NULL),
       (1013, 48, 7, 'ax_document_write_off_content', 89, 'updated', '{\"catalog_storage_id\": 98}', NULL, 1667487425,
        NULL, NULL),
       (1014, 48, 7, 'ax_document_write_off', 89, 'created',
        '{\"id\": 89, \"status\": 1, \"created_at\": 1667487440, \"updated_at\": 1667487440, \"fin_transaction_type_id\": 1, \"catalog_storage_place_id\": 1}',
        NULL, 1667487440, NULL, NULL),
       (1015, 48, 7, 'ax_document_write_off_content', 90, 'created',
        '{\"id\": 90, \"price\": 0, \"quantity\": 1, \"created_at\": 1667487440, \"updated_at\": 1667487440, \"document_id\": 89, \"catalog_product_id\": 114}',
        NULL, 1667487440, NULL, NULL),
       (1016, 48, 7, 'ax_document_write_off_content', 90, 'updated', '{\"catalog_storage_id\": 92}', NULL, 1667487440,
        NULL, NULL),
       (1017, 49, 7, 'ax_document_write_off', 90, 'created',
        '{\"id\": 90, \"status\": 1, \"created_at\": 1667570945, \"updated_at\": 1667570945, \"fin_transaction_type_id\": 1, \"catalog_storage_place_id\": 1}',
        NULL, 1667570945, NULL, NULL),
       (1018, 49, 7, 'ax_document_write_off_content', 91, 'created',
        '{\"id\": 91, \"price\": 0, \"quantity\": 1, \"created_at\": 1667570945, \"updated_at\": 1667570945, \"document_id\": 90, \"catalog_product_id\": 115}',
        NULL, 1667570945, NULL, NULL),
       (1019, 49, 7, 'ax_document_write_off_content', 91, 'updated', '{\"catalog_storage_id\": 93}', NULL, 1667570945,
        NULL, NULL);

TRUNCATE `ax_main_favorites`;

TRUNCATE `ax_main_ips`;
INSERT INTO `ax_main_ips` (`id`, `ip`, `status`, `created_at`, `updated_at`, `deleted_at`)
VALUES (1, '46.159.206.136', 1, 1652123811, 1652123811, NULL),
       (2, '127.0.0.1', 1, 1652175839, 1652175839, NULL),
       (3, '45.157.215.217', 1, 1652518265, 1652518265, NULL),
       (4, '45.157.215.64', 1, 1653288715, 1653288715, NULL),
       (5, '85.174.199.10', 1, 1653333230, 1653333230, NULL),
       (6, '85.174.193.82', 1, 1654383926, 1654383926, NULL),
       (7, '85.174.199.66', 1, 1654427523, 1654427523, NULL),
       (8, '45.157.213.239', 1, 1655794887, 1655794887, NULL),
       (9, '185.188.96.88', 1, 1656279203, 1656279203, NULL),
       (10, '185.3.33.45', 1, 1656522474, 1656522474, NULL),
       (11, '185.188.96.75', 1, 1656880268, 1656880268, NULL),
       (12, '188.170.172.167', 1, 1656913533, 1656913533, NULL),
       (13, '178.176.213.102', 1, 1657285449, 1657285449, NULL),
       (14, '178.176.213.94', 1, 1657398948, 1657398948, NULL),
       (16, '50.7.93.83', 1, 1657475229, 1657475229, NULL),
       (18, '85.174.192.127', 1, 1657477462, 1657477462, NULL),
       (19, '178.176.219.166', 1, 1657532007, 1657532007, NULL),
       (20, '91.193.177.199', 1, 1657567589, 1657567589, NULL),
       (21, '94.29.22.170', 1, 1657608464, 1657608464, NULL),
       (22, '185.18.110.58', 1, 1657609129, 1657609129, NULL),
       (23, '185.82.72.179', 1, 1658169869, 1658169869, NULL),
       (24, '188.170.175.134', 1, 1658311913, 1658311913, NULL),
       (25, '85.174.193.135', 1, 1659376947, 1659376947, NULL),
       (26, '85.174.202.8', 1, 1659636154, 1659636154, NULL),
       (27, '188.170.173.111', 1, 1659722256, 1659722256, NULL),
       (28, '188.170.173.86', 1, 1659878316, 1659878316, NULL),
       (29, '85.174.235.70', 1, 1660420870, 1660420870, NULL),
       (30, '85.174.203.134', 1, 1660753591, 1660753591, NULL),
       (31, '88.208.244.56', 1, 1662006931, 1662006931, NULL),
       (32, '196.240.126.90', 1, 1662019463, 1662019463, NULL),
       (33, '185.3.32.82', 1, 1662794581, 1662794581, NULL),
       (34, '77.91.127.100', 1, 1663044079, 1663044079, NULL),
       (35, '178.176.214.196', 1, 1663044133, 1663044133, NULL),
       (36, '45.157.213.92', 1, 1664609162, 1664609162, NULL),
       (37, '89.36.165.1', 1, 1664610005, 1664610005, NULL),
       (38, '31.210.223.115', 1, 1666214467, 1666214467, NULL),
       (39, '178.176.212.112', 1, 1666381464, 1666381464, NULL),
       (40, '178.176.212.82', 1, 1666433982, 1666433982, NULL),
       (41, '213.87.150.194', 1, 1666448303, 1666448303, NULL),
       (42, '89.36.165.70', 1, 1666450417, 1666450417, NULL),
       (43, '45.157.213.174', 1, 1666956048, 1666956048, NULL),
       (44, '85.26.186.62', 1, 1667066578, 1667066578, NULL),
       (45, '85.26.186.19', 1, 1667149183, 1667149183, NULL),
       (46, '85.26.186.56', 1, 1667188053, 1667188053, NULL),
       (47, '89.36.165.132', 1, 1667199528, 1667199528, NULL),
       (48, '85.26.186.24', 1, 1667487425, 1667487425, NULL),
       (49, '85.26.186.13', 1, 1667570945, 1667570945, NULL);

TRUNCATE `ax_main_letter`;

TRUNCATE `ax_main_logger`;
INSERT INTO `ax_main_logger` (`id`, `user_id`, `ips_id`, `uuid`, `channel`, `level`, `title`, `body`, `created_at`)
VALUES (1, 7, 36, '7444cee4-555a-428f-8cea-43547f7ed640', 'error', 'error', 'CatalogAjaxController',
        '{\"user.phone\": \"Необходимо подтвердить телефон\"}', 1666372567),
       (2, NULL, 36, '7c4f2d18-e16c-467f-adb4-245782440b91', 'error', 'error', 'UserAjaxController',
        '[\"Не правильный логин или пароль\"]', 1666381717),
       (3, 7, 39, '6b0fac5d-f7ed-4937-be07-62032b628432', 'error', 'error', 'DocumentAjaxController',
        '{\"contents.6352F8188FB1C607112499.price_out\": [\"Значение поля contents.6352F8188FB1C607112499.price_out должно быть не меньше 1.\"]}',
        1666381853),
       (5, 7, 39, 'c4596406-8b99-4b7b-bfe3-216218586b0b', 'error', 'error', 'DocumentWriteOff',
        '{\"storage\": \"Остаток не может быть меньше нуля!\"}', 1666382840),
       (6, 7, 36, '27b457e2-40e3-4a14-84e8-8d1a583c147e', 'error', 'error', 'CatalogAjaxController',
        '{\"user.phone\": \"Необходимо подтвердить телефон\"}', 1666443515),
       (7, 7, 36, 'f00c9744-f737-46d5-a4b0-5b604a7f4119', 'error', 'error', 'CatalogAjaxController',
        '{\"user.phone\": \"Необходимо подтвердить телефон\"}', 1666444688),
       (8, NULL, 41, '2cfdd142-b287-43f6-ac19-fe2823a7414f', 'error', 'error', 'CatalogController',
        '[\"Произошла ошибка, свяжитесь по контактному номеру телефона\"]', 1666448477),
       (9, 7, 43, 'c8baaa37-29f7-43b2-a094-bc2b001a93bf', 'error', 'error', 'CatalogProduct',
        '{\"line\": 716, \"class\": \"QueryException\", \"error\": \"SQLSTATE[23000]: Integrity constraint violation: 1062 Duplicate entry \'✶ Шмель ✶\' for key \'title_UNIQUE\' (SQL: insert into `ax_catalog_product` (`category_id`, `render_id`, `is_favourites`, `is_watermark`, `is_comments`, `is_single`, `title_short`, `description`, `preview_description`, `sort`, `price`, `title`, `alias`, `created_at`, `is_published`, `url`, `updated_at`) values (2, ?, 0, 0, 0, 1, ?, ?, ?, ?, 3500, ✶ Шмель ✶, shmel-1, 1667336400, 0, shmel-1, 1667377152))\", \"trace\": [{\"file\": \"/var/www/FuRSiE/vendor/laravel/framework/src/Illuminate/Database/Connection.php\", \"line\": 676, \"type\": \"->\", \"class\": \"Illuminate\\\\Database\\\\Connection\", \"function\": \"runQueryCallback\"}, {\"file\": \"/var/www/FuRSiE/vendor/laravel/framework/src/Illuminate/Database/Connection.php\", \"line\": 502, \"type\": \"->\", \"class\": \"Illuminate\\\\Database\\\\Connection\", \"function\": \"run\"}, {\"file\": \"/var/www/FuRSiE/vendor/laravel/framework/src/Illuminate/Database/Connection.php\", \"line\": 454, \"type\": \"->\", \"class\": \"Illuminate\\\\Database\\\\Connection\", \"function\": \"statement\"}, {\"file\": \"/var/www/FuRSiE/vendor/laravel/framework/src/Illuminate/Database/Query/Processors/Processor.php\", \"line\": 32, \"type\": \"->\", \"class\": \"Illuminate\\\\Database\\\\Connection\", \"function\": \"insert\"}, {\"file\": \"/var/www/FuRSiE/vendor/laravel/framework/src/Illuminate/Database/Query/Builder.php\", \"line\": 3221, \"type\": \"->\", \"class\": \"Illuminate\\\\Database\\\\Query\\\\Processors\\\\Processor\", \"function\": \"processInsertGetId\"}, {\"file\": \"/var/www/FuRSiE/vendor/laravel/framework/src/Illuminate/Database/Eloquent/Builder.php\", \"line\": 1707, \"type\": \"->\", \"class\": \"Illuminate\\\\Database\\\\Query\\\\Builder\", \"function\": \"insertGetId\"}, {\"file\": \"/var/www/FuRSiE/vendor/laravel/framework/src/Illuminate/Database/Eloquent/Model.php\", \"line\": 1190, \"type\": \"->\", \"class\": \"Illuminate\\\\Database\\\\Eloquent\\\\Builder\", \"function\": \"__call\"}, {\"file\": \"/var/www/FuRSiE/vendor/laravel/framework/src/Illuminate/Database/Eloquent/Model.php\", \"line\": 1155, \"type\": \"->\", \"class\": \"Illuminate\\\\Database\\\\Eloquent\\\\Model\", \"function\": \"insertAndSetId\"}, {\"file\": \"/var/www/FuRSiE/vendor/laravel/framework/src/Illuminate/Database/Eloquent/Model.php\", \"line\": 996, \"type\": \"->\", \"class\": \"Illuminate\\\\Database\\\\Eloquent\\\\Model\", \"function\": \"performInsert\"}, {\"file\": \"/var/www/FuRSiE/app/Common/Models/Main/SeoSetter.php\", \"line\": 54, \"type\": \"->\", \"class\": \"Illuminate\\\\Database\\\\Eloquent\\\\Model\", \"function\": \"save\"}, {\"file\": \"/var/www/FuRSiE/app/Common/Models/Catalog/Product/CatalogProduct.php\", \"line\": 206, \"type\": \"->\", \"class\": \"App\\\\Common\\\\Models\\\\Catalog\\\\Product\\\\CatalogProduct\", \"function\": \"safe\"}, {\"file\": \"/var/www/FuRSiE/app/Common/Modules/Web/Backend/Controllers/CatalogAjaxController.php\", \"line\": 63, \"type\": \"::\", \"class\": \"App\\\\Common\\\\Models\\\\Catalog\\\\Product\\\\CatalogProduct\", \"function\": \"createOrUpdate\"}, {\"file\": \"/var/www/FuRSiE/vendor/laravel/framework/src/Illuminate/Routing/Controller.php\", \"line\": 54, \"type\": \"->\", \"class\": \"Web\\\\Backend\\\\Controllers\\\\CatalogAjaxController\", \"function\": \"saveProduct\"}, {\"file\": \"/var/www/FuRSiE/vendor/laravel/framework/src/Illuminate/Routing/ControllerDispatcher.php\", \"line\": 45, \"type\": \"->\", \"class\": \"Illuminate\\\\Routing\\\\Controller\", \"function\": \"callAction\"}, {\"file\": \"/var/www/FuRSiE/vendor/laravel/framework/src/Illuminate/Routing/Route.php\", \"line\": 261, \"type\": \"->\", \"class\": \"Illuminate\\\\Routing\\\\ControllerDispatcher\", \"function\": \"dispatch\"}, {\"file\": \"/var/www/FuRSiE/vendor/laravel/framework/src/Illuminate/Routing/Route.php\", \"line\": 204, \"type\": \"->\", \"class\": \"Illuminate\\\\Routing\\\\Route\", \"function\": \"runController\"}, {\"file\": \"/var/www/FuRSiE/vendor/laravel/framework/src/Illuminate/Routing/Router.php\", \"line\": 728, \"type\": \"->\", \"class\": \"Illuminate\\\\Routing\\\\Route\", \"function\": \"run\"}, {\"file\": \"/var/www/FuRSiE/vendor/laravel/framework/src/Illuminate/Pipeline/Pipeline.php\", \"line\": 141, \"type\": \"->\", \"class\": \"Illuminate\\\\Routing\\\\Router\", \"function\": \"Illuminate\\\\Routing\\\\{closure}\"}, {\"file\": \"/var/www/FuRSiE/app/Common/Http/Middleware/Admin.php\", \"line\": 14, \"type\": \"->\", \"class\": \"Illuminate\\\\Pipeline\\\\Pipeline\", \"function\": \"Illuminate\\\\Pipeline\\\\{closure}\"}, {\"file\": \"/var/www/FuRSiE/vendor/laravel/framework/src/Illuminate/Pipeline/Pipeline.php\", \"line\": 180, \"type\": \"->\", \"class\": \"App\\\\Common\\\\Http\\\\Middleware\\\\Admin\", \"function\": \"handle\"}, {\"file\": \"/var/www/FuRSiE/vendor/laravel/framework/src/Illuminate/Routing/Middleware/SubstituteBindings.php\", \"line\": 50, \"type\": \"->\", \"class\": \"Illuminate\\\\Pipeline\\\\Pipeline\", \"function\": \"Illuminate\\\\Pipeline\\\\{closure}\"}, {\"file\": \"/var/www/FuRSiE/vendor/laravel/framework/src/Illuminate/Pipeline/Pipeline.php\", \"line\": 180, \"type\": \"->\", \"class\": \"Illuminate\\\\Routing\\\\Middleware\\\\SubstituteBindings\", \"function\": \"handle\"}, {\"file\": \"/var/www/FuRSiE/vendor/laravel/framework/src/Illuminate/Foundation/Http/Middleware/VerifyCsrfToken.php\", \"line\": 78, \"type\": \"->\", \"class\": \"Illuminate\\\\Pipeline\\\\Pipeline\", \"function\": \"Illuminate\\\\Pipeline\\\\{closure}\"}, {\"file\": \"/var/www/FuRSiE/vendor/laravel/framework/src/Illuminate/Pipeline/Pipeline.php\", \"line\": 180, \"type\": \"->\", \"class\": \"Illuminate\\\\Foundation\\\\Http\\\\Middleware\\\\VerifyCsrfToken\", \"function\": \"handle\"}, {\"file\": \"/var/www/FuRSiE/vendor/laravel/framework/src/Illuminate/View/Middleware/ShareErrorsFromSession.php\", \"line\": 49, \"type\": \"->\", \"class\": \"Illuminate\\\\Pipeline\\\\Pipeline\", \"function\": \"Illuminate\\\\Pipeline\\\\{closure}\"}, {\"file\": \"/var/www/FuRSiE/vendor/laravel/framework/src/Illuminate/Pipeline/Pipeline.php\", \"line\": 180, \"type\": \"->\", \"class\": \"Illuminate\\\\View\\\\Middleware\\\\ShareErrorsFromSession\", \"function\": \"handle\"}, {\"file\": \"/var/www/FuRSiE/vendor/laravel/framework/src/Illuminate/Session/Middleware/StartSession.php\", \"line\": 121, \"type\": \"->\", \"class\": \"Illuminate\\\\Pipeline\\\\Pipeline\", \"function\": \"Illuminate\\\\Pipeline\\\\{closure}\"}, {\"file\": \"/var/www/FuRSiE/vendor/laravel/framework/src/Illuminate/Session/Middleware/StartSession.php\", \"line\": 64, \"type\": \"->\", \"class\": \"Illuminate\\\\Session\\\\Middleware\\\\StartSession\", \"function\": \"handleStatefulRequest\"}, {\"file\": \"/var/www/FuRSiE/vendor/laravel/framework/src/Illuminate/Pipeline/Pipeline.php\", \"line\": 180, \"type\": \"->\", \"class\": \"Illuminate\\\\Session\\\\Middleware\\\\StartSession\", \"function\": \"handle\"}, {\"file\": \"/var/www/FuRSiE/vendor/laravel/framework/src/Illuminate/Cookie/Middleware/AddQueuedCookiesToResponse.php\", \"line\": 37, \"type\": \"->\", \"class\": \"Illuminate\\\\Pipeline\\\\Pipeline\", \"function\": \"Illuminate\\\\Pipeline\\\\{closure}\"}, {\"file\": \"/var/www/FuRSiE/vendor/laravel/framework/src/Illuminate/Pipeline/Pipeline.php\", \"line\": 180, \"type\": \"->\", \"class\": \"Illuminate\\\\Cookie\\\\Middleware\\\\AddQueuedCookiesToResponse\", \"function\": \"handle\"}, {\"file\": \"/var/www/FuRSiE/vendor/laravel/framework/src/Illuminate/Cookie/Middleware/EncryptCookies.php\", \"line\": 67, \"type\": \"->\", \"class\": \"Illuminate\\\\Pipeline\\\\Pipeline\", \"function\": \"Illuminate\\\\Pipeline\\\\{closure}\"}, {\"file\": \"/var/www/FuRSiE/vendor/laravel/framework/src/Illuminate/Pipeline/Pipeline.php\", \"line\": 180, \"type\": \"->\", \"class\": \"Illuminate\\\\Cookie\\\\Middleware\\\\EncryptCookies\", \"function\": \"handle\"}, {\"file\": \"/var/www/FuRSiE/vendor/laravel/framework/src/Illuminate/Pipeline/Pipeline.php\", \"line\": 116, \"type\": \"->\", \"class\": \"Illuminate\\\\Pipeline\\\\Pipeline\", \"function\": \"Illuminate\\\\Pipeline\\\\{closure}\"}, {\"file\": \"/var/www/FuRSiE/vendor/laravel/framework/src/Illuminate/Routing/Router.php\", \"line\": 730, \"type\": \"->\", \"class\": \"Illuminate\\\\Pipeline\\\\Pipeline\", \"function\": \"then\"}, {\"file\": \"/var/www/FuRSiE/vendor/laravel/framework/src/Illuminate/Routing/Router.php\", \"line\": 705, \"type\": \"->\", \"class\": \"Illuminate\\\\Routing\\\\Router\", \"function\": \"runRouteWithinStack\"}, {\"file\": \"/var/www/FuRSiE/vendor/laravel/framework/src/Illuminate/Routing/Router.php\", \"line\": 667, \"type\": \"->\", \"class\": \"Illuminate\\\\Routing\\\\Router\", \"function\": \"runRoute\"}, {\"file\": \"/var/www/FuRSiE/vendor/laravel/framework/src/Illuminate/Routing/Router.php\", \"line\": 656, \"type\": \"->\", \"class\": \"Illuminate\\\\Routing\\\\Router\", \"function\": \"dispatchToRoute\"}, {\"file\": \"/var/www/FuRSiE/vendor/laravel/framework/src/Illuminate/Foundation/Http/Kernel.php\", \"line\": 167, \"type\": \"->\", \"class\": \"Illuminate\\\\Routing\\\\Router\", \"function\": \"dispatch\"}, {\"file\": \"/var/www/FuRSiE/vendor/laravel/framework/src/Illuminate/Pipeline/Pipeline.php\", \"line\": 141, \"type\": \"->\", \"class\": \"Illuminate\\\\Foundation\\\\Http\\\\Kernel\", \"function\": \"Illuminate\\\\Foundation\\\\Http\\\\{closure}\"}, {\"file\": \"/var/www/FuRSiE/vendor/barryvdh/laravel-debugbar/src/Middleware/InjectDebugbar.php\", \"line\": 60, \"type\": \"->\", \"class\": \"Illuminate\\\\Pipeline\\\\Pipeline\", \"function\": \"Illuminate\\\\Pipeline\\\\{closure}\"}, {\"file\": \"/var/www/FuRSiE/vendor/laravel/framework/src/Illuminate/Pipeline/Pipeline.php\", \"line\": 180, \"type\": \"->\", \"class\": \"Barryvdh\\\\Debugbar\\\\Middleware\\\\InjectDebugbar\", \"function\": \"handle\"}, {\"file\": \"/var/www/FuRSiE/vendor/laravel/framework/src/Illuminate/Foundation/Http/Middleware/TransformsRequest.php\", \"line\": 21, \"type\": \"->\", \"class\": \"Illuminate\\\\Pipeline\\\\Pipeline\", \"function\": \"Illuminate\\\\Pipeline\\\\{closure}\"}, {\"file\": \"/var/www/FuRSiE/vendor/laravel/framework/src/Illuminate/Foundation/Http/Middleware/ConvertEmptyStringsToNull.php\", \"line\": 31, \"type\": \"->\", \"class\": \"Illuminate\\\\Foundation\\\\Http\\\\Middleware\\\\TransformsRequest\", \"function\": \"handle\"}, {\"file\": \"/var/www/FuRSiE/vendor/laravel/framework/src/Illuminate/Pipeline/Pipeline.php\", \"line\": 180, \"type\": \"->\", \"class\": \"Illuminate\\\\Foundation\\\\Http\\\\Middleware\\\\ConvertEmptyStringsToNull\", \"function\": \"handle\"}, {\"file\": \"/var/www/FuRSiE/vendor/laravel/framework/src/Illuminate/Foundation/Http/Middleware/TransformsRequest.php\", \"line\": 21, \"type\": \"->\", \"class\": \"Illuminate\\\\Pipeline\\\\Pipeline\", \"function\": \"Illuminate\\\\Pipeline\\\\{closure}\"}, {\"file\": \"/var/www/FuRSiE/vendor/laravel/framework/src/Illuminate/Foundation/Http/Middleware/TrimStrings.php\", \"line\": 40, \"type\": \"->\", \"class\": \"Illuminate\\\\Foundation\\\\Http\\\\Middleware\\\\TransformsRequest\", \"function\": \"handle\"}, {\"file\": \"/var/www/FuRSiE/vendor/laravel/framework/src/Illuminate/Pipeline/Pipeline.php\", \"line\": 180, \"type\": \"->\", \"class\": \"Illuminate\\\\Foundation\\\\Http\\\\Middleware\\\\TrimStrings\", \"function\": \"handle\"}, {\"file\": \"/var/www/FuRSiE/vendor/laravel/framework/src/Illuminate/Foundation/Http/Middleware/ValidatePostSize.php\", \"line\": 27, \"type\": \"->\", \"class\": \"Illuminate\\\\Pipeline\\\\Pipeline\", \"function\": \"Illuminate\\\\Pipeline\\\\{closure}\"}, {\"file\": \"/var/www/FuRSiE/vendor/laravel/framework/src/Illuminate/Pipeline/Pipeline.php\", \"line\": 180, \"type\": \"->\", \"class\": \"Illuminate\\\\Foundation\\\\Http\\\\Middleware\\\\ValidatePostSize\", \"function\": \"handle\"}, {\"file\": \"/var/www/FuRSiE/vendor/laravel/framework/src/Illuminate/Foundation/Http/Middleware/PreventRequestsDuringMaintenance.php\", \"line\": 86, \"type\": \"->\", \"class\": \"Illuminate\\\\Pipeline\\\\Pipeline\", \"function\": \"Illuminate\\\\Pipeline\\\\{closure}\"}, {\"file\": \"/var/www/FuRSiE/vendor/laravel/framework/src/Illuminate/Pipeline/Pipeline.php\", \"line\": 180, \"type\": \"->\", \"class\": \"Illuminate\\\\Foundation\\\\Http\\\\Middleware\\\\PreventRequestsDuringMaintenance\", \"function\": \"handle\"}, {\"file\": \"/var/www/FuRSiE/vendor/laravel/framework/src/Illuminate/Http/Middleware/HandleCors.php\", \"line\": 49, \"type\": \"->\", \"class\": \"Illuminate\\\\Pipeline\\\\Pipeline\", \"function\": \"Illuminate\\\\Pipeline\\\\{closure}\"}, {\"file\": \"/var/www/FuRSiE/vendor/laravel/framework/src/Illuminate/Pipeline/Pipeline.php\", \"line\": 180, \"type\": \"->\", \"class\": \"Illuminate\\\\Http\\\\Middleware\\\\HandleCors\", \"function\": \"handle\"}, {\"file\": \"/var/www/FuRSiE/vendor/laravel/framework/src/Illuminate/Http/Middleware/TrustProxies.php\", \"line\": 39, \"type\": \"->\", \"class\": \"Illuminate\\\\Pipeline\\\\Pipeline\", \"function\": \"Illuminate\\\\Pipeline\\\\{closure}\"}, {\"file\": \"/var/www/FuRSiE/vendor/laravel/framework/src/Illuminate/Pipeline/Pipeline.php\", \"line\": 180, \"type\": \"->\", \"class\": \"Illuminate\\\\Http\\\\Middleware\\\\TrustProxies\", \"function\": \"handle\"}, {\"file\": \"/var/www/FuRSiE/vendor/laravel/framework/src/Illuminate/Pipeline/Pipeline.php\", \"line\": 116, \"type\": \"->\", \"class\": \"Illuminate\\\\Pipeline\\\\Pipeline\", \"function\": \"Illuminate\\\\Pipeline\\\\{closure}\"}, {\"file\": \"/var/www/FuRSiE/vendor/laravel/framework/src/Illuminate/Foundation/Http/Kernel.php\", \"line\": 142, \"type\": \"->\", \"class\": \"Illuminate\\\\Pipeline\\\\Pipeline\", \"function\": \"then\"}, {\"file\": \"/var/www/FuRSiE/vendor/laravel/framework/src/Illuminate/Foundation/Http/Kernel.php\", \"line\": 111, \"type\": \"->\", \"class\": \"Illuminate\\\\Foundation\\\\Http\\\\Kernel\", \"function\": \"sendRequestThroughRouter\"}, {\"file\": \"/var/www/FuRSiE/public/index.php\", \"line\": 53, \"type\": \"->\", \"class\": \"Illuminate\\\\Foundation\\\\Http\\\\Kernel\", \"function\": \"handle\"}]}',
        1667377152),
       (10, 7, 43, 'd7f99db1-c958-4bd2-8b93-7bc8e491942e', 'error', 'error', 'CatalogProduct',
        '{\"line\": 716, \"class\": \"QueryException\", \"error\": \"SQLSTATE[23000]: Integrity constraint violation: 1062 Duplicate entry \'✶ Шмель ✶\' for key \'title_UNIQUE\' (SQL: insert into `ax_catalog_product` (`category_id`, `render_id`, `is_favourites`, `is_watermark`, `is_comments`, `is_single`, `title_short`, `description`, `preview_description`, `sort`, `price`, `title`, `alias`, `created_at`, `is_published`, `url`, `updated_at`) values (2, ?, 0, 0, 0, 1, ?, ?, ?, ?, 3500, ✶ Шмель ✶, shmel-1, 1667336400, 0, shmel-1, 1667377170))\", \"trace\": [{\"file\": \"/var/www/FuRSiE/vendor/laravel/framework/src/Illuminate/Database/Connection.php\", \"line\": 676, \"type\": \"->\", \"class\": \"Illuminate\\\\Database\\\\Connection\", \"function\": \"runQueryCallback\"}, {\"file\": \"/var/www/FuRSiE/vendor/laravel/framework/src/Illuminate/Database/Connection.php\", \"line\": 502, \"type\": \"->\", \"class\": \"Illuminate\\\\Database\\\\Connection\", \"function\": \"run\"}, {\"file\": \"/var/www/FuRSiE/vendor/laravel/framework/src/Illuminate/Database/Connection.php\", \"line\": 454, \"type\": \"->\", \"class\": \"Illuminate\\\\Database\\\\Connection\", \"function\": \"statement\"}, {\"file\": \"/var/www/FuRSiE/vendor/laravel/framework/src/Illuminate/Database/Query/Processors/Processor.php\", \"line\": 32, \"type\": \"->\", \"class\": \"Illuminate\\\\Database\\\\Connection\", \"function\": \"insert\"}, {\"file\": \"/var/www/FuRSiE/vendor/laravel/framework/src/Illuminate/Database/Query/Builder.php\", \"line\": 3221, \"type\": \"->\", \"class\": \"Illuminate\\\\Database\\\\Query\\\\Processors\\\\Processor\", \"function\": \"processInsertGetId\"}, {\"file\": \"/var/www/FuRSiE/vendor/laravel/framework/src/Illuminate/Database/Eloquent/Builder.php\", \"line\": 1707, \"type\": \"->\", \"class\": \"Illuminate\\\\Database\\\\Query\\\\Builder\", \"function\": \"insertGetId\"}, {\"file\": \"/var/www/FuRSiE/vendor/laravel/framework/src/Illuminate/Database/Eloquent/Model.php\", \"line\": 1190, \"type\": \"->\", \"class\": \"Illuminate\\\\Database\\\\Eloquent\\\\Builder\", \"function\": \"__call\"}, {\"file\": \"/var/www/FuRSiE/vendor/laravel/framework/src/Illuminate/Database/Eloquent/Model.php\", \"line\": 1155, \"type\": \"->\", \"class\": \"Illuminate\\\\Database\\\\Eloquent\\\\Model\", \"function\": \"insertAndSetId\"}, {\"file\": \"/var/www/FuRSiE/vendor/laravel/framework/src/Illuminate/Database/Eloquent/Model.php\", \"line\": 996, \"type\": \"->\", \"class\": \"Illuminate\\\\Database\\\\Eloquent\\\\Model\", \"function\": \"performInsert\"}, {\"file\": \"/var/www/FuRSiE/app/Common/Models/Main/SeoSetter.php\", \"line\": 54, \"type\": \"->\", \"class\": \"Illuminate\\\\Database\\\\Eloquent\\\\Model\", \"function\": \"save\"}, {\"file\": \"/var/www/FuRSiE/app/Common/Models/Catalog/Product/CatalogProduct.php\", \"line\": 206, \"type\": \"->\", \"class\": \"App\\\\Common\\\\Models\\\\Catalog\\\\Product\\\\CatalogProduct\", \"function\": \"safe\"}, {\"file\": \"/var/www/FuRSiE/app/Common/Modules/Web/Backend/Controllers/CatalogAjaxController.php\", \"line\": 63, \"type\": \"::\", \"class\": \"App\\\\Common\\\\Models\\\\Catalog\\\\Product\\\\CatalogProduct\", \"function\": \"createOrUpdate\"}, {\"file\": \"/var/www/FuRSiE/vendor/laravel/framework/src/Illuminate/Routing/Controller.php\", \"line\": 54, \"type\": \"->\", \"class\": \"Web\\\\Backend\\\\Controllers\\\\CatalogAjaxController\", \"function\": \"saveProduct\"}, {\"file\": \"/var/www/FuRSiE/vendor/laravel/framework/src/Illuminate/Routing/ControllerDispatcher.php\", \"line\": 45, \"type\": \"->\", \"class\": \"Illuminate\\\\Routing\\\\Controller\", \"function\": \"callAction\"}, {\"file\": \"/var/www/FuRSiE/vendor/laravel/framework/src/Illuminate/Routing/Route.php\", \"line\": 261, \"type\": \"->\", \"class\": \"Illuminate\\\\Routing\\\\ControllerDispatcher\", \"function\": \"dispatch\"}, {\"file\": \"/var/www/FuRSiE/vendor/laravel/framework/src/Illuminate/Routing/Route.php\", \"line\": 204, \"type\": \"->\", \"class\": \"Illuminate\\\\Routing\\\\Route\", \"function\": \"runController\"}, {\"file\": \"/var/www/FuRSiE/vendor/laravel/framework/src/Illuminate/Routing/Router.php\", \"line\": 728, \"type\": \"->\", \"class\": \"Illuminate\\\\Routing\\\\Route\", \"function\": \"run\"}, {\"file\": \"/var/www/FuRSiE/vendor/laravel/framework/src/Illuminate/Pipeline/Pipeline.php\", \"line\": 141, \"type\": \"->\", \"class\": \"Illuminate\\\\Routing\\\\Router\", \"function\": \"Illuminate\\\\Routing\\\\{closure}\"}, {\"file\": \"/var/www/FuRSiE/app/Common/Http/Middleware/Admin.php\", \"line\": 14, \"type\": \"->\", \"class\": \"Illuminate\\\\Pipeline\\\\Pipeline\", \"function\": \"Illuminate\\\\Pipeline\\\\{closure}\"}, {\"file\": \"/var/www/FuRSiE/vendor/laravel/framework/src/Illuminate/Pipeline/Pipeline.php\", \"line\": 180, \"type\": \"->\", \"class\": \"App\\\\Common\\\\Http\\\\Middleware\\\\Admin\", \"function\": \"handle\"}, {\"file\": \"/var/www/FuRSiE/vendor/laravel/framework/src/Illuminate/Routing/Middleware/SubstituteBindings.php\", \"line\": 50, \"type\": \"->\", \"class\": \"Illuminate\\\\Pipeline\\\\Pipeline\", \"function\": \"Illuminate\\\\Pipeline\\\\{closure}\"}, {\"file\": \"/var/www/FuRSiE/vendor/laravel/framework/src/Illuminate/Pipeline/Pipeline.php\", \"line\": 180, \"type\": \"->\", \"class\": \"Illuminate\\\\Routing\\\\Middleware\\\\SubstituteBindings\", \"function\": \"handle\"}, {\"file\": \"/var/www/FuRSiE/vendor/laravel/framework/src/Illuminate/Foundation/Http/Middleware/VerifyCsrfToken.php\", \"line\": 78, \"type\": \"->\", \"class\": \"Illuminate\\\\Pipeline\\\\Pipeline\", \"function\": \"Illuminate\\\\Pipeline\\\\{closure}\"}, {\"file\": \"/var/www/FuRSiE/vendor/laravel/framework/src/Illuminate/Pipeline/Pipeline.php\", \"line\": 180, \"type\": \"->\", \"class\": \"Illuminate\\\\Foundation\\\\Http\\\\Middleware\\\\VerifyCsrfToken\", \"function\": \"handle\"}, {\"file\": \"/var/www/FuRSiE/vendor/laravel/framework/src/Illuminate/View/Middleware/ShareErrorsFromSession.php\", \"line\": 49, \"type\": \"->\", \"class\": \"Illuminate\\\\Pipeline\\\\Pipeline\", \"function\": \"Illuminate\\\\Pipeline\\\\{closure}\"}, {\"file\": \"/var/www/FuRSiE/vendor/laravel/framework/src/Illuminate/Pipeline/Pipeline.php\", \"line\": 180, \"type\": \"->\", \"class\": \"Illuminate\\\\View\\\\Middleware\\\\ShareErrorsFromSession\", \"function\": \"handle\"}, {\"file\": \"/var/www/FuRSiE/vendor/laravel/framework/src/Illuminate/Session/Middleware/StartSession.php\", \"line\": 121, \"type\": \"->\", \"class\": \"Illuminate\\\\Pipeline\\\\Pipeline\", \"function\": \"Illuminate\\\\Pipeline\\\\{closure}\"}, {\"file\": \"/var/www/FuRSiE/vendor/laravel/framework/src/Illuminate/Session/Middleware/StartSession.php\", \"line\": 64, \"type\": \"->\", \"class\": \"Illuminate\\\\Session\\\\Middleware\\\\StartSession\", \"function\": \"handleStatefulRequest\"}, {\"file\": \"/var/www/FuRSiE/vendor/laravel/framework/src/Illuminate/Pipeline/Pipeline.php\", \"line\": 180, \"type\": \"->\", \"class\": \"Illuminate\\\\Session\\\\Middleware\\\\StartSession\", \"function\": \"handle\"}, {\"file\": \"/var/www/FuRSiE/vendor/laravel/framework/src/Illuminate/Cookie/Middleware/AddQueuedCookiesToResponse.php\", \"line\": 37, \"type\": \"->\", \"class\": \"Illuminate\\\\Pipeline\\\\Pipeline\", \"function\": \"Illuminate\\\\Pipeline\\\\{closure}\"}, {\"file\": \"/var/www/FuRSiE/vendor/laravel/framework/src/Illuminate/Pipeline/Pipeline.php\", \"line\": 180, \"type\": \"->\", \"class\": \"Illuminate\\\\Cookie\\\\Middleware\\\\AddQueuedCookiesToResponse\", \"function\": \"handle\"}, {\"file\": \"/var/www/FuRSiE/vendor/laravel/framework/src/Illuminate/Cookie/Middleware/EncryptCookies.php\", \"line\": 67, \"type\": \"->\", \"class\": \"Illuminate\\\\Pipeline\\\\Pipeline\", \"function\": \"Illuminate\\\\Pipeline\\\\{closure}\"}, {\"file\": \"/var/www/FuRSiE/vendor/laravel/framework/src/Illuminate/Pipeline/Pipeline.php\", \"line\": 180, \"type\": \"->\", \"class\": \"Illuminate\\\\Cookie\\\\Middleware\\\\EncryptCookies\", \"function\": \"handle\"}, {\"file\": \"/var/www/FuRSiE/vendor/laravel/framework/src/Illuminate/Pipeline/Pipeline.php\", \"line\": 116, \"type\": \"->\", \"class\": \"Illuminate\\\\Pipeline\\\\Pipeline\", \"function\": \"Illuminate\\\\Pipeline\\\\{closure}\"}, {\"file\": \"/var/www/FuRSiE/vendor/laravel/framework/src/Illuminate/Routing/Router.php\", \"line\": 730, \"type\": \"->\", \"class\": \"Illuminate\\\\Pipeline\\\\Pipeline\", \"function\": \"then\"}, {\"file\": \"/var/www/FuRSiE/vendor/laravel/framework/src/Illuminate/Routing/Router.php\", \"line\": 705, \"type\": \"->\", \"class\": \"Illuminate\\\\Routing\\\\Router\", \"function\": \"runRouteWithinStack\"}, {\"file\": \"/var/www/FuRSiE/vendor/laravel/framework/src/Illuminate/Routing/Router.php\", \"line\": 667, \"type\": \"->\", \"class\": \"Illuminate\\\\Routing\\\\Router\", \"function\": \"runRoute\"}, {\"file\": \"/var/www/FuRSiE/vendor/laravel/framework/src/Illuminate/Routing/Router.php\", \"line\": 656, \"type\": \"->\", \"class\": \"Illuminate\\\\Routing\\\\Router\", \"function\": \"dispatchToRoute\"}, {\"file\": \"/var/www/FuRSiE/vendor/laravel/framework/src/Illuminate/Foundation/Http/Kernel.php\", \"line\": 167, \"type\": \"->\", \"class\": \"Illuminate\\\\Routing\\\\Router\", \"function\": \"dispatch\"}, {\"file\": \"/var/www/FuRSiE/vendor/laravel/framework/src/Illuminate/Pipeline/Pipeline.php\", \"line\": 141, \"type\": \"->\", \"class\": \"Illuminate\\\\Foundation\\\\Http\\\\Kernel\", \"function\": \"Illuminate\\\\Foundation\\\\Http\\\\{closure}\"}, {\"file\": \"/var/www/FuRSiE/vendor/barryvdh/laravel-debugbar/src/Middleware/InjectDebugbar.php\", \"line\": 60, \"type\": \"->\", \"class\": \"Illuminate\\\\Pipeline\\\\Pipeline\", \"function\": \"Illuminate\\\\Pipeline\\\\{closure}\"}, {\"file\": \"/var/www/FuRSiE/vendor/laravel/framework/src/Illuminate/Pipeline/Pipeline.php\", \"line\": 180, \"type\": \"->\", \"class\": \"Barryvdh\\\\Debugbar\\\\Middleware\\\\InjectDebugbar\", \"function\": \"handle\"}, {\"file\": \"/var/www/FuRSiE/vendor/laravel/framework/src/Illuminate/Foundation/Http/Middleware/TransformsRequest.php\", \"line\": 21, \"type\": \"->\", \"class\": \"Illuminate\\\\Pipeline\\\\Pipeline\", \"function\": \"Illuminate\\\\Pipeline\\\\{closure}\"}, {\"file\": \"/var/www/FuRSiE/vendor/laravel/framework/src/Illuminate/Foundation/Http/Middleware/ConvertEmptyStringsToNull.php\", \"line\": 31, \"type\": \"->\", \"class\": \"Illuminate\\\\Foundation\\\\Http\\\\Middleware\\\\TransformsRequest\", \"function\": \"handle\"}, {\"file\": \"/var/www/FuRSiE/vendor/laravel/framework/src/Illuminate/Pipeline/Pipeline.php\", \"line\": 180, \"type\": \"->\", \"class\": \"Illuminate\\\\Foundation\\\\Http\\\\Middleware\\\\ConvertEmptyStringsToNull\", \"function\": \"handle\"}, {\"file\": \"/var/www/FuRSiE/vendor/laravel/framework/src/Illuminate/Foundation/Http/Middleware/TransformsRequest.php\", \"line\": 21, \"type\": \"->\", \"class\": \"Illuminate\\\\Pipeline\\\\Pipeline\", \"function\": \"Illuminate\\\\Pipeline\\\\{closure}\"}, {\"file\": \"/var/www/FuRSiE/vendor/laravel/framework/src/Illuminate/Foundation/Http/Middleware/TrimStrings.php\", \"line\": 40, \"type\": \"->\", \"class\": \"Illuminate\\\\Foundation\\\\Http\\\\Middleware\\\\TransformsRequest\", \"function\": \"handle\"}, {\"file\": \"/var/www/FuRSiE/vendor/laravel/framework/src/Illuminate/Pipeline/Pipeline.php\", \"line\": 180, \"type\": \"->\", \"class\": \"Illuminate\\\\Foundation\\\\Http\\\\Middleware\\\\TrimStrings\", \"function\": \"handle\"}, {\"file\": \"/var/www/FuRSiE/vendor/laravel/framework/src/Illuminate/Foundation/Http/Middleware/ValidatePostSize.php\", \"line\": 27, \"type\": \"->\", \"class\": \"Illuminate\\\\Pipeline\\\\Pipeline\", \"function\": \"Illuminate\\\\Pipeline\\\\{closure}\"}, {\"file\": \"/var/www/FuRSiE/vendor/laravel/framework/src/Illuminate/Pipeline/Pipeline.php\", \"line\": 180, \"type\": \"->\", \"class\": \"Illuminate\\\\Foundation\\\\Http\\\\Middleware\\\\ValidatePostSize\", \"function\": \"handle\"}, {\"file\": \"/var/www/FuRSiE/vendor/laravel/framework/src/Illuminate/Foundation/Http/Middleware/PreventRequestsDuringMaintenance.php\", \"line\": 86, \"type\": \"->\", \"class\": \"Illuminate\\\\Pipeline\\\\Pipeline\", \"function\": \"Illuminate\\\\Pipeline\\\\{closure}\"}, {\"file\": \"/var/www/FuRSiE/vendor/laravel/framework/src/Illuminate/Pipeline/Pipeline.php\", \"line\": 180, \"type\": \"->\", \"class\": \"Illuminate\\\\Foundation\\\\Http\\\\Middleware\\\\PreventRequestsDuringMaintenance\", \"function\": \"handle\"}, {\"file\": \"/var/www/FuRSiE/vendor/laravel/framework/src/Illuminate/Http/Middleware/HandleCors.php\", \"line\": 49, \"type\": \"->\", \"class\": \"Illuminate\\\\Pipeline\\\\Pipeline\", \"function\": \"Illuminate\\\\Pipeline\\\\{closure}\"}, {\"file\": \"/var/www/FuRSiE/vendor/laravel/framework/src/Illuminate/Pipeline/Pipeline.php\", \"line\": 180, \"type\": \"->\", \"class\": \"Illuminate\\\\Http\\\\Middleware\\\\HandleCors\", \"function\": \"handle\"}, {\"file\": \"/var/www/FuRSiE/vendor/laravel/framework/src/Illuminate/Http/Middleware/TrustProxies.php\", \"line\": 39, \"type\": \"->\", \"class\": \"Illuminate\\\\Pipeline\\\\Pipeline\", \"function\": \"Illuminate\\\\Pipeline\\\\{closure}\"}, {\"file\": \"/var/www/FuRSiE/vendor/laravel/framework/src/Illuminate/Pipeline/Pipeline.php\", \"line\": 180, \"type\": \"->\", \"class\": \"Illuminate\\\\Http\\\\Middleware\\\\TrustProxies\", \"function\": \"handle\"}, {\"file\": \"/var/www/FuRSiE/vendor/laravel/framework/src/Illuminate/Pipeline/Pipeline.php\", \"line\": 116, \"type\": \"->\", \"class\": \"Illuminate\\\\Pipeline\\\\Pipeline\", \"function\": \"Illuminate\\\\Pipeline\\\\{closure}\"}, {\"file\": \"/var/www/FuRSiE/vendor/laravel/framework/src/Illuminate/Foundation/Http/Kernel.php\", \"line\": 142, \"type\": \"->\", \"class\": \"Illuminate\\\\Pipeline\\\\Pipeline\", \"function\": \"then\"}, {\"file\": \"/var/www/FuRSiE/vendor/laravel/framework/src/Illuminate/Foundation/Http/Kernel.php\", \"line\": 111, \"type\": \"->\", \"class\": \"Illuminate\\\\Foundation\\\\Http\\\\Kernel\", \"function\": \"sendRequestThroughRouter\"}, {\"file\": \"/var/www/FuRSiE/public/index.php\", \"line\": 53, \"type\": \"->\", \"class\": \"Illuminate\\\\Foundation\\\\Http\\\\Kernel\", \"function\": \"handle\"}]}',
        1667377171),
       (11, 7, 43, '306ab065-7482-4b7d-aa74-2ba1af7c6b12', 'error', 'error', 'CatalogProduct',
        '{\"line\": 716, \"class\": \"QueryException\", \"error\": \"SQLSTATE[23000]: Integrity constraint violation: 1062 Duplicate entry \'✶ Мята ✶\' for key \'title_UNIQUE\' (SQL: insert into `ax_catalog_product` (`category_id`, `render_id`, `is_favourites`, `is_watermark`, `is_comments`, `is_single`, `title_short`, `description`, `preview_description`, `sort`, `price`, `title`, `alias`, `created_at`, `is_published`, `url`, `updated_at`) values (2, ?, 0, 0, 0, 1, ?, ?, ?, ?, 2200, ✶ Мята ✶, myata-1, 1667336400, 0, myata-1, 1667382269))\", \"trace\": [{\"file\": \"/var/www/FuRSiE/vendor/laravel/framework/src/Illuminate/Database/Connection.php\", \"line\": 676, \"type\": \"->\", \"class\": \"Illuminate\\\\Database\\\\Connection\", \"function\": \"runQueryCallback\"}, {\"file\": \"/var/www/FuRSiE/vendor/laravel/framework/src/Illuminate/Database/Connection.php\", \"line\": 502, \"type\": \"->\", \"class\": \"Illuminate\\\\Database\\\\Connection\", \"function\": \"run\"}, {\"file\": \"/var/www/FuRSiE/vendor/laravel/framework/src/Illuminate/Database/Connection.php\", \"line\": 454, \"type\": \"->\", \"class\": \"Illuminate\\\\Database\\\\Connection\", \"function\": \"statement\"}, {\"file\": \"/var/www/FuRSiE/vendor/laravel/framework/src/Illuminate/Database/Query/Processors/Processor.php\", \"line\": 32, \"type\": \"->\", \"class\": \"Illuminate\\\\Database\\\\Connection\", \"function\": \"insert\"}, {\"file\": \"/var/www/FuRSiE/vendor/laravel/framework/src/Illuminate/Database/Query/Builder.php\", \"line\": 3221, \"type\": \"->\", \"class\": \"Illuminate\\\\Database\\\\Query\\\\Processors\\\\Processor\", \"function\": \"processInsertGetId\"}, {\"file\": \"/var/www/FuRSiE/vendor/laravel/framework/src/Illuminate/Database/Eloquent/Builder.php\", \"line\": 1707, \"type\": \"->\", \"class\": \"Illuminate\\\\Database\\\\Query\\\\Builder\", \"function\": \"insertGetId\"}, {\"file\": \"/var/www/FuRSiE/vendor/laravel/framework/src/Illuminate/Database/Eloquent/Model.php\", \"line\": 1190, \"type\": \"->\", \"class\": \"Illuminate\\\\Database\\\\Eloquent\\\\Builder\", \"function\": \"__call\"}, {\"file\": \"/var/www/FuRSiE/vendor/laravel/framework/src/Illuminate/Database/Eloquent/Model.php\", \"line\": 1155, \"type\": \"->\", \"class\": \"Illuminate\\\\Database\\\\Eloquent\\\\Model\", \"function\": \"insertAndSetId\"}, {\"file\": \"/var/www/FuRSiE/vendor/laravel/framework/src/Illuminate/Database/Eloquent/Model.php\", \"line\": 996, \"type\": \"->\", \"class\": \"Illuminate\\\\Database\\\\Eloquent\\\\Model\", \"function\": \"performInsert\"}, {\"file\": \"/var/www/FuRSiE/app/Common/Models/Main/SeoSetter.php\", \"line\": 54, \"type\": \"->\", \"class\": \"Illuminate\\\\Database\\\\Eloquent\\\\Model\", \"function\": \"save\"}, {\"file\": \"/var/www/FuRSiE/app/Common/Models/Catalog/Product/CatalogProduct.php\", \"line\": 206, \"type\": \"->\", \"class\": \"App\\\\Common\\\\Models\\\\Catalog\\\\Product\\\\CatalogProduct\", \"function\": \"safe\"}, {\"file\": \"/var/www/FuRSiE/app/Common/Modules/Web/Backend/Controllers/CatalogAjaxController.php\", \"line\": 63, \"type\": \"::\", \"class\": \"App\\\\Common\\\\Models\\\\Catalog\\\\Product\\\\CatalogProduct\", \"function\": \"createOrUpdate\"}, {\"file\": \"/var/www/FuRSiE/vendor/laravel/framework/src/Illuminate/Routing/Controller.php\", \"line\": 54, \"type\": \"->\", \"class\": \"Web\\\\Backend\\\\Controllers\\\\CatalogAjaxController\", \"function\": \"saveProduct\"}, {\"file\": \"/var/www/FuRSiE/vendor/laravel/framework/src/Illuminate/Routing/ControllerDispatcher.php\", \"line\": 45, \"type\": \"->\", \"class\": \"Illuminate\\\\Routing\\\\Controller\", \"function\": \"callAction\"}, {\"file\": \"/var/www/FuRSiE/vendor/laravel/framework/src/Illuminate/Routing/Route.php\", \"line\": 261, \"type\": \"->\", \"class\": \"Illuminate\\\\Routing\\\\ControllerDispatcher\", \"function\": \"dispatch\"}, {\"file\": \"/var/www/FuRSiE/vendor/laravel/framework/src/Illuminate/Routing/Route.php\", \"line\": 204, \"type\": \"->\", \"class\": \"Illuminate\\\\Routing\\\\Route\", \"function\": \"runController\"}, {\"file\": \"/var/www/FuRSiE/vendor/laravel/framework/src/Illuminate/Routing/Router.php\", \"line\": 728, \"type\": \"->\", \"class\": \"Illuminate\\\\Routing\\\\Route\", \"function\": \"run\"}, {\"file\": \"/var/www/FuRSiE/vendor/laravel/framework/src/Illuminate/Pipeline/Pipeline.php\", \"line\": 141, \"type\": \"->\", \"class\": \"Illuminate\\\\Routing\\\\Router\", \"function\": \"Illuminate\\\\Routing\\\\{closure}\"}, {\"file\": \"/var/www/FuRSiE/app/Common/Http/Middleware/Admin.php\", \"line\": 14, \"type\": \"->\", \"class\": \"Illuminate\\\\Pipeline\\\\Pipeline\", \"function\": \"Illuminate\\\\Pipeline\\\\{closure}\"}, {\"file\": \"/var/www/FuRSiE/vendor/laravel/framework/src/Illuminate/Pipeline/Pipeline.php\", \"line\": 180, \"type\": \"->\", \"class\": \"App\\\\Common\\\\Http\\\\Middleware\\\\Admin\", \"function\": \"handle\"}, {\"file\": \"/var/www/FuRSiE/vendor/laravel/framework/src/Illuminate/Routing/Middleware/SubstituteBindings.php\", \"line\": 50, \"type\": \"->\", \"class\": \"Illuminate\\\\Pipeline\\\\Pipeline\", \"function\": \"Illuminate\\\\Pipeline\\\\{closure}\"}, {\"file\": \"/var/www/FuRSiE/vendor/laravel/framework/src/Illuminate/Pipeline/Pipeline.php\", \"line\": 180, \"type\": \"->\", \"class\": \"Illuminate\\\\Routing\\\\Middleware\\\\SubstituteBindings\", \"function\": \"handle\"}, {\"file\": \"/var/www/FuRSiE/vendor/laravel/framework/src/Illuminate/Foundation/Http/Middleware/VerifyCsrfToken.php\", \"line\": 78, \"type\": \"->\", \"class\": \"Illuminate\\\\Pipeline\\\\Pipeline\", \"function\": \"Illuminate\\\\Pipeline\\\\{closure}\"}, {\"file\": \"/var/www/FuRSiE/vendor/laravel/framework/src/Illuminate/Pipeline/Pipeline.php\", \"line\": 180, \"type\": \"->\", \"class\": \"Illuminate\\\\Foundation\\\\Http\\\\Middleware\\\\VerifyCsrfToken\", \"function\": \"handle\"}, {\"file\": \"/var/www/FuRSiE/vendor/laravel/framework/src/Illuminate/View/Middleware/ShareErrorsFromSession.php\", \"line\": 49, \"type\": \"->\", \"class\": \"Illuminate\\\\Pipeline\\\\Pipeline\", \"function\": \"Illuminate\\\\Pipeline\\\\{closure}\"}, {\"file\": \"/var/www/FuRSiE/vendor/laravel/framework/src/Illuminate/Pipeline/Pipeline.php\", \"line\": 180, \"type\": \"->\", \"class\": \"Illuminate\\\\View\\\\Middleware\\\\ShareErrorsFromSession\", \"function\": \"handle\"}, {\"file\": \"/var/www/FuRSiE/vendor/laravel/framework/src/Illuminate/Session/Middleware/StartSession.php\", \"line\": 121, \"type\": \"->\", \"class\": \"Illuminate\\\\Pipeline\\\\Pipeline\", \"function\": \"Illuminate\\\\Pipeline\\\\{closure}\"}, {\"file\": \"/var/www/FuRSiE/vendor/laravel/framework/src/Illuminate/Session/Middleware/StartSession.php\", \"line\": 64, \"type\": \"->\", \"class\": \"Illuminate\\\\Session\\\\Middleware\\\\StartSession\", \"function\": \"handleStatefulRequest\"}, {\"file\": \"/var/www/FuRSiE/vendor/laravel/framework/src/Illuminate/Pipeline/Pipeline.php\", \"line\": 180, \"type\": \"->\", \"class\": \"Illuminate\\\\Session\\\\Middleware\\\\StartSession\", \"function\": \"handle\"}, {\"file\": \"/var/www/FuRSiE/vendor/laravel/framework/src/Illuminate/Cookie/Middleware/AddQueuedCookiesToResponse.php\", \"line\": 37, \"type\": \"->\", \"class\": \"Illuminate\\\\Pipeline\\\\Pipeline\", \"function\": \"Illuminate\\\\Pipeline\\\\{closure}\"}, {\"file\": \"/var/www/FuRSiE/vendor/laravel/framework/src/Illuminate/Pipeline/Pipeline.php\", \"line\": 180, \"type\": \"->\", \"class\": \"Illuminate\\\\Cookie\\\\Middleware\\\\AddQueuedCookiesToResponse\", \"function\": \"handle\"}, {\"file\": \"/var/www/FuRSiE/vendor/laravel/framework/src/Illuminate/Cookie/Middleware/EncryptCookies.php\", \"line\": 67, \"type\": \"->\", \"class\": \"Illuminate\\\\Pipeline\\\\Pipeline\", \"function\": \"Illuminate\\\\Pipeline\\\\{closure}\"}, {\"file\": \"/var/www/FuRSiE/vendor/laravel/framework/src/Illuminate/Pipeline/Pipeline.php\", \"line\": 180, \"type\": \"->\", \"class\": \"Illuminate\\\\Cookie\\\\Middleware\\\\EncryptCookies\", \"function\": \"handle\"}, {\"file\": \"/var/www/FuRSiE/vendor/laravel/framework/src/Illuminate/Pipeline/Pipeline.php\", \"line\": 116, \"type\": \"->\", \"class\": \"Illuminate\\\\Pipeline\\\\Pipeline\", \"function\": \"Illuminate\\\\Pipeline\\\\{closure}\"}, {\"file\": \"/var/www/FuRSiE/vendor/laravel/framework/src/Illuminate/Routing/Router.php\", \"line\": 730, \"type\": \"->\", \"class\": \"Illuminate\\\\Pipeline\\\\Pipeline\", \"function\": \"then\"}, {\"file\": \"/var/www/FuRSiE/vendor/laravel/framework/src/Illuminate/Routing/Router.php\", \"line\": 705, \"type\": \"->\", \"class\": \"Illuminate\\\\Routing\\\\Router\", \"function\": \"runRouteWithinStack\"}, {\"file\": \"/var/www/FuRSiE/vendor/laravel/framework/src/Illuminate/Routing/Router.php\", \"line\": 667, \"type\": \"->\", \"class\": \"Illuminate\\\\Routing\\\\Router\", \"function\": \"runRoute\"}, {\"file\": \"/var/www/FuRSiE/vendor/laravel/framework/src/Illuminate/Routing/Router.php\", \"line\": 656, \"type\": \"->\", \"class\": \"Illuminate\\\\Routing\\\\Router\", \"function\": \"dispatchToRoute\"}, {\"file\": \"/var/www/FuRSiE/vendor/laravel/framework/src/Illuminate/Foundation/Http/Kernel.php\", \"line\": 167, \"type\": \"->\", \"class\": \"Illuminate\\\\Routing\\\\Router\", \"function\": \"dispatch\"}, {\"file\": \"/var/www/FuRSiE/vendor/laravel/framework/src/Illuminate/Pipeline/Pipeline.php\", \"line\": 141, \"type\": \"->\", \"class\": \"Illuminate\\\\Foundation\\\\Http\\\\Kernel\", \"function\": \"Illuminate\\\\Foundation\\\\Http\\\\{closure}\"}, {\"file\": \"/var/www/FuRSiE/vendor/barryvdh/laravel-debugbar/src/Middleware/InjectDebugbar.php\", \"line\": 60, \"type\": \"->\", \"class\": \"Illuminate\\\\Pipeline\\\\Pipeline\", \"function\": \"Illuminate\\\\Pipeline\\\\{closure}\"}, {\"file\": \"/var/www/FuRSiE/vendor/laravel/framework/src/Illuminate/Pipeline/Pipeline.php\", \"line\": 180, \"type\": \"->\", \"class\": \"Barryvdh\\\\Debugbar\\\\Middleware\\\\InjectDebugbar\", \"function\": \"handle\"}, {\"file\": \"/var/www/FuRSiE/vendor/laravel/framework/src/Illuminate/Foundation/Http/Middleware/TransformsRequest.php\", \"line\": 21, \"type\": \"->\", \"class\": \"Illuminate\\\\Pipeline\\\\Pipeline\", \"function\": \"Illuminate\\\\Pipeline\\\\{closure}\"}, {\"file\": \"/var/www/FuRSiE/vendor/laravel/framework/src/Illuminate/Foundation/Http/Middleware/ConvertEmptyStringsToNull.php\", \"line\": 31, \"type\": \"->\", \"class\": \"Illuminate\\\\Foundation\\\\Http\\\\Middleware\\\\TransformsRequest\", \"function\": \"handle\"}, {\"file\": \"/var/www/FuRSiE/vendor/laravel/framework/src/Illuminate/Pipeline/Pipeline.php\", \"line\": 180, \"type\": \"->\", \"class\": \"Illuminate\\\\Foundation\\\\Http\\\\Middleware\\\\ConvertEmptyStringsToNull\", \"function\": \"handle\"}, {\"file\": \"/var/www/FuRSiE/vendor/laravel/framework/src/Illuminate/Foundation/Http/Middleware/TransformsRequest.php\", \"line\": 21, \"type\": \"->\", \"class\": \"Illuminate\\\\Pipeline\\\\Pipeline\", \"function\": \"Illuminate\\\\Pipeline\\\\{closure}\"}, {\"file\": \"/var/www/FuRSiE/vendor/laravel/framework/src/Illuminate/Foundation/Http/Middleware/TrimStrings.php\", \"line\": 40, \"type\": \"->\", \"class\": \"Illuminate\\\\Foundation\\\\Http\\\\Middleware\\\\TransformsRequest\", \"function\": \"handle\"}, {\"file\": \"/var/www/FuRSiE/vendor/laravel/framework/src/Illuminate/Pipeline/Pipeline.php\", \"line\": 180, \"type\": \"->\", \"class\": \"Illuminate\\\\Foundation\\\\Http\\\\Middleware\\\\TrimStrings\", \"function\": \"handle\"}, {\"file\": \"/var/www/FuRSiE/vendor/laravel/framework/src/Illuminate/Foundation/Http/Middleware/ValidatePostSize.php\", \"line\": 27, \"type\": \"->\", \"class\": \"Illuminate\\\\Pipeline\\\\Pipeline\", \"function\": \"Illuminate\\\\Pipeline\\\\{closure}\"}, {\"file\": \"/var/www/FuRSiE/vendor/laravel/framework/src/Illuminate/Pipeline/Pipeline.php\", \"line\": 180, \"type\": \"->\", \"class\": \"Illuminate\\\\Foundation\\\\Http\\\\Middleware\\\\ValidatePostSize\", \"function\": \"handle\"}, {\"file\": \"/var/www/FuRSiE/vendor/laravel/framework/src/Illuminate/Foundation/Http/Middleware/PreventRequestsDuringMaintenance.php\", \"line\": 86, \"type\": \"->\", \"class\": \"Illuminate\\\\Pipeline\\\\Pipeline\", \"function\": \"Illuminate\\\\Pipeline\\\\{closure}\"}, {\"file\": \"/var/www/FuRSiE/vendor/laravel/framework/src/Illuminate/Pipeline/Pipeline.php\", \"line\": 180, \"type\": \"->\", \"class\": \"Illuminate\\\\Foundation\\\\Http\\\\Middleware\\\\PreventRequestsDuringMaintenance\", \"function\": \"handle\"}, {\"file\": \"/var/www/FuRSiE/vendor/laravel/framework/src/Illuminate/Http/Middleware/HandleCors.php\", \"line\": 49, \"type\": \"->\", \"class\": \"Illuminate\\\\Pipeline\\\\Pipeline\", \"function\": \"Illuminate\\\\Pipeline\\\\{closure}\"}, {\"file\": \"/var/www/FuRSiE/vendor/laravel/framework/src/Illuminate/Pipeline/Pipeline.php\", \"line\": 180, \"type\": \"->\", \"class\": \"Illuminate\\\\Http\\\\Middleware\\\\HandleCors\", \"function\": \"handle\"}, {\"file\": \"/var/www/FuRSiE/vendor/laravel/framework/src/Illuminate/Http/Middleware/TrustProxies.php\", \"line\": 39, \"type\": \"->\", \"class\": \"Illuminate\\\\Pipeline\\\\Pipeline\", \"function\": \"Illuminate\\\\Pipeline\\\\{closure}\"}, {\"file\": \"/var/www/FuRSiE/vendor/laravel/framework/src/Illuminate/Pipeline/Pipeline.php\", \"line\": 180, \"type\": \"->\", \"class\": \"Illuminate\\\\Http\\\\Middleware\\\\TrustProxies\", \"function\": \"handle\"}, {\"file\": \"/var/www/FuRSiE/vendor/laravel/framework/src/Illuminate/Pipeline/Pipeline.php\", \"line\": 116, \"type\": \"->\", \"class\": \"Illuminate\\\\Pipeline\\\\Pipeline\", \"function\": \"Illuminate\\\\Pipeline\\\\{closure}\"}, {\"file\": \"/var/www/FuRSiE/vendor/laravel/framework/src/Illuminate/Foundation/Http/Kernel.php\", \"line\": 142, \"type\": \"->\", \"class\": \"Illuminate\\\\Pipeline\\\\Pipeline\", \"function\": \"then\"}, {\"file\": \"/var/www/FuRSiE/vendor/laravel/framework/src/Illuminate/Foundation/Http/Kernel.php\", \"line\": 111, \"type\": \"->\", \"class\": \"Illuminate\\\\Foundation\\\\Http\\\\Kernel\", \"function\": \"sendRequestThroughRouter\"}, {\"file\": \"/var/www/FuRSiE/public/index.php\", \"line\": 53, \"type\": \"->\", \"class\": \"Illuminate\\\\Foundation\\\\Http\\\\Kernel\", \"function\": \"handle\"}]}',
        1667382270),
       (12, 7, 43, '39bbb45d-ce95-4aac-bd0c-982474fe643a', 'error', 'error', 'CatalogProduct',
        '{\"line\": 716, \"class\": \"QueryException\", \"error\": \"SQLSTATE[23000]: Integrity constraint violation: 1062 Duplicate entry \'✶ Папоротник ✶\' for key \'title_UNIQUE\' (SQL: insert into `ax_catalog_product` (`category_id`, `render_id`, `is_favourites`, `is_watermark`, `is_comments`, `is_single`, `title_short`, `description`, `preview_description`, `sort`, `price`, `title`, `alias`, `created_at`, `is_published`, `url`, `updated_at`) values (2, ?, 0, 0, 0, 1, ?, ?, ?, ?, 1900, ✶ Папоротник ✶, paporotnik-1, 1667336400, 0, paporotnik-1, 1667384130))\", \"trace\": [{\"file\": \"/var/www/FuRSiE/vendor/laravel/framework/src/Illuminate/Database/Connection.php\", \"line\": 676, \"type\": \"->\", \"class\": \"Illuminate\\\\Database\\\\Connection\", \"function\": \"runQueryCallback\"}, {\"file\": \"/var/www/FuRSiE/vendor/laravel/framework/src/Illuminate/Database/Connection.php\", \"line\": 502, \"type\": \"->\", \"class\": \"Illuminate\\\\Database\\\\Connection\", \"function\": \"run\"}, {\"file\": \"/var/www/FuRSiE/vendor/laravel/framework/src/Illuminate/Database/Connection.php\", \"line\": 454, \"type\": \"->\", \"class\": \"Illuminate\\\\Database\\\\Connection\", \"function\": \"statement\"}, {\"file\": \"/var/www/FuRSiE/vendor/laravel/framework/src/Illuminate/Database/Query/Processors/Processor.php\", \"line\": 32, \"type\": \"->\", \"class\": \"Illuminate\\\\Database\\\\Connection\", \"function\": \"insert\"}, {\"file\": \"/var/www/FuRSiE/vendor/laravel/framework/src/Illuminate/Database/Query/Builder.php\", \"line\": 3221, \"type\": \"->\", \"class\": \"Illuminate\\\\Database\\\\Query\\\\Processors\\\\Processor\", \"function\": \"processInsertGetId\"}, {\"file\": \"/var/www/FuRSiE/vendor/laravel/framework/src/Illuminate/Database/Eloquent/Builder.php\", \"line\": 1707, \"type\": \"->\", \"class\": \"Illuminate\\\\Database\\\\Query\\\\Builder\", \"function\": \"insertGetId\"}, {\"file\": \"/var/www/FuRSiE/vendor/laravel/framework/src/Illuminate/Database/Eloquent/Model.php\", \"line\": 1190, \"type\": \"->\", \"class\": \"Illuminate\\\\Database\\\\Eloquent\\\\Builder\", \"function\": \"__call\"}, {\"file\": \"/var/www/FuRSiE/vendor/laravel/framework/src/Illuminate/Database/Eloquent/Model.php\", \"line\": 1155, \"type\": \"->\", \"class\": \"Illuminate\\\\Database\\\\Eloquent\\\\Model\", \"function\": \"insertAndSetId\"}, {\"file\": \"/var/www/FuRSiE/vendor/laravel/framework/src/Illuminate/Database/Eloquent/Model.php\", \"line\": 996, \"type\": \"->\", \"class\": \"Illuminate\\\\Database\\\\Eloquent\\\\Model\", \"function\": \"performInsert\"}, {\"file\": \"/var/www/FuRSiE/app/Common/Models/Main/SeoSetter.php\", \"line\": 54, \"type\": \"->\", \"class\": \"Illuminate\\\\Database\\\\Eloquent\\\\Model\", \"function\": \"save\"}, {\"file\": \"/var/www/FuRSiE/app/Common/Models/Catalog/Product/CatalogProduct.php\", \"line\": 206, \"type\": \"->\", \"class\": \"App\\\\Common\\\\Models\\\\Catalog\\\\Product\\\\CatalogProduct\", \"function\": \"safe\"}, {\"file\": \"/var/www/FuRSiE/app/Common/Modules/Web/Backend/Controllers/CatalogAjaxController.php\", \"line\": 63, \"type\": \"::\", \"class\": \"App\\\\Common\\\\Models\\\\Catalog\\\\Product\\\\CatalogProduct\", \"function\": \"createOrUpdate\"}, {\"file\": \"/var/www/FuRSiE/vendor/laravel/framework/src/Illuminate/Routing/Controller.php\", \"line\": 54, \"type\": \"->\", \"class\": \"Web\\\\Backend\\\\Controllers\\\\CatalogAjaxController\", \"function\": \"saveProduct\"}, {\"file\": \"/var/www/FuRSiE/vendor/laravel/framework/src/Illuminate/Routing/ControllerDispatcher.php\", \"line\": 45, \"type\": \"->\", \"class\": \"Illuminate\\\\Routing\\\\Controller\", \"function\": \"callAction\"}, {\"file\": \"/var/www/FuRSiE/vendor/laravel/framework/src/Illuminate/Routing/Route.php\", \"line\": 261, \"type\": \"->\", \"class\": \"Illuminate\\\\Routing\\\\ControllerDispatcher\", \"function\": \"dispatch\"}, {\"file\": \"/var/www/FuRSiE/vendor/laravel/framework/src/Illuminate/Routing/Route.php\", \"line\": 204, \"type\": \"->\", \"class\": \"Illuminate\\\\Routing\\\\Route\", \"function\": \"runController\"}, {\"file\": \"/var/www/FuRSiE/vendor/laravel/framework/src/Illuminate/Routing/Router.php\", \"line\": 728, \"type\": \"->\", \"class\": \"Illuminate\\\\Routing\\\\Route\", \"function\": \"run\"}, {\"file\": \"/var/www/FuRSiE/vendor/laravel/framework/src/Illuminate/Pipeline/Pipeline.php\", \"line\": 141, \"type\": \"->\", \"class\": \"Illuminate\\\\Routing\\\\Router\", \"function\": \"Illuminate\\\\Routing\\\\{closure}\"}, {\"file\": \"/var/www/FuRSiE/app/Common/Http/Middleware/Admin.php\", \"line\": 14, \"type\": \"->\", \"class\": \"Illuminate\\\\Pipeline\\\\Pipeline\", \"function\": \"Illuminate\\\\Pipeline\\\\{closure}\"}, {\"file\": \"/var/www/FuRSiE/vendor/laravel/framework/src/Illuminate/Pipeline/Pipeline.php\", \"line\": 180, \"type\": \"->\", \"class\": \"App\\\\Common\\\\Http\\\\Middleware\\\\Admin\", \"function\": \"handle\"}, {\"file\": \"/var/www/FuRSiE/vendor/laravel/framework/src/Illuminate/Routing/Middleware/SubstituteBindings.php\", \"line\": 50, \"type\": \"->\", \"class\": \"Illuminate\\\\Pipeline\\\\Pipeline\", \"function\": \"Illuminate\\\\Pipeline\\\\{closure}\"}, {\"file\": \"/var/www/FuRSiE/vendor/laravel/framework/src/Illuminate/Pipeline/Pipeline.php\", \"line\": 180, \"type\": \"->\", \"class\": \"Illuminate\\\\Routing\\\\Middleware\\\\SubstituteBindings\", \"function\": \"handle\"}, {\"file\": \"/var/www/FuRSiE/vendor/laravel/framework/src/Illuminate/Foundation/Http/Middleware/VerifyCsrfToken.php\", \"line\": 78, \"type\": \"->\", \"class\": \"Illuminate\\\\Pipeline\\\\Pipeline\", \"function\": \"Illuminate\\\\Pipeline\\\\{closure}\"}, {\"file\": \"/var/www/FuRSiE/vendor/laravel/framework/src/Illuminate/Pipeline/Pipeline.php\", \"line\": 180, \"type\": \"->\", \"class\": \"Illuminate\\\\Foundation\\\\Http\\\\Middleware\\\\VerifyCsrfToken\", \"function\": \"handle\"}, {\"file\": \"/var/www/FuRSiE/vendor/laravel/framework/src/Illuminate/View/Middleware/ShareErrorsFromSession.php\", \"line\": 49, \"type\": \"->\", \"class\": \"Illuminate\\\\Pipeline\\\\Pipeline\", \"function\": \"Illuminate\\\\Pipeline\\\\{closure}\"}, {\"file\": \"/var/www/FuRSiE/vendor/laravel/framework/src/Illuminate/Pipeline/Pipeline.php\", \"line\": 180, \"type\": \"->\", \"class\": \"Illuminate\\\\View\\\\Middleware\\\\ShareErrorsFromSession\", \"function\": \"handle\"}, {\"file\": \"/var/www/FuRSiE/vendor/laravel/framework/src/Illuminate/Session/Middleware/StartSession.php\", \"line\": 121, \"type\": \"->\", \"class\": \"Illuminate\\\\Pipeline\\\\Pipeline\", \"function\": \"Illuminate\\\\Pipeline\\\\{closure}\"}, {\"file\": \"/var/www/FuRSiE/vendor/laravel/framework/src/Illuminate/Session/Middleware/StartSession.php\", \"line\": 64, \"type\": \"->\", \"class\": \"Illuminate\\\\Session\\\\Middleware\\\\StartSession\", \"function\": \"handleStatefulRequest\"}, {\"file\": \"/var/www/FuRSiE/vendor/laravel/framework/src/Illuminate/Pipeline/Pipeline.php\", \"line\": 180, \"type\": \"->\", \"class\": \"Illuminate\\\\Session\\\\Middleware\\\\StartSession\", \"function\": \"handle\"}, {\"file\": \"/var/www/FuRSiE/vendor/laravel/framework/src/Illuminate/Cookie/Middleware/AddQueuedCookiesToResponse.php\", \"line\": 37, \"type\": \"->\", \"class\": \"Illuminate\\\\Pipeline\\\\Pipeline\", \"function\": \"Illuminate\\\\Pipeline\\\\{closure}\"}, {\"file\": \"/var/www/FuRSiE/vendor/laravel/framework/src/Illuminate/Pipeline/Pipeline.php\", \"line\": 180, \"type\": \"->\", \"class\": \"Illuminate\\\\Cookie\\\\Middleware\\\\AddQueuedCookiesToResponse\", \"function\": \"handle\"}, {\"file\": \"/var/www/FuRSiE/vendor/laravel/framework/src/Illuminate/Cookie/Middleware/EncryptCookies.php\", \"line\": 67, \"type\": \"->\", \"class\": \"Illuminate\\\\Pipeline\\\\Pipeline\", \"function\": \"Illuminate\\\\Pipeline\\\\{closure}\"}, {\"file\": \"/var/www/FuRSiE/vendor/laravel/framework/src/Illuminate/Pipeline/Pipeline.php\", \"line\": 180, \"type\": \"->\", \"class\": \"Illuminate\\\\Cookie\\\\Middleware\\\\EncryptCookies\", \"function\": \"handle\"}, {\"file\": \"/var/www/FuRSiE/vendor/laravel/framework/src/Illuminate/Pipeline/Pipeline.php\", \"line\": 116, \"type\": \"->\", \"class\": \"Illuminate\\\\Pipeline\\\\Pipeline\", \"function\": \"Illuminate\\\\Pipeline\\\\{closure}\"}, {\"file\": \"/var/www/FuRSiE/vendor/laravel/framework/src/Illuminate/Routing/Router.php\", \"line\": 730, \"type\": \"->\", \"class\": \"Illuminate\\\\Pipeline\\\\Pipeline\", \"function\": \"then\"}, {\"file\": \"/var/www/FuRSiE/vendor/laravel/framework/src/Illuminate/Routing/Router.php\", \"line\": 705, \"type\": \"->\", \"class\": \"Illuminate\\\\Routing\\\\Router\", \"function\": \"runRouteWithinStack\"}, {\"file\": \"/var/www/FuRSiE/vendor/laravel/framework/src/Illuminate/Routing/Router.php\", \"line\": 667, \"type\": \"->\", \"class\": \"Illuminate\\\\Routing\\\\Router\", \"function\": \"runRoute\"}, {\"file\": \"/var/www/FuRSiE/vendor/laravel/framework/src/Illuminate/Routing/Router.php\", \"line\": 656, \"type\": \"->\", \"class\": \"Illuminate\\\\Routing\\\\Router\", \"function\": \"dispatchToRoute\"}, {\"file\": \"/var/www/FuRSiE/vendor/laravel/framework/src/Illuminate/Foundation/Http/Kernel.php\", \"line\": 167, \"type\": \"->\", \"class\": \"Illuminate\\\\Routing\\\\Router\", \"function\": \"dispatch\"}, {\"file\": \"/var/www/FuRSiE/vendor/laravel/framework/src/Illuminate/Pipeline/Pipeline.php\", \"line\": 141, \"type\": \"->\", \"class\": \"Illuminate\\\\Foundation\\\\Http\\\\Kernel\", \"function\": \"Illuminate\\\\Foundation\\\\Http\\\\{closure}\"}, {\"file\": \"/var/www/FuRSiE/vendor/barryvdh/laravel-debugbar/src/Middleware/InjectDebugbar.php\", \"line\": 60, \"type\": \"->\", \"class\": \"Illuminate\\\\Pipeline\\\\Pipeline\", \"function\": \"Illuminate\\\\Pipeline\\\\{closure}\"}, {\"file\": \"/var/www/FuRSiE/vendor/laravel/framework/src/Illuminate/Pipeline/Pipeline.php\", \"line\": 180, \"type\": \"->\", \"class\": \"Barryvdh\\\\Debugbar\\\\Middleware\\\\InjectDebugbar\", \"function\": \"handle\"}, {\"file\": \"/var/www/FuRSiE/vendor/laravel/framework/src/Illuminate/Foundation/Http/Middleware/TransformsRequest.php\", \"line\": 21, \"type\": \"->\", \"class\": \"Illuminate\\\\Pipeline\\\\Pipeline\", \"function\": \"Illuminate\\\\Pipeline\\\\{closure}\"}, {\"file\": \"/var/www/FuRSiE/vendor/laravel/framework/src/Illuminate/Foundation/Http/Middleware/ConvertEmptyStringsToNull.php\", \"line\": 31, \"type\": \"->\", \"class\": \"Illuminate\\\\Foundation\\\\Http\\\\Middleware\\\\TransformsRequest\", \"function\": \"handle\"}, {\"file\": \"/var/www/FuRSiE/vendor/laravel/framework/src/Illuminate/Pipeline/Pipeline.php\", \"line\": 180, \"type\": \"->\", \"class\": \"Illuminate\\\\Foundation\\\\Http\\\\Middleware\\\\ConvertEmptyStringsToNull\", \"function\": \"handle\"}, {\"file\": \"/var/www/FuRSiE/vendor/laravel/framework/src/Illuminate/Foundation/Http/Middleware/TransformsRequest.php\", \"line\": 21, \"type\": \"->\", \"class\": \"Illuminate\\\\Pipeline\\\\Pipeline\", \"function\": \"Illuminate\\\\Pipeline\\\\{closure}\"}, {\"file\": \"/var/www/FuRSiE/vendor/laravel/framework/src/Illuminate/Foundation/Http/Middleware/TrimStrings.php\", \"line\": 40, \"type\": \"->\", \"class\": \"Illuminate\\\\Foundation\\\\Http\\\\Middleware\\\\TransformsRequest\", \"function\": \"handle\"}, {\"file\": \"/var/www/FuRSiE/vendor/laravel/framework/src/Illuminate/Pipeline/Pipeline.php\", \"line\": 180, \"type\": \"->\", \"class\": \"Illuminate\\\\Foundation\\\\Http\\\\Middleware\\\\TrimStrings\", \"function\": \"handle\"}, {\"file\": \"/var/www/FuRSiE/vendor/laravel/framework/src/Illuminate/Foundation/Http/Middleware/ValidatePostSize.php\", \"line\": 27, \"type\": \"->\", \"class\": \"Illuminate\\\\Pipeline\\\\Pipeline\", \"function\": \"Illuminate\\\\Pipeline\\\\{closure}\"}, {\"file\": \"/var/www/FuRSiE/vendor/laravel/framework/src/Illuminate/Pipeline/Pipeline.php\", \"line\": 180, \"type\": \"->\", \"class\": \"Illuminate\\\\Foundation\\\\Http\\\\Middleware\\\\ValidatePostSize\", \"function\": \"handle\"}, {\"file\": \"/var/www/FuRSiE/vendor/laravel/framework/src/Illuminate/Foundation/Http/Middleware/PreventRequestsDuringMaintenance.php\", \"line\": 86, \"type\": \"->\", \"class\": \"Illuminate\\\\Pipeline\\\\Pipeline\", \"function\": \"Illuminate\\\\Pipeline\\\\{closure}\"}, {\"file\": \"/var/www/FuRSiE/vendor/laravel/framework/src/Illuminate/Pipeline/Pipeline.php\", \"line\": 180, \"type\": \"->\", \"class\": \"Illuminate\\\\Foundation\\\\Http\\\\Middleware\\\\PreventRequestsDuringMaintenance\", \"function\": \"handle\"}, {\"file\": \"/var/www/FuRSiE/vendor/laravel/framework/src/Illuminate/Http/Middleware/HandleCors.php\", \"line\": 49, \"type\": \"->\", \"class\": \"Illuminate\\\\Pipeline\\\\Pipeline\", \"function\": \"Illuminate\\\\Pipeline\\\\{closure}\"}, {\"file\": \"/var/www/FuRSiE/vendor/laravel/framework/src/Illuminate/Pipeline/Pipeline.php\", \"line\": 180, \"type\": \"->\", \"class\": \"Illuminate\\\\Http\\\\Middleware\\\\HandleCors\", \"function\": \"handle\"}, {\"file\": \"/var/www/FuRSiE/vendor/laravel/framework/src/Illuminate/Http/Middleware/TrustProxies.php\", \"line\": 39, \"type\": \"->\", \"class\": \"Illuminate\\\\Pipeline\\\\Pipeline\", \"function\": \"Illuminate\\\\Pipeline\\\\{closure}\"}, {\"file\": \"/var/www/FuRSiE/vendor/laravel/framework/src/Illuminate/Pipeline/Pipeline.php\", \"line\": 180, \"type\": \"->\", \"class\": \"Illuminate\\\\Http\\\\Middleware\\\\TrustProxies\", \"function\": \"handle\"}, {\"file\": \"/var/www/FuRSiE/vendor/laravel/framework/src/Illuminate/Pipeline/Pipeline.php\", \"line\": 116, \"type\": \"->\", \"class\": \"Illuminate\\\\Pipeline\\\\Pipeline\", \"function\": \"Illuminate\\\\Pipeline\\\\{closure}\"}, {\"file\": \"/var/www/FuRSiE/vendor/laravel/framework/src/Illuminate/Foundation/Http/Kernel.php\", \"line\": 142, \"type\": \"->\", \"class\": \"Illuminate\\\\Pipeline\\\\Pipeline\", \"function\": \"then\"}, {\"file\": \"/var/www/FuRSiE/vendor/laravel/framework/src/Illuminate/Foundation/Http/Kernel.php\", \"line\": 111, \"type\": \"->\", \"class\": \"Illuminate\\\\Foundation\\\\Http\\\\Kernel\", \"function\": \"sendRequestThroughRouter\"}, {\"file\": \"/var/www/FuRSiE/public/index.php\", \"line\": 53, \"type\": \"->\", \"class\": \"Illuminate\\\\Foundation\\\\Http\\\\Kernel\", \"function\": \"handle\"}]}',
        1667384131),
       (13, 7, 43, 'd2761e20-59d6-4d0d-868a-bf4843634f92', 'error', 'error', 'DocumentAjaxController',
        '{\"contents.63624B7F5261B731820502.price_out\": [\"Значение поля contents.63624B7F5261B731820502.price_out должно быть не меньше 1.\"], \"contents.63624B7F527AC777976112.price_out\": [\"Значение поля contents.63624B7F527AC777976112.price_out должно быть не меньше 1.\"], \"contents.63624B7F52856369893782.price_out\": [\"Значение поля contents.63624B7F52856369893782.price_out должно быть не меньше 1.\"], \"contents.63624B7F528FD244691626.price_out\": [\"Значение поля contents.63624B7F528FD244691626.price_out должно быть не меньше 1.\"], \"contents.63624B7F52995381007602.price_out\": [\"Значение поля contents.63624B7F52995381007602.price_out должно быть не меньше 1.\"], \"contents.63624B7F52A26792109982.price_out\": [\"Значение поля contents.63624B7F52A26792109982.price_out должно быть не меньше 1.\"], \"contents.63624B7F52B05124275065.price_out\": [\"Значение поля contents.63624B7F52B05124275065.price_out должно быть не меньше 1.\"], \"contents.63624B7F52C3B686573075.price_out\": [\"Значение поля contents.63624B7F52C3B686573075.price_out должно быть не меньше 1.\"], \"contents.63624B7F52D10806636521.price_out\": [\"Значение поля contents.63624B7F52D10806636521.price_out должно быть не меньше 1.\"], \"contents.63624B7F52DA5274534999.price_out\": [\"Значение поля contents.63624B7F52DA5274534999.price_out должно быть не меньше 1.\"], \"contents.63624B7F52E43804776967.price_out\": [\"Значение поля contents.63624B7F52E43804776967.price_out должно быть не меньше 1.\"], \"contents.63624B7F52EE3686013090.price_out\": [\"Значение поля contents.63624B7F52EE3686013090.price_out должно быть не меньше 1.\"], \"contents.63624B7F52F85533861604.price_out\": [\"Значение поля contents.63624B7F52F85533861604.price_out должно быть не меньше 1.\"], \"contents.63624B7F53039917250353.price_out\": [\"Значение поля contents.63624B7F53039917250353.price_out должно быть не меньше 1.\"], \"contents.63624B7F5310A787600339.price_out\": [\"Значение поля contents.63624B7F5310A787600339.price_out должно быть не меньше 1.\"], \"contents.63624B7F531B4127958123.price_out\": [\"Значение поля contents.63624B7F531B4127958123.price_out должно быть не меньше 1.\"], \"contents.63624B7F53244025955937.price_out\": [\"Значение поля contents.63624B7F53244025955937.price_out должно быть не меньше 1.\"], \"contents.63624B7F532E1652758391.price_out\": [\"Значение поля contents.63624B7F532E1652758391.price_out должно быть не меньше 1.\"], \"contents.63624B7F53376388809320.price_out\": [\"Значение поля contents.63624B7F53376388809320.price_out должно быть не меньше 1.\"], \"contents.63624B7F5343E843576150.price_out\": [\"Значение поля contents.63624B7F5343E843576150.price_out должно быть не меньше 1.\"], \"contents.63624B7F534A0882862469.price_out\": [\"Значение поля contents.63624B7F534A0882862469.price_out должно быть не меньше 1.\"], \"contents.63624B7F5350D371941813.price_out\": [\"Значение поля contents.63624B7F5350D371941813.price_out должно быть не меньше 1.\"], \"contents.63624B7F53574913122216.price_out\": [\"Значение поля contents.63624B7F53574913122216.price_out должно быть не меньше 1.\"], \"contents.63624B7F535D3349941171.price_out\": [\"Значение поля contents.63624B7F535D3349941171.price_out должно быть не меньше 1.\"], \"contents.63624B7F5363A767565190.price_out\": [\"Значение поля contents.63624B7F5363A767565190.price_out должно быть не меньше 1.\"], \"contents.63624B7F53699293417595.price_out\": [\"Значение поля contents.63624B7F53699293417595.price_out должно быть не меньше 1.\"], \"contents.63624B7F53701049797201.price_out\": [\"Значение поля contents.63624B7F53701049797201.price_out должно быть не меньше 1.\"], \"contents.63624B7F5376A126974628.price_out\": [\"Значение поля contents.63624B7F5376A126974628.price_out должно быть не меньше 1.\"], \"contents.63624B7F537D7062199737.price_out\": [\"Значение поля contents.63624B7F537D7062199737.price_out должно быть не меньше 1.\"], \"contents.63624B7F5383C477003678.price_out\": [\"Значение поля contents.63624B7F5383C477003678.price_out должно быть не меньше 1.\"], \"contents.63624B7F538A2918951754.price_out\": [\"Значение поля contents.63624B7F538A2918951754.price_out должно быть не меньше 1.\"], \"contents.63624B7F53901528968518.price_out\": [\"Значение поля contents.63624B7F53901528968518.price_out должно быть не меньше 1.\"], \"contents.63624B7F539B7053927780.price_out\": [\"Значение поля contents.63624B7F539B7053927780.price_out должно быть не меньше 1.\"], \"contents.63624B7F53A39866946447.price_out\": [\"Значение поля contents.63624B7F53A39866946447.price_out должно быть не меньше 1.\"], \"contents.63624B7F53D4D490918850.price_out\": [\"Значение поля contents.63624B7F53D4D490918850.price_out должно быть не меньше 1.\"], \"contents.63624B7F53E69589483178.price_out\": [\"Значение поля contents.63624B7F53E69589483178.price_out должно быть не меньше 1.\"], \"contents.63624B7F53F62279477843.price_out\": [\"Значение поля contents.63624B7F53F62279477843.price_out должно быть не меньше 1.\"]}',
        1667386252),
       (14, 7, 43, 'a1c2ced2-8e58-4672-9b96-7057d4db342a', 'error', 'error', 'DocumentAjaxController',
        '{\"contents.6362BA65200FA738883718.price_out\": [\"Значение поля contents.6362BA65200FA738883718.price_out должно быть не меньше 1.\"], \"contents.6362BA6520291320193160.price_out\": [\"Значение поля contents.6362BA6520291320193160.price_out должно быть не меньше 1.\"], \"contents.6362BA652033D567204780.price_out\": [\"Значение поля contents.6362BA652033D567204780.price_out должно быть не меньше 1.\"], \"contents.6362BA65203EF931037657.price_out\": [\"Значение поля contents.6362BA65203EF931037657.price_out должно быть не меньше 1.\"], \"contents.6362BA6520495077422349.price_out\": [\"Значение поля contents.6362BA6520495077422349.price_out должно быть не меньше 1.\"], \"contents.6362BA6520530034826751.price_out\": [\"Значение поля contents.6362BA6520530034826751.price_out должно быть не меньше 1.\"]}',
        1667414638);

TRUNCATE `ax_main_migration`;
INSERT INTO `ax_main_migration` (`id`, `migration`, `batch`)
VALUES (1, '2022_07_11_193948_dump', 1);

TRUNCATE `ax_main_page_settings`;

TRUNCATE `ax_main_redirect`;

TRUNCATE `ax_main_seo`;
INSERT INTO `ax_main_seo` (`id`, `resource`, `resource_id`, `title`, `description`, `created_at`, `updated_at`,
                           `deleted_at`)
VALUES (1, 'ax_catalog_product', 55, NULL, NULL, 1656279591, 1656279591, NULL),
       (2, 'ax_catalog_product', 53, NULL, NULL, 1656324763, 1656324763, NULL),
       (3, 'ax_catalog_product', 56, NULL, NULL, 1656326085, 1656326085, NULL),
       (4, 'ax_catalog_product', 57, NULL, NULL, 1656327069, 1656327069, NULL),
       (5, 'ax_catalog_product', 58, NULL, NULL, 1656327903, 1656327903, NULL),
       (6, 'ax_catalog_product', 59, NULL, NULL, 1656328324, 1656328324, NULL),
       (7, 'ax_catalog_product', 60, NULL, NULL, 1656329296, 1656329296, NULL),
       (8, 'ax_catalog_product', 61, NULL, NULL, 1656329802, 1656329802, NULL),
       (9, 'ax_catalog_product', 62, NULL, NULL, 1656330555, 1656330555, NULL),
       (10, 'ax_catalog_product', 63, NULL, NULL, 1656331248, 1656331248, NULL),
       (11, 'ax_catalog_product', 64, NULL, NULL, 1656339124, 1656339124, NULL),
       (12, 'ax_catalog_product', 65, NULL, NULL, 1656339649, 1656339649, NULL),
       (13, 'ax_page', 2, NULL, NULL, 1656340820, 1656340820, NULL),
       (14, 'ax_catalog_product', 66, NULL, NULL, 1659976602, 1659976602, NULL),
       (15, 'ax_catalog_product', 67, NULL, NULL, 1659976943, 1659976943, NULL),
       (16, 'ax_catalog_product', 68, NULL, NULL, 1659977608, 1659977608, NULL),
       (17, 'ax_catalog_product', 69, NULL, NULL, 1659977888, 1659977888, NULL),
       (18, 'ax_catalog_product', 70, NULL, NULL, 1659978247, 1659978247, NULL),
       (19, 'ax_catalog_product', 71, NULL, NULL, 1659978712, 1659978712, NULL),
       (20, 'ax_catalog_product', 72, NULL, NULL, 1659978904, 1659978904, NULL),
       (21, 'ax_catalog_product', 73, NULL, NULL, 1659979509, 1659979509, NULL),
       (22, 'ax_catalog_product', 74, NULL, NULL, 1659979681, 1659979681, NULL),
       (23, 'ax_catalog_product', 75, NULL, NULL, 1659979847, 1659979847, NULL),
       (24, 'ax_catalog_product', 76, NULL, NULL, 1659980279, 1659980279, NULL),
       (25, 'ax_catalog_product', 77, NULL, NULL, 1664609162, 1664609162, NULL),
       (26, 'ax_catalog_product', 78, NULL, NULL, 1666381464, 1666381464, NULL),
       (27, 'ax_catalog_product', 79, NULL, NULL, 1666382524, 1666382524, NULL),
       (28, 'ax_catalog_product', 80, NULL, NULL, 1667374276, 1667374276, NULL),
       (29, 'ax_catalog_product', 81, NULL, NULL, 1667374562, 1667374562, NULL),
       (30, 'ax_catalog_product', 82, NULL, NULL, 1667374812, 1667374812, NULL),
       (31, 'ax_catalog_product', 83, NULL, NULL, 1667375010, 1667375010, NULL),
       (32, 'ax_catalog_product', 84, NULL, NULL, 1667375269, 1667375269, NULL),
       (33, 'ax_catalog_product', 85, NULL, NULL, 1667375549, 1667375549, NULL),
       (34, 'ax_catalog_product', 86, NULL, NULL, 1667375790, 1667375790, NULL),
       (35, 'ax_catalog_product', 87, NULL, NULL, 1667376017, 1667376017, NULL),
       (36, 'ax_catalog_product', 88, NULL, NULL, 1667376219, 1667376219, NULL),
       (37, 'ax_catalog_product', 91, NULL, NULL, 1667377514, 1667377514, NULL),
       (38, 'ax_catalog_product', 92, NULL, NULL, 1667377799, 1667377799, NULL),
       (39, 'ax_catalog_product', 93, NULL, NULL, 1667378053, 1667378053, NULL),
       (40, 'ax_catalog_product', 94, NULL, NULL, 1667378703, 1667378703, NULL),
       (41, 'ax_catalog_product', 95, NULL, NULL, 1667379095, 1667379095, NULL),
       (42, 'ax_catalog_product', 96, NULL, NULL, 1667379303, 1667379303, NULL),
       (43, 'ax_catalog_product', 97, NULL, NULL, 1667379524, 1667379524, NULL),
       (44, 'ax_catalog_product', 98, NULL, NULL, 1667379796, 1667379796, NULL),
       (45, 'ax_catalog_product', 99, NULL, NULL, 1667380233, 1667380233, NULL),
       (46, 'ax_catalog_product', 100, NULL, NULL, 1667380438, 1667380438, NULL),
       (47, 'ax_catalog_product', 101, NULL, NULL, 1667380850, 1667380850, NULL),
       (48, 'ax_catalog_product', 102, NULL, NULL, 1667381105, 1667381105, NULL),
       (49, 'ax_catalog_product', 103, NULL, NULL, 1667381270, 1667381270, NULL),
       (50, 'ax_catalog_product', 104, NULL, NULL, 1667381593, 1667381593, NULL),
       (51, 'ax_catalog_product', 105, NULL, NULL, 1667381764, 1667381764, NULL),
       (52, 'ax_catalog_product', 106, NULL, NULL, 1667382059, 1667382059, NULL),
       (53, 'ax_catalog_product', 108, NULL, NULL, 1667382297, 1667382297, NULL),
       (54, 'ax_catalog_product', 109, NULL, NULL, 1667382556, 1667382556, NULL),
       (55, 'ax_catalog_product', 110, NULL, NULL, 1667382801, 1667382801, NULL),
       (56, 'ax_catalog_product', 111, NULL, NULL, 1667382937, 1667382937, NULL),
       (57, 'ax_catalog_product', 112, NULL, NULL, 1667383211, 1667383211, NULL),
       (58, 'ax_catalog_product', 113, NULL, NULL, 1667383453, 1667383453, NULL),
       (59, 'ax_catalog_product', 114, NULL, NULL, 1667383640, 1667383640, NULL),
       (60, 'ax_catalog_product', 115, NULL, NULL, 1667383806, 1667383806, NULL),
       (61, 'ax_catalog_product', 116, NULL, NULL, 1667383945, 1667383945, NULL),
       (62, 'ax_catalog_product', 118, NULL, NULL, 1667384251, 1667384251, NULL),
       (63, 'ax_catalog_product', 119, NULL, NULL, 1667384405, 1667384405, NULL),
       (64, 'ax_catalog_product', 120, NULL, NULL, 1667384621, 1667384621, NULL),
       (65, 'ax_catalog_product', 121, NULL, NULL, 1667412921, 1667412921, NULL),
       (66, 'ax_catalog_product', 122, NULL, NULL, 1667413219, 1667413219, NULL),
       (67, 'ax_catalog_product', 123, NULL, NULL, 1667413424, 1667413424, NULL),
       (68, 'ax_catalog_product', 124, NULL, NULL, 1667413938, 1667413938, NULL),
       (69, 'ax_catalog_product', 125, NULL, NULL, 1667414188, 1667414188, NULL),
       (70, 'ax_catalog_product', 126, NULL, NULL, 1667414462, 1667414462, NULL);

TRUNCATE `ax_main_setting`;

TRUNCATE `ax_menu`;

TRUNCATE `ax_menu_has_resource`;

TRUNCATE `ax_menu_item`;

TRUNCATE `ax_page`;
INSERT INTO `ax_page` (`id`, `render_id`, `is_published`, `is_favourites`, `is_comments`, `is_watermark`, `url`,
                       `alias`, `title`, `title_short`, `description`, `image`, `media`, `hits`, `sort`, `created_at`,
                       `updated_at`, `deleted_at`)
VALUES (1, 1, 0, 0, 0, 0, 'history', 'history', 'История', NULL,
        '\n            <p class=\"history__paragraph\">\n                Привет, я Ира, и я делаю кухонные доски для Вас.\n            </p>\n            <p class=\"history__paragraph\">\n                Расскажу вам краткую историю как все началось.\n            </p>\n            <p class=\"history__paragraph\">\n                Возвращаясь после очередной поездки в горы, заряженные энергией природы, мы с супругом, как всегда,\n                всю дорогу разговаривали, обсуждая наши планы и как их можно реализовать.\n            </p>\n            <p class=\"history__paragraph\">\n                В один момент говорю ему, я хочу что-то создавать! Создавать сама, создавать такое, чтоб нравилось мне, чтоб получала удовольствие от процесса, и чтобы это было нужно и полезно людям.\n            </p>\n            <p class=\"history__paragraph\">\n                На тот момент я даже не подозревала о своей любви к дереву, что смогу работать с таки не простым материалом, ведь это совсем не легкий труд и прямо скажем не для девочки.\n            </p>\n            <p class=\"history__paragraph\">\n                В это время я трудилась в компании, в чистом, комфортном офисе.\n                Я понятия не имела что такого хочу создавать, но создавать я хотела это точно.\n            </p>\n            <p class=\"history__paragraph\">\n                Так произошло, что, приехав в гости к родителям, мы обнаружили у них в подвале доски из дуба, которые папа зачем-то туда положил много лет назад. И эти доски поехали к нам.\n            </p>\n            <p class=\"history__paragraph\">\n                Дело было перед новым годом, и мы решили из этого дуба сделать всем родным подарки в виде торцевых разделочных досок. Даже и не знаю почему мы это решили, наверное, судьба.\n            </p>\n            <p class=\"history__paragraph\">\n                Посмотрев кучу видео, как сие чудо делается, мы принялись за дело.\n                И у нас получилось это самое чудо, не с первого раза конечно, но получилось.\n            </p>\n            <p class=\"history__paragraph\">\n                Родные были в восторге от таких подарков, не веря, что они сделаны нами. Но мы были убедительны.\n            </p>\n            <p class=\"history__paragraph\">\n                Мне настолько понравился процесс их создания, я была полностью захвачена им. Особенно моментом, после финального распила, когда бруски переворачиваются торцами вверх, происходит магия. Появляется рисунок, рисунок, который создала сама природа. Он прекрасен, и повторить его невозможно, от слова совсем. Наверное, в этот момент я обнаружила свою страсть и любовь к этому замечательному ремеслу.\n            </p>\n            <p class=\"history__paragraph\">\n                Так как у супруга нет времени мне помогать, и я взялась за дело сама.\n            </p>\n            <p class=\"history__paragraph\">\n                Выяснилось, что не получится совмещать работу с деревом и работу в офисе, мы приняли решение о моем увольнение, и я ушла с основного места работы в свободное плавание, в шумную, пыльную мастерскую.\n            </p>\n            <p class=\"history__paragraph\">\n                Так я начала делать торцевые разделочные доски.\n            </p>\n            <p class=\"history__paragraph\">\n                В один прекрасный момент, мне попалась широкая необрезная доска, отстрогав ее я увидела потрясающий рисунок дерева, решила его не распускать на брус, а отложить.\n            </p>\n            <p class=\"history__paragraph\">\n                Так пришла мысль сделать доску из массива.\n            </p>\n            <p class=\"history__paragraph\">\n                Изготовив несколько досок, захотелось добавить что-то, какую-то изюминку, вишенку на торте.\n            </p>\n            <p class=\"history__paragraph\">\n                Пришла идея нанести рисунок с помощью обычного советского выжигателя.\n                Фокус не удался, мощность маловата, доска же из дуба.\n            </p>\n            <p class=\"history__paragraph\">\n                Так я приобрела себе профессиональный пирограф.\n            </p>\n            <p class=\"history__paragraph\">\n                С ним все получилось и понеслось. Хотелось выжигать на всех досках, а так как на торцевых такой возможности нет, я перешла на изделия из массива.\n            </p>\n            <p class=\"history__paragraph\">\n                Выпиливаю разные формы, подбираю к каждой рисунок, и получается вот такая уникальная доска, единственная в своем роде.\n            </p>\n            <p class=\"history__paragraph\">\n                Вот краткая история как я нашла себя в деревообработке.\n            </p>\n            <p class=\"history__paragraph\">\n                Все изделия, которые видите на сайте, сделано мной вручную. Я не пользуюсь современным оборудованием, которым управляет компьютер, станок с ЧПУ и лазер.\n            </p>\n            <p class=\"history__paragraph\">\n                Это говорит о том, что изделия не будут абсолютно одинаковыми.\n            </p>\n            <p class=\"history__paragraph\">\n                Форму доски подсказывает само дерево, рисунок наношу пирографом (возжигателем).\n            </p>\n            <p class=\"history__paragraph\">\n                В финишной обработке предпочитаю использовать только натуральные и безопасные материалы для человека и его здоровья.\n                Всё, чего касаются продукты, должно быть безопасным.\n            </p>\n            <p class=\"history__paragraph\">\n                Я против тонирующих и красящих веществ на химической основе. Да, они придают красивые цвета и оттенки, но как по мне, это не безопасно.\n            </p>\n            <p class=\"history__paragraph\">\n                Все цвета изделий что вы видите, это натуральный цвет дерева.\n            </p>\n            <p class=\"history__paragraph\">\n                Как сказал мой коллега: «Я считаю, что истинное мастерство, функциональность и простота, которые воплощают в жизнь ремесленные изделия, являются наиболее важными аспектами деревообработки.»\n            </p>\n        ',
        NULL, NULL, 0, NULL, 1651608268, 1651608268, NULL),
       (2, 2, 0, 0, 0, 0, 'portfolio', 'portfolio', 'Портфолио', NULL, NULL, NULL, NULL, 0, NULL, 1651608268,
        1651608268, NULL),
       (3, 3, 0, 0, 0, 0, 'contact', 'contact', 'Контакты', NULL, NULL, NULL, NULL, 0, NULL, 1651608269, 1651608269,
        NULL);

TRUNCATE `ax_phone`;

TRUNCATE `ax_phone_has_resource`;

TRUNCATE `ax_post`;

TRUNCATE `ax_post_category`;

TRUNCATE `ax_render`;
INSERT INTO `ax_render` (`id`, `title`, `name`, `resource`, `created_at`, `updated_at`, `deleted_at`)
VALUES (1, 'Шаблон для страницы \"История\"', 'history', 'ax_page', 1651608268, 1651608268, NULL),
       (2, 'Шаблон для страницы \"Портфолио\"', 'portfolio', 'ax_page', 1651608268, 1651608268, NULL),
       (3, 'Шаблон для страницы \"Контакты\"', 'contact', 'ax_page', 1651608268, 1651608268, NULL);

SET NAMES utf8mb4;

TRUNCATE `ax_rights_model_has_permissions`;

TRUNCATE `ax_rights_model_has_roles`;
INSERT INTO `ax_rights_model_has_roles` (`role_id`, `model_type`, `model_id`)
VALUES (1, 'App\\Common\\Models\\User\\UserWeb', 6),
       (2, 'App\\Common\\Models\\User\\UserWeb', 6),
       (1, 'App\\Common\\Models\\User\\UserWeb', 7),
       (2, 'App\\Common\\Models\\User\\UserWeb', 7);

TRUNCATE `ax_rights_permissions`;
INSERT INTO `ax_rights_permissions` (`id`, `name`, `guard_name`, `created_at`, `updated_at`)
VALUES (1, 'entrance_allowed', 'web', '2022-05-03 20:04:28', '2022-05-03 20:04:28');

TRUNCATE `ax_rights_roles`;
INSERT INTO `ax_rights_roles` (`id`, `name`, `guard_name`, `created_at`, `updated_at`)
VALUES (1, 'admin', 'web', '2022-05-03 20:04:28', '2022-05-03 20:04:28'),
       (2, 'employee', 'web', '2022-05-03 20:04:28', '2022-05-03 20:04:28');

TRUNCATE `ax_rights_role_has_permissions`;
INSERT INTO `ax_rights_role_has_permissions` (`permission_id`, `role_id`)
VALUES (1, 2);

TRUNCATE `ax_tag`;

TRUNCATE `ax_tag_has_resource`;

TRUNCATE `ax_unit_okei`;
INSERT INTO `ax_unit_okei` (`id`, `code`, `title`, `national_symbol`, `national_code`, `international_symbol`,
                            `international_code`, `description`, `sort`, `image`, `created_at`, `updated_at`,
                            `deleted_at`)
VALUES (1, '003', 'Миллиметр', 'мм', 'mm', 'ММ', 'MMT', NULL, NULL, NULL, 1651608269, 1651608269, NULL),
       (2, '004', 'Сантиметр', 'см', 'cm', 'СМ', 'CMT', NULL, NULL, NULL, 1651608269, 1651608269, NULL),
       (3, '005', 'Дециметр', 'дм', 'dm', 'ДМ', 'DMT', NULL, NULL, NULL, 1651608269, 1651608269, NULL),
       (4, '006', 'Метр', 'м', 'm', 'М', 'MTR', NULL, NULL, NULL, 1651608269, 1651608269, NULL),
       (5, '008', 'Километр; тысяча метров', 'км; 10^3 м', 'km', 'КМ; ТЫС М', 'KMT', NULL, NULL, NULL, 1651608269,
        1651608269, NULL),
       (6, '009', 'Мегаметр; миллион метров', 'Мм; 10^6 м', 'Mm', 'МЕГАМ; МЛН М', 'MAM', NULL, NULL, NULL, 1651608269,
        1651608269, NULL),
       (7, '039', 'Дюйм (25,4 мм)', 'дюйм', 'in', 'ДЮЙМ', 'INH', NULL, NULL, NULL, 1651608269, 1651608269, NULL),
       (8, '041', 'Фут (0,3048 м)', 'фут', 'ft', 'ФУТ', 'FOT', NULL, NULL, NULL, 1651608269, 1651608269, NULL),
       (9, '043', 'Ярд (0,9144 м)', 'ярд', 'yd', 'ЯРД', 'YRD', NULL, NULL, NULL, 1651608269, 1651608269, NULL),
       (10, '047', 'Морская миля (1852 м)', 'миля', 'n mile', 'МИЛЬ', 'NMI', NULL, NULL, NULL, 1651608269, 1651608269,
        NULL),
       (11, '050', 'Квадратный миллиметр', 'мм^2', 'mm^2', 'ММ2', 'MMK', NULL, NULL, NULL, 1651608269, 1651608269,
        NULL),
       (12, '051', 'Квадратный сантиметр', 'см^2', 'cm^2', 'СМ2', 'CMK', NULL, NULL, NULL, 1651608269, 1651608269,
        NULL),
       (13, '053', 'Квадратный дециметр', 'дм^2', 'dm^2', 'ДМ2', 'DMK', NULL, NULL, NULL, 1651608269, 1651608269, NULL),
       (14, '055', 'Квадратный метр', 'м^2', 'm^2', 'М2', 'MTK', NULL, NULL, NULL, 1651608269, 1651608269, NULL),
       (15, '058', 'Тысяча квадратных метров', '10^3 м^2', 'daa', 'ТЫС М2', 'DAA', NULL, NULL, NULL, 1651608269,
        1651608269, NULL),
       (16, '059', 'Гектар', 'га', 'ha', 'ГА', 'HAR', NULL, NULL, NULL, 1651608269, 1651608269, NULL),
       (17, '061', 'Квадратный километр', 'км^2', 'km^2', 'КМ2', 'KMK', NULL, NULL, NULL, 1651608269, 1651608269, NULL),
       (18, '071', 'Квадратный дюйм (645,16 мм^2)', 'дюйм^2', 'in^2', 'ДЮЙМ2', 'INK', NULL, NULL, NULL, 1651608269,
        1651608269, NULL),
       (19, '073', 'Квадратный фут (0,092903 м^2)', 'фут^2', 'ft^2', 'ФУТ2', 'FTK', NULL, NULL, NULL, 1651608269,
        1651608269, NULL),
       (20, '075', 'Квадратный ярд (0,8361274 м^2)', 'ярд^2', 'yd^2', 'ЯРД2', 'YDK', NULL, NULL, NULL, 1651608269,
        1651608269, NULL),
       (21, '109', 'Ар (100 м^2)', 'а', 'a', 'АР', 'ARE', NULL, NULL, NULL, 1651608269, 1651608269, NULL),
       (22, '110', 'Кубический миллиметр', 'мм^3', 'mm^3', 'ММ3', 'MMQ', NULL, NULL, NULL, 1651608269, 1651608269,
        NULL),
       (23, '111', 'Кубический сантиметр; миллилитр', 'см^3; мл', 'cm^3; ml', 'СМ3; МЛ', 'CMQ; MLT', NULL, NULL, NULL,
        1651608269, 1651608269, NULL),
       (24, '112', 'Литр; кубический дециметр', 'л; дм^3', 'I; L; dm^3', 'Л; ДМ3', 'LTR; DMQ', NULL, NULL, NULL,
        1651608269, 1651608269, NULL),
       (25, '113', 'Кубический метр', 'м^3', 'm^3', 'М3', 'MTQ', NULL, NULL, NULL, 1651608269, 1651608269, NULL),
       (26, '118', 'Децилитр', 'дл', 'dl', 'ДЛ', 'DLT', NULL, NULL, NULL, 1651608269, 1651608269, NULL),
       (27, '122', 'Гектолитр', 'гл', 'hl', 'ГЛ', 'HLT', NULL, NULL, NULL, 1651608269, 1651608269, NULL),
       (28, '126', 'Мегалитр', 'Мл', 'Ml', 'МЕГАЛ', 'MAL', NULL, NULL, NULL, 1651608269, 1651608269, NULL),
       (29, '131', 'Кубический дюйм (16387,1 мм^3)', 'дюйм^3', 'in^3', 'ДЮЙМ3', 'INQ', NULL, NULL, NULL, 1651608269,
        1651608269, NULL),
       (30, '132', 'Кубический фут (0,02831685 м^3)', 'фут^3', 'ft^3', 'ФУТ3', 'FTQ', NULL, NULL, NULL, 1651608269,
        1651608269, NULL),
       (31, '133', 'Кубический ярд (0,764555 м^3)', 'ярд^3', 'yd^3', 'ЯРД3', 'YDQ', NULL, NULL, NULL, 1651608269,
        1651608269, NULL),
       (32, '159', 'Миллион кубических метров', '10^6 м^3', '10^6 m^3', 'МЛН М3', 'HMQ', NULL, NULL, NULL, 1651608269,
        1651608269, NULL),
       (33, '160', 'Гектограмм', 'гг', 'hg', 'ГГ', 'HGM', NULL, NULL, NULL, 1651608269, 1651608269, NULL),
       (34, '161', 'Миллиграмм', 'мг', 'mg', 'МГ', 'MGM', NULL, NULL, NULL, 1651608269, 1651608269, NULL),
       (35, '162', 'Метрический карат', 'кар', 'МС', 'КАР', 'CTM', NULL, NULL, NULL, 1651608269, 1651608269, NULL),
       (36, '163', 'Грамм', 'г', 'g', 'Г', 'GRM', NULL, NULL, NULL, 1651608269, 1651608269, NULL),
       (37, '166', 'Килограмм', 'кг', 'kg', 'КГ', 'KGM', NULL, NULL, NULL, 1651608269, 1651608269, NULL),
       (38, '168', 'Тонна; метрическая тонна (1000 кг)', 'т', 't', 'Т', 'TNE', NULL, NULL, NULL, 1651608269, 1651608269,
        NULL),
       (39, '170', 'Килотонна', '10^3 т', 'kt', 'КТ', 'KTN', NULL, NULL, NULL, 1651608269, 1651608269, NULL),
       (40, '173', 'Сантиграмм', 'сг', 'cg', 'СГ', 'CGM', NULL, NULL, NULL, 1651608269, 1651608269, NULL),
       (41, '181', 'Брутто-регистровая тонна (2,8316 м^3)', 'БРТ', '-', 'БРУТТ. РЕГИСТР Т', 'GRT', NULL, NULL, NULL,
        1651608269, 1651608269, NULL),
       (42, '185', 'Грузоподъемность в метрических тоннах', 'т грп', '-', 'Т ГРУЗОПОД', 'CCT', NULL, NULL, NULL,
        1651608269, 1651608269, NULL),
       (43, '206', 'Центнер (метрический) (100 кг); гектокилограмм; квинтал (метрический); децитонна', 'ц',
        'q; 10^2 kg', 'Ц', 'DTN', NULL, NULL, NULL, 1651608269, 1651608269, NULL),
       (44, '212', 'Ватт', 'Вт', 'W', 'ВТ', 'WTT', NULL, NULL, NULL, 1651608269, 1651608269, NULL),
       (45, '214', 'Киловатт', 'кВт', 'kW', 'КВТ', 'KWT', NULL, NULL, NULL, 1651608269, 1651608269, NULL),
       (46, '215', 'Мегаватт; тысяча киловатт', 'МВт; 10^3 кВт', 'MW', 'МЕГАВТ; ТЫС КВТ', 'MAW', NULL, NULL, NULL,
        1651608269, 1651608269, NULL),
       (47, '222', 'Вольт', 'В', 'V', 'В', 'VLT', NULL, NULL, NULL, 1651608269, 1651608269, NULL),
       (48, '223', 'Киловольт', 'кВ', 'kV', 'КВ', 'KVT', NULL, NULL, NULL, 1651608269, 1651608269, NULL),
       (49, '227', 'Киловольт-ампер', 'кВ.А', 'kV.A', 'КВ.А', 'KVA', NULL, NULL, NULL, 1651608269, 1651608269, NULL),
       (50, '228', 'Мегавольт-ампер (тысяча киловольт-ампер)', 'МВ.А', 'MV.A', 'МЕГАВ.А', 'MVA', NULL, NULL, NULL,
        1651608269, 1651608269, NULL),
       (51, '230', 'Киловар', 'квар', 'kVAR', 'КВАР', 'KVR', NULL, NULL, NULL, 1651608269, 1651608269, NULL),
       (52, '243', 'Ватт-час', 'Вт.ч', 'W.h', 'ВТ.Ч', 'WHR', NULL, NULL, NULL, 1651608269, 1651608269, NULL),
       (53, '245', 'Киловатт-час', 'кВт.ч', 'kW.h', 'КВТ.Ч', 'KWH', NULL, NULL, NULL, 1651608269, 1651608269, NULL),
       (54, '246', 'Мегаватт-час; 1000 киловатт-часов', 'МВт.ч; 10^3 кВт.ч', 'МW.h', 'МЕГАВТ.Ч; ТЫС КВТ.Ч', 'MWH', NULL,
        NULL, NULL, 1651608269, 1651608269, NULL),
       (55, '247', 'Гигаватт-час (миллион киловатт-часов)', 'ГВт.ч', 'GW.h', 'ГИГАВТ.Ч', 'GWH', NULL, NULL, NULL,
        1651608269, 1651608269, NULL),
       (56, '260', 'Ампер', 'А', 'A', 'А', 'AMP', NULL, NULL, NULL, 1651608269, 1651608269, NULL),
       (57, '263', 'Ампер-час (3,6 кКл)', 'А.ч', 'A.h', 'А.Ч', 'AMH', NULL, NULL, NULL, 1651608269, 1651608269, NULL),
       (58, '264', 'Тысяча ампер-часов', '10^3 А.ч', '10^3 A.h', 'ТЫС А.Ч', 'TAH', NULL, NULL, NULL, 1651608269,
        1651608269, NULL),
       (59, '270', 'Кулон', 'Кл', 'C', 'КЛ', 'COU', NULL, NULL, NULL, 1651608269, 1651608269, NULL),
       (60, '271', 'Джоуль', 'Дж', 'J', 'ДЖ', 'JOU', NULL, NULL, NULL, 1651608269, 1651608269, NULL),
       (61, '273', 'Килоджоуль', 'кДж', 'kJ', 'КДЖ', 'KJO', NULL, NULL, NULL, 1651608269, 1651608269, NULL),
       (62, '274', 'Ом', 'Ом', 'Ω', 'ОМ', 'OHM', NULL, NULL, NULL, 1651608269, 1651608269, NULL),
       (63, '280', 'Градус Цельсия', '°C', '°C', 'ГРАД ЦЕЛЬС', 'CEL', NULL, NULL, NULL, 1651608269, 1651608269, NULL),
       (64, '281', 'Градус Фаренгейта', '°F', '°F', 'ГРАД ФАРЕНГ', 'FAN', NULL, NULL, NULL, 1651608269, 1651608269,
        NULL),
       (65, '282', 'Кандела', 'кд', 'cd', 'КД', 'CDL', NULL, NULL, NULL, 1651608269, 1651608269, NULL),
       (66, '283', 'Люкс', 'лк', 'lx', 'ЛК', 'LUX', NULL, NULL, NULL, 1651608269, 1651608269, NULL),
       (67, '284', 'Люмен', 'лм', 'lm', 'ЛМ', 'LUM', NULL, NULL, NULL, 1651608269, 1651608269, NULL),
       (68, '288', 'Кельвин', 'K', 'K', 'К', 'KEL', NULL, NULL, NULL, 1651608269, 1651608269, NULL),
       (69, '289', 'Ньютон', 'Н', 'N', 'Н', 'NEW', NULL, NULL, NULL, 1651608269, 1651608269, NULL),
       (70, '290', 'Герц', 'Гц', 'Hz', 'ГЦ', 'HTZ', NULL, NULL, NULL, 1651608269, 1651608269, NULL),
       (71, '291', 'Килогерц', 'кГц', 'kHz', 'КГЦ', 'KHZ', NULL, NULL, NULL, 1651608269, 1651608269, NULL),
       (72, '292', 'Мегагерц', 'МГц', 'MHz', 'МЕГАГЦ', 'MHZ', NULL, NULL, NULL, 1651608269, 1651608269, NULL),
       (73, '294', 'Паскаль', 'Па', 'Pa', 'ПА', 'PAL', NULL, NULL, NULL, 1651608269, 1651608269, NULL),
       (74, '296', 'Сименс', 'См', 'S', 'СИ', 'SIE', NULL, NULL, NULL, 1651608269, 1651608269, NULL),
       (75, '297', 'Килопаскаль', 'кПа', 'kPa', 'КПА', 'KPA', NULL, NULL, NULL, 1651608269, 1651608269, NULL),
       (76, '298', 'Мегапаскаль', 'МПа', 'MPa', 'МЕГАПА', 'MPA', NULL, NULL, NULL, 1651608269, 1651608269, NULL),
       (77, '300', 'Физическая атмосфера (101325 Па)', 'атм', 'atm', 'АТМ', 'ATM', NULL, NULL, NULL, 1651608269,
        1651608269, NULL),
       (78, '301', 'Техническая атмосфера (98066,5 Па)', 'ат', 'at', 'АТТ', 'ATT', NULL, NULL, NULL, 1651608269,
        1651608269, NULL),
       (79, '302', 'Гигабеккерель', 'ГБк', 'GBq', 'ГИГАБК', 'GBQ', NULL, NULL, NULL, 1651608269, 1651608269, NULL),
       (80, '304', 'Милликюри', 'мКи', 'mCi', 'МКИ', 'MCU', NULL, NULL, NULL, 1651608269, 1651608269, NULL),
       (81, '305', 'Кюри', 'Ки', 'Ci', 'КИ', 'CUR', NULL, NULL, NULL, 1651608269, 1651608269, NULL),
       (82, '306', 'Грамм делящихся изотопов', 'г Д/И', 'g fissile isotopes', 'Г ДЕЛЯЩ ИЗОТОП', 'GFI', NULL, NULL, NULL,
        1651608269, 1651608269, NULL),
       (83, '308', 'Миллибар', 'мб', 'mbar', 'МБАР', 'MBR', NULL, NULL, NULL, 1651608269, 1651608269, NULL),
       (84, '309', 'Бар', 'бар', 'bar', 'БАР', 'BAR', NULL, NULL, NULL, 1651608269, 1651608269, NULL),
       (85, '310', 'Гектобар', 'гб', 'hbar', 'ГБАР', 'HBA', NULL, NULL, NULL, 1651608269, 1651608269, NULL),
       (86, '312', 'Килобар', 'кб', 'kbar', 'КБАР', 'KBA', NULL, NULL, NULL, 1651608269, 1651608269, NULL),
       (87, '314', 'Фарад', 'Ф', 'F', 'Ф', 'FAR', NULL, NULL, NULL, 1651608269, 1651608269, NULL),
       (88, '316', 'Килограмм на кубический метр', 'кг/м^3', 'kg/m^3', 'КГ/М3', 'KMQ', NULL, NULL, NULL, 1651608269,
        1651608269, NULL),
       (89, '323', 'Беккерель', 'Бк', 'Bq', 'БК', 'BQL', NULL, NULL, NULL, 1651608269, 1651608269, NULL),
       (90, '324', 'Вебер', 'Вб', 'Wb', 'ВБ', 'WEB', NULL, NULL, NULL, 1651608269, 1651608269, NULL),
       (91, '327', 'Узел (миля/ч)', 'уз', 'kn', 'УЗ', 'KNT', NULL, NULL, NULL, 1651608269, 1651608269, NULL),
       (92, '328', 'Метр в секунду', 'м/с', 'm/s', 'М/С', 'MTS', NULL, NULL, NULL, 1651608269, 1651608269, NULL),
       (93, '330', 'Оборот в секунду', 'об/с', 'r/s', 'ОБ/С', 'RPS', NULL, NULL, NULL, 1651608269, 1651608269, NULL),
       (94, '331', 'Оборот в минуту', 'об/мин', 'r/min', 'ОБ/МИН', 'RPM', NULL, NULL, NULL, 1651608269, 1651608269,
        NULL),
       (95, '333', 'Километр в час', 'км/ч', 'km/h', 'КМ/Ч', 'KMH', NULL, NULL, NULL, 1651608269, 1651608269, NULL),
       (96, '335', 'Метр на секунду в квадрате', 'м/с^2', 'm/s^2', 'М/С2', 'MSK', NULL, NULL, NULL, 1651608269,
        1651608269, NULL),
       (97, '349', 'Кулон на килограмм', 'Кл/кг', 'C/kg', 'КЛ/КГ', 'CKG', NULL, NULL, NULL, 1651608269, 1651608269,
        NULL),
       (98, '354', 'Секунда', 'с', 's', 'С', 'SEC', NULL, NULL, NULL, 1651608269, 1651608269, NULL),
       (99, '355', 'Минута', 'мин', 'min', 'МИН', 'MIN', NULL, NULL, NULL, 1651608269, 1651608269, NULL),
       (100, '356', 'Час', 'ч', 'h', 'Ч', 'HUR', NULL, NULL, NULL, 1651608269, 1651608269, NULL),
       (101, '359', 'Сутки', 'сут; дн', 'd', 'СУТ; ДН', 'DAY', NULL, NULL, NULL, 1651608269, 1651608269, NULL),
       (102, '360', 'Неделя', 'нед', '-', 'НЕД', 'WEE', NULL, NULL, NULL, 1651608269, 1651608269, NULL),
       (103, '361', 'Декада', 'дек', '-', 'ДЕК', 'DAD', NULL, NULL, NULL, 1651608269, 1651608269, NULL),
       (104, '362', 'Месяц', 'мес', '-', 'МЕС', 'MON', NULL, NULL, NULL, 1651608269, 1651608269, NULL),
       (105, '364', 'Квартал', 'кварт', '-', 'КВАРТ', 'QAN', NULL, NULL, NULL, 1651608269, 1651608269, NULL),
       (106, '365', 'Полугодие', 'полгода', '-', 'ПОЛГОД', 'SAN', NULL, NULL, NULL, 1651608269, 1651608269, NULL),
       (107, '366', 'Год', 'г; лет', 'a', 'ГОД; ЛЕТ', 'ANN', NULL, NULL, NULL, 1651608269, 1651608269, NULL),
       (108, '368', 'Десятилетие', 'деслет', '-', 'ДЕСЛЕТ', 'DEC', NULL, NULL, NULL, 1651608269, 1651608269, NULL),
       (109, '499', 'Килограмм в секунду', 'кг/с', '-', 'КГ/С', 'KGS', NULL, NULL, NULL, 1651608269, 1651608269, NULL),
       (110, '533', 'Тонна пара в час', 'т пар/ч', '-', 'Т ПАР/Ч', 'TSH', NULL, NULL, NULL, 1651608269, 1651608269,
        NULL),
       (111, '596', 'Кубический метр в секунду', 'м^3/с', 'm^3/s', 'М3/С', 'MQS', NULL, NULL, NULL, 1651608269,
        1651608269, NULL),
       (112, '598', 'Кубический метр в час', 'м^3/ч', 'm^3/h', 'М3/Ч', 'MQH', NULL, NULL, NULL, 1651608269, 1651608269,
        NULL),
       (113, '599', 'Тысяча кубических метров в сутки', '10^3 м^3/сут', '-', 'ТЫС М3/СУТ', 'TQD', NULL, NULL, NULL,
        1651608269, 1651608269, NULL),
       (114, '616', 'Бобина', 'боб', '-', 'БОБ', 'NBB', NULL, NULL, NULL, 1651608269, 1651608269, NULL),
       (115, '625', 'Лист', 'л.', '-', 'ЛИСТ', 'LEF', NULL, NULL, NULL, 1651608269, 1651608269, NULL),
       (116, '626', 'Сто листов', '100 л.', '-', '100 ЛИСТ', 'CLF', NULL, NULL, NULL, 1651608269, 1651608269, NULL),
       (117, '630', 'Тысяча стандартных условных кирпичей', 'тыс станд. усл. кирп', '-', 'ТЫС СТАНД УСЛ КИРП', 'MBE',
        NULL, NULL, NULL, 1651608269, 1651608269, NULL),
       (118, '641', 'Дюжина (12 шт.)', 'дюжина', 'Doz; 12', 'ДЮЖИНА', 'DZN', NULL, NULL, NULL, 1651608269, 1651608269,
        NULL),
       (119, '657', 'Изделие', 'изд', '-', 'ИЗД', 'NAR', NULL, NULL, NULL, 1651608269, 1651608269, NULL),
       (120, '683', 'Сто ящиков', '100 ящ.', 'Hbx', '100 ЯЩ', 'HBX', NULL, NULL, NULL, 1651608269, 1651608269, NULL),
       (121, '704', 'Набор', 'набор', '-', 'НАБОР', 'SET', NULL, NULL, NULL, 1651608269, 1651608269, NULL),
       (122, '715', 'Пара (2 шт.)', 'пар', 'pr; 2', 'ПАР', 'NPR', NULL, NULL, NULL, 1651608269, 1651608269, NULL),
       (123, '730', 'Два десятка', '20', '20', '2 ДЕС', 'SCO', NULL, NULL, NULL, 1651608269, 1651608269, NULL),
       (124, '732', 'Десять пар', '10 пар', '-', 'ДЕС ПАР', 'TPR', NULL, NULL, NULL, 1651608269, 1651608269, NULL),
       (125, '733', 'Дюжина пар', 'дюжина пар', '-', 'ДЮЖИНА ПАР', 'DPR', NULL, NULL, NULL, 1651608269, 1651608269,
        NULL),
       (126, '734', 'Посылка', 'посыл', '-', 'ПОСЫЛ', 'NPL', NULL, NULL, NULL, 1651608269, 1651608269, NULL),
       (127, '735', 'Часть', 'часть', '-', 'ЧАСТЬ', 'NPT', NULL, NULL, NULL, 1651608269, 1651608269, NULL),
       (128, '736', 'Рулон', 'рул', '-', 'РУЛ', 'NPL', NULL, NULL, NULL, 1651608269, 1651608269, NULL),
       (129, '737', 'Дюжина рулонов', 'дюжина рул', '-', 'ДЮЖИНА РУЛ', 'DRL', NULL, NULL, NULL, 1651608269, 1651608269,
        NULL),
       (130, '740', 'Дюжина штук', 'дюжина шт', '-', 'ДЮЖИНА ШТ', 'DPC', NULL, NULL, NULL, 1651608269, 1651608269,
        NULL),
       (131, '745', 'Элемент', 'элем', 'CI', 'ЭЛЕМ', 'NCL', NULL, NULL, NULL, 1651608269, 1651608269, NULL),
       (132, '778', 'Упаковка', 'упак', '-', 'УПАК', 'NMP', NULL, NULL, NULL, 1651608269, 1651608269, NULL),
       (133, '780', 'Дюжина упаковок', 'дюжина упак', '-', 'ДЮЖИНА УПАК', 'DZP', NULL, NULL, NULL, 1651608269,
        1651608269, NULL),
       (134, '781', 'Сто упаковок', '100 упак', '-', '100 УПАК', 'CNP', NULL, NULL, NULL, 1651608269, 1651608269, NULL),
       (135, '796', 'Штука', 'шт', 'pc; 1', 'ШТ', 'PCE; NMB', NULL, NULL, NULL, 1651608269, 1651608269, NULL),
       (136, '797', 'Сто штук', '100 шт', '100', '100 ШТ', 'CEN', NULL, NULL, NULL, 1651608269, 1651608269, NULL),
       (137, '798', 'Тысяча штук', 'тыс. шт; 1000 шт', '1000', 'ТЫС ШТ', 'MIL', NULL, NULL, NULL, 1651608269,
        1651608269, NULL),
       (138, '799', 'Миллион штук', '10^6 шт', '10^6', 'МЛН ШТ', 'MIO', NULL, NULL, NULL, 1651608269, 1651608269, NULL),
       (139, '800', 'Миллиард штук', '10^9 шт', '10^9', 'МЛРД ШТ', 'MLD', NULL, NULL, NULL, 1651608269, 1651608269,
        NULL),
       (140, '801', 'Биллион штук (Европа); триллион штук', '10^12 шт', '10^12', 'БИЛЛ ШТ (ЕВР); ТРИЛЛ ШТ', 'BIL', NULL,
        NULL, NULL, 1651608269, 1651608269, NULL),
       (141, '802', 'Квинтильон штук (Европа)', '10^18 шт', '10^18', 'КВИНТ ШТ', 'TRL', NULL, NULL, NULL, 1651608269,
        1651608269, NULL),
       (142, '820', 'Крепость спирта по массе', 'креп. спирта по массе', '% mds', 'КРЕП СПИРТ ПО МАССЕ', 'ASM', NULL,
        NULL, NULL, 1651608269, 1651608269, NULL),
       (143, '821', 'Крепость спирта по объему', 'креп. спирта по объему', '% vol', 'КРЕП СПИРТ ПО ОБЪЕМ', 'ASV', NULL,
        NULL, NULL, 1651608269, 1651608269, NULL),
       (144, '831', 'Литр чистого (100%) спирта', 'л 100% спирта', '-', 'Л ЧИСТ СПИРТ', 'LPA', NULL, NULL, NULL,
        1651608269, 1651608269, NULL),
       (145, '833', 'Гектолитр чистого (100%) спирта', 'Гл 100% спирта', '-', 'ГЛ ЧИСТ СПИРТ', 'HPA', NULL, NULL, NULL,
        1651608269, 1651608269, NULL),
       (146, '841', 'Килограмм пероксида водорода', 'кг H^^2О^^2', '-', 'КГ ПЕРОКСИД ВОДОРОДА', '-', NULL, NULL, NULL,
        1651608269, 1651608269, NULL),
       (147, '845', 'Килограмм 90%-го сухого вещества', 'кг 90% с/в', '-', 'КГ 90 ПРОЦ СУХ ВЕЩ', 'KSD', NULL, NULL,
        NULL, 1651608269, 1651608269, NULL),
       (148, '847', 'Тонна 90%-го сухого вещества', 'т 90% с/в', '-', 'Т 90 ПРОЦ СУХ ВЕЩ', 'TSD', NULL, NULL, NULL,
        1651608269, 1651608269, NULL),
       (149, '852', 'Килограмм оксида калия', 'кг К^^2О', '-', 'КГ ОКСИД КАЛИЯ', 'KPO', NULL, NULL, NULL, 1651608269,
        1651608269, NULL),
       (150, '859', 'Килограмм гидроксида калия', 'кг КОН', '-', 'КГ ГИДРОКСИД КАЛИЯ', 'KPH', NULL, NULL, NULL,
        1651608269, 1651608269, NULL),
       (151, '861', 'Килограмм азота', 'кг N', '-', 'КГ АЗОТ', 'KNI', NULL, NULL, NULL, 1651608269, 1651608269, NULL),
       (152, '863', 'Килограмм гидроксида натрия', 'кг NaOH', '-', 'КГ ГИДРОКСИД НАТРИЯ', 'KSH', NULL, NULL, NULL,
        1651608269, 1651608269, NULL),
       (153, '865', 'Килограмм пятиокиси фосфора', 'кг Р^^2О^^5', '-', 'КГ ПЯТИОКИСЬ ФОСФОРА', 'KPP', NULL, NULL, NULL,
        1651608269, 1651608269, NULL),
       (154, '867', 'Килограмм урана', 'кг U', '-', 'КГ УРАН', 'KUR', NULL, NULL, NULL, 1651608269, 1651608269, NULL),
       (155, '018', 'Погонный метр', 'пог. м', '', 'ПОГ М', '', NULL, NULL, NULL, 1651608269, 1651608269, NULL),
       (156, '019', 'Тысяча погонных метров', '10^3 пог. м', '', 'ТЫС ПОГ М', '', NULL, NULL, NULL, 1651608269,
        1651608269, NULL),
       (157, '020', 'Условный метр', 'усл. м', '', 'УСЛ М', '', NULL, NULL, NULL, 1651608269, 1651608269, NULL),
       (158, '048', 'Тысяча условных метров', '10^3 усл. м', '', 'ТЫС УСЛ М', '', NULL, NULL, NULL, 1651608269,
        1651608269, NULL),
       (159, '049', 'Километр условных труб', 'км усл. труб', '', 'КМ УСЛ ТРУБ', '', NULL, NULL, NULL, 1651608269,
        1651608269, NULL),
       (160, '054', 'Тысяча квадратных дециметров', '10^3 дм^2', '', 'ТЫС ДМ2', '', NULL, NULL, NULL, 1651608269,
        1651608269, NULL),
       (161, '056', 'Миллион квадратных дециметров', '10^6 дм^2', '', 'МЛН ДМ2', '', NULL, NULL, NULL, 1651608269,
        1651608269, NULL),
       (162, '057', 'Миллион квадратных метров', '10^6 м^2', '', 'МЛН М2', '', NULL, NULL, NULL, 1651608269, 1651608269,
        NULL),
       (163, '060', 'Тысяча гектаров', '10^3 га', '', 'ТЫС ГА', '', NULL, NULL, NULL, 1651608269, 1651608269, NULL),
       (164, '062', 'Условный квадратный метр', 'усл. м^2', '', 'УСЛ М2', '', NULL, NULL, NULL, 1651608269, 1651608269,
        NULL),
       (165, '063', 'Тысяча условных квадратных метров', '10^3 усл. м^2', '', 'ТЫС УСЛ М2', '', NULL, NULL, NULL,
        1651608269, 1651608269, NULL),
       (166, '064', 'Миллион условных квадратных метров', '10^6 усл. м^2', '', 'МЛН УСЛ М2', '', NULL, NULL, NULL,
        1651608269, 1651608269, NULL),
       (167, '081', 'Квадратный метр общей площади', 'м^2 общ. пл', '', 'М2 ОБЩ ПЛ', '', NULL, NULL, NULL, 1651608269,
        1651608269, NULL),
       (168, '082', 'Тысяча квадратных метров общей площади', '10^3 м^2 общ. пл', '', 'ТЫС М2 ОБЩ ПЛ', '', NULL, NULL,
        NULL, 1651608269, 1651608269, NULL),
       (169, '083', 'Миллион квадратных метров общей площади', '10^6 м^2 общ. пл', '', 'МЛН М2. ОБЩ ПЛ', '', NULL, NULL,
        NULL, 1651608269, 1651608269, NULL),
       (170, '084', 'Квадратный метр жилой площади', 'м^2 жил. пл', '', 'М2 ЖИЛ ПЛ', '', NULL, NULL, NULL, 1651608269,
        1651608269, NULL),
       (171, '085', 'Тысяча квадратных метров жилой площади', '10^3 м^2 жил. пл', '', 'ТЫС М2 ЖИЛ ПЛ', '', NULL, NULL,
        NULL, 1651608269, 1651608269, NULL),
       (172, '086', 'Миллион квадратных метров жилой площади', '10^6 м^2 жил. пл', '', 'МЛН М2 ЖИЛ ПЛ', '', NULL, NULL,
        NULL, 1651608269, 1651608269, NULL),
       (173, '087', 'Квадратный метр учебно-лабораторных зданий', 'м^2 уч. лаб. здан', '', 'М2 УЧ.ЛАБ ЗДАН', '', NULL,
        NULL, NULL, 1651608269, 1651608269, NULL),
       (174, '088', 'Тысяча квадратных метров учебно-лабораторных зданий', '10^3 м^2 уч. лаб. здан', '',
        'ТЫС М2 УЧ. ЛАБ ЗДАН', '', NULL, NULL, NULL, 1651608269, 1651608269, NULL),
       (175, '089', 'Миллион квадратных метров в двухмиллиметровом исчислении', '10^6 м^2 2 мм исч', '',
        'МЛН М2 2ММ ИСЧ', '', NULL, NULL, NULL, 1651608269, 1651608269, NULL),
       (176, '114', 'Тысяча кубических метров', '10^3 м^3', '', 'ТЫС М3', '', NULL, NULL, NULL, 1651608269, 1651608269,
        NULL),
       (177, '115', 'Миллиард кубических метров', '10^9 м^3', '', 'МЛРД М3', '', NULL, NULL, NULL, 1651608269,
        1651608269, NULL),
       (178, '116', 'Декалитр', 'дкл', '', 'ДКЛ', '', NULL, NULL, NULL, 1651608269, 1651608269, NULL),
       (179, '119', 'Тысяча декалитров', '10^3 дкл', '', 'ТЫС ДКЛ', '', NULL, NULL, NULL, 1651608269, 1651608269, NULL),
       (180, '120', 'Миллион декалитров', '10^6 дкл', '', 'МЛН ДКЛ', '', NULL, NULL, NULL, 1651608269, 1651608269,
        NULL),
       (181, '121', 'Плотный кубический метр', 'плотн. м^3', '', 'ПЛОТН М3', '', NULL, NULL, NULL, 1651608269,
        1651608269, NULL),
       (182, '123', 'Условный кубический метр', 'усл. м^3', '', 'УСЛ М3', '', NULL, NULL, NULL, 1651608269, 1651608269,
        NULL),
       (183, '124', 'Тысяча условных кубических метров', '10^3 усл. м^3', '', 'ТЫС УСЛ М3', '', NULL, NULL, NULL,
        1651608269, 1651608269, NULL),
       (184, '125', 'Миллион кубических метров переработки газа', '10^6 м^3 перераб. газа', '', 'МЛН М3 ПЕРЕРАБ ГАЗА',
        '', NULL, NULL, NULL, 1651608269, 1651608269, NULL),
       (185, '127', 'Тысяча плотных кубических метров', '10^3 плотн. м^3', '', 'ТЫС ПЛОТН М3', '', NULL, NULL, NULL,
        1651608269, 1651608269, NULL),
       (186, '128', 'Тысяча полулитров', '10^3 пол. л', '', 'ТЫС ПОЛ Л', '', NULL, NULL, NULL, 1651608269, 1651608269,
        NULL),
       (187, '129', 'Миллион полулитров', '10^6 пол. л', '', 'МЛН ПОЛ Л', '', NULL, NULL, NULL, 1651608269, 1651608269,
        NULL),
       (188, '130', 'Тысяча литров; 1000 литров', '10^3 л; 1000 л', '', 'ТЫС Л', '', NULL, NULL, NULL, 1651608269,
        1651608269, NULL),
       (189, '165', 'Тысяча каратов метрических', '10^3 кар', '', 'ТЫС КАР', '', NULL, NULL, NULL, 1651608269,
        1651608269, NULL),
       (190, '167', 'Миллион каратов метрических', '10^6 кар', '', 'МЛН КАР', '', NULL, NULL, NULL, 1651608269,
        1651608269, NULL),
       (191, '169', 'Тысяча тонн', '10^3 т', '', 'ТЫС Т', '', NULL, NULL, NULL, 1651608269, 1651608269, NULL),
       (192, '171', 'Миллион тонн', '10^6 т', '', 'МЛН Т', '', NULL, NULL, NULL, 1651608269, 1651608269, NULL),
       (193, '172', 'Тонна условного топлива', 'т усл. топл', '', 'Т УСЛ ТОПЛ', '', NULL, NULL, NULL, 1651608269,
        1651608269, NULL),
       (194, '175', 'Тысяча тонн условного топлива', '10^3 т усл. топл', '', 'ТЫС Т УСЛ ТОПЛ', '', NULL, NULL, NULL,
        1651608269, 1651608269, NULL),
       (195, '176', 'Миллион тонн условного топлива', '10^6 т усл. топл', '', 'МЛН Т УСЛ ТОПЛ', '', NULL, NULL, NULL,
        1651608269, 1651608269, NULL),
       (196, '177', 'Тысяча тонн единовременного хранения', '10^3 т единовр. хран', '', 'ТЫС Т ЕДИНОВР ХРАН', '', NULL,
        NULL, NULL, 1651608269, 1651608269, NULL),
       (197, '178', 'Тысяча тонн переработки', '10^3 т перераб', '', 'ТЫС Т ПЕРЕРАБ', '', NULL, NULL, NULL, 1651608269,
        1651608269, NULL),
       (198, '179', 'Условная тонна', 'усл. т', '', 'УСЛ Т', '', NULL, NULL, NULL, 1651608269, 1651608269, NULL),
       (199, '207', 'Тысяча центнеров', '10^3 ц', '', 'ТЫС Ц', '', NULL, NULL, NULL, 1651608269, 1651608269, NULL),
       (200, '226', 'Вольт-ампер', 'В.А', '', 'В.А', '', NULL, NULL, NULL, 1651608269, 1651608269, NULL),
       (201, '231', 'Метр в час', 'м/ч', '', 'М/Ч', '', NULL, NULL, NULL, 1651608269, 1651608269, NULL),
       (202, '232', 'Килокалория', 'ккал', '', 'ККАЛ', '', NULL, NULL, NULL, 1651608269, 1651608269, NULL),
       (203, '233', 'Гигакалория', 'Гкал', '', 'ГИГАКАЛ', '', NULL, NULL, NULL, 1651608269, 1651608269, NULL),
       (204, '234', 'Тысяча гигакалорий', '10^3 Гкал', '', 'ТЫС ГИГАКАЛ', '', NULL, NULL, NULL, 1651608269, 1651608269,
        NULL),
       (205, '235', 'Миллион гигакалорий', '10^6 Гкал', '', 'МЛН ГИГАКАЛ', '', NULL, NULL, NULL, 1651608269, 1651608269,
        NULL),
       (206, '236', 'Калория в час', 'кал/ч', '', 'КАЛ/Ч', '', NULL, NULL, NULL, 1651608269, 1651608269, NULL),
       (207, '237', 'Килокалория в час', 'ккал/ч', '', 'ККАЛ/Ч', '', NULL, NULL, NULL, 1651608269, 1651608269, NULL),
       (208, '238', 'Гигакалория в час', 'Гкал/ч', '', 'ГИГАКАЛ/Ч', '', NULL, NULL, NULL, 1651608269, 1651608269, NULL),
       (209, '239', 'Тысяча гигакалорий в час', '10^3 Гкал/ч', '', 'ТЫС ГИГАКАЛ/Ч', '', NULL, NULL, NULL, 1651608269,
        1651608269, NULL),
       (210, '241', 'Миллион ампер-часов', '10^6 А.ч', '', 'МЛН А.Ч', '', NULL, NULL, NULL, 1651608269, 1651608269,
        NULL),
       (211, '242', 'Миллион киловольт-ампер', '10^6 кВ.А', '', 'МЛН КВ.А', '', NULL, NULL, NULL, 1651608269,
        1651608269, NULL),
       (212, '248', 'Киловольт-ампер реактивный', 'кВ.А Р', '', 'КВ.А Р', '', NULL, NULL, NULL, 1651608269, 1651608269,
        NULL),
       (213, '249', 'Миллиард киловатт-часов', '10^9 кВт.ч', '', 'МЛРД КВТ.Ч', '', NULL, NULL, NULL, 1651608269,
        1651608269, NULL),
       (214, '250', 'Тысяча киловольт-ампер реактивных', '10^3 кВ.А Р', '', 'ТЫС КВ.А Р', '', NULL, NULL, NULL,
        1651608269, 1651608269, NULL),
       (215, '251', 'Лошадиная сила', 'л. с', '', 'ЛС', '', NULL, NULL, NULL, 1651608269, 1651608269, NULL),
       (216, '252', 'Тысяча лошадиных сил', '10^3 л. с', '', 'ТЫС ЛС', '', NULL, NULL, NULL, 1651608269, 1651608269,
        NULL),
       (217, '253', 'Миллион лошадиных сил', '10^6 л. с', '', 'МЛН ЛС', '', NULL, NULL, NULL, 1651608269, 1651608269,
        NULL),
       (218, '254', 'Бит', 'бит', '', 'БИТ', '', NULL, NULL, NULL, 1651608269, 1651608269, NULL),
       (219, '255', 'Байт', 'байт', '', 'БАЙТ', '', NULL, NULL, NULL, 1651608269, 1651608269, NULL),
       (220, '256', 'Килобайт', 'кбайт', '', 'КБАЙТ', '', NULL, NULL, NULL, 1651608269, 1651608269, NULL),
       (221, '257', 'Мегабайт', 'Мбайт', '', 'МБАЙТ', '', NULL, NULL, NULL, 1651608269, 1651608269, NULL),
       (222, '258', 'Бод', 'бод', '', 'БОД', '', NULL, NULL, NULL, 1651608269, 1651608269, NULL),
       (223, '287', 'Генри', 'Гн', '', 'ГН', '', NULL, NULL, NULL, 1651608269, 1651608269, NULL),
       (224, '313', 'Тесла', 'Тл', '', 'ТЛ', '', NULL, NULL, NULL, 1651608269, 1651608269, NULL),
       (225, '317', 'Килограмм на квадратный сантиметр', 'кг/см^2', '', 'КГ/СМ2', '', NULL, NULL, NULL, 1651608269,
        1651608269, NULL),
       (226, '337', 'Миллиметр водяного столба', 'мм вод. ст', '', 'ММ ВОД СТ', '', NULL, NULL, NULL, 1651608269,
        1651608269, NULL),
       (227, '338', 'Миллиметр ртутного столба', 'мм рт. ст', '', 'ММ РТ СТ', '', NULL, NULL, NULL, 1651608269,
        1651608269, NULL),
       (228, '339', 'Сантиметр водяного столба', 'см вод. ст', '', 'СМ ВОД СТ', '', NULL, NULL, NULL, 1651608269,
        1651608269, NULL),
       (229, '352', 'Микросекунда', 'мкс', '', 'МКС', '', NULL, NULL, NULL, 1651608269, 1651608269, NULL),
       (230, '353', 'Миллисекунда', 'млс', '', 'МЛС', '', NULL, NULL, NULL, 1651608269, 1651608269, NULL),
       (231, '383', 'Рубль', 'руб', '', 'РУБ', '', NULL, NULL, NULL, 1651608269, 1651608269, NULL),
       (232, '384', 'Тысяча рублей', '10^3 руб', '', 'ТЫС РУБ', '', NULL, NULL, NULL, 1651608269, 1651608269, NULL),
       (233, '385', 'Миллион рублей', '10^6 руб', '', 'МЛН РУБ', '', NULL, NULL, NULL, 1651608269, 1651608269, NULL),
       (234, '386', 'Миллиард рублей', '10^9 руб', '', 'МЛРД РУБ', '', NULL, NULL, NULL, 1651608269, 1651608269, NULL),
       (235, '387', 'Триллион рублей', '10^12 руб', '', 'ТРИЛЛ РУБ', '', NULL, NULL, NULL, 1651608269, 1651608269,
        NULL),
       (236, '388', 'Квадрильон рублей', '10^15 руб', '', 'КВАДР РУБ', '', NULL, NULL, NULL, 1651608269, 1651608269,
        NULL),
       (237, '414', 'Пассажиро-километр', 'пасс.км', '', 'ПАСС.КМ', '', NULL, NULL, NULL, 1651608269, 1651608269, NULL),
       (238, '421', 'Пассажирское место (пассажирских мест)', 'пасс. мест', '', 'ПАСС МЕСТ', '', NULL, NULL, NULL,
        1651608269, 1651608269, NULL),
       (239, '423', 'Тысяча пассажиро-километров', '10^3 пасс.км', '', 'ТЫС ПАСС.КМ', '', NULL, NULL, NULL, 1651608269,
        1651608269, NULL),
       (240, '424', 'Миллион пассажиро-километров', '10^6 пасс. км', '', 'МЛН ПАСС.КМ', '', NULL, NULL, NULL,
        1651608269, 1651608269, NULL),
       (241, '427', 'Пассажиропоток', 'пасс.поток', '', 'ПАСС.ПОТОК', '', NULL, NULL, NULL, 1651608269, 1651608269,
        NULL),
       (242, '449', 'Тонно-километр', 'т.км', '', 'Т.КМ', '', NULL, NULL, NULL, 1651608269, 1651608269, NULL),
       (243, '450', 'Тысяча тонно-километров', '10^3 т.км', '', 'ТЫС Т.КМ', '', NULL, NULL, NULL, 1651608269,
        1651608269, NULL),
       (244, '451', 'Миллион тонно-километров', '10^6 т. км', '', 'МЛН Т.КМ', '', NULL, NULL, NULL, 1651608269,
        1651608269, NULL),
       (245, '479', 'Тысяча наборов', '10^3 набор', '', 'ТЫС НАБОР', '', NULL, NULL, NULL, 1651608269, 1651608269,
        NULL),
       (246, '510', 'Грамм на киловатт-час', 'г/кВт.ч', '', 'Г/КВТ.Ч', '', NULL, NULL, NULL, 1651608269, 1651608269,
        NULL),
       (247, '511', 'Килограмм на гигакалорию', 'кг/Гкал', '', 'КГ/ГИГАКАЛ', '', NULL, NULL, NULL, 1651608269,
        1651608269, NULL),
       (248, '512', 'Тонно-номер', 'т.ном', '', 'Т.НОМ', '', NULL, NULL, NULL, 1651608269, 1651608269, NULL),
       (249, '513', 'Автотонна', 'авто т', '', 'АВТО Т', '', NULL, NULL, NULL, 1651608269, 1651608269, NULL),
       (250, '514', 'Тонна тяги', 'т.тяги', '', 'Т ТЯГИ', '', NULL, NULL, NULL, 1651608269, 1651608269, NULL),
       (251, '515', 'Дедвейт-тонна', 'дедвейт.т', '', 'ДЕДВЕЙТ.Т', '', NULL, NULL, NULL, 1651608269, 1651608269, NULL),
       (252, '516', 'Тонно-танид', 'т.танид', '', 'Т.ТАНИД', '', NULL, NULL, NULL, 1651608269, 1651608269, NULL),
       (253, '521', 'Человек на квадратный метр', 'чел/м^2', '', 'ЧЕЛ/М2', '', NULL, NULL, NULL, 1651608269, 1651608269,
        NULL),
       (254, '522', 'Человек на квадратный километр', 'чел/км^2', '', 'ЧЕЛ/КМ2', '', NULL, NULL, NULL, 1651608269,
        1651608269, NULL),
       (255, '534', 'Тонна в час', 'т/ч', '', 'Т/Ч', '', NULL, NULL, NULL, 1651608269, 1651608269, NULL),
       (256, '535', 'Тонна в сутки', 'т/сут', '', 'Т/СУТ', '', NULL, NULL, NULL, 1651608269, 1651608269, NULL),
       (257, '536', 'Тонна в смену', 'т/смен', '', 'Т/СМЕН', '', NULL, NULL, NULL, 1651608269, 1651608269, NULL),
       (258, '537', 'Тысяча тонн в сезон', '10^3 т/сез', '', 'ТЫС Т/СЕЗ', '', NULL, NULL, NULL, 1651608269, 1651608269,
        NULL),
       (259, '538', 'Тысяча тонн в год', '10^3 т/год', '', 'ТЫС Т/ГОД', '', NULL, NULL, NULL, 1651608269, 1651608269,
        NULL),
       (260, '539', 'Человеко-час', 'чел.ч', '', 'ЧЕЛ.Ч', '', NULL, NULL, NULL, 1651608269, 1651608269, NULL),
       (261, '540', 'Человеко-день', 'чел.дн', '', 'ЧЕЛ.ДН', '', NULL, NULL, NULL, 1651608269, 1651608269, NULL),
       (262, '541', 'Тысяча человеко-дней', '10^3 чел.дн', '', 'ТЫС ЧЕЛ.ДН', '', NULL, NULL, NULL, 1651608269,
        1651608269, NULL),
       (263, '542', 'Тысяча человеко-часов', '10^3 чел.ч', '', 'ТЫС ЧЕЛ.Ч', '', NULL, NULL, NULL, 1651608269,
        1651608269, NULL),
       (264, '543', 'Тысяча условных банок в смену', '10^3 усл. банк/ смен', '', 'ТЫС УСЛ БАНК/СМЕН', '', NULL, NULL,
        NULL, 1651608269, 1651608269, NULL),
       (265, '544', 'Миллион единиц в год', '10^6 ед/год', '', 'МЛН ЕД/ГОД', '', NULL, NULL, NULL, 1651608269,
        1651608269, NULL),
       (266, '545', 'Посещение в смену', 'посещ/смен', '', 'ПОСЕЩ/СМЕН', '', NULL, NULL, NULL, 1651608269, 1651608269,
        NULL),
       (267, '546', 'Тысяча посещений в смену', '10^3 посещ/смен', '', 'ТЫС ПОСЕЩ/ СМЕН', '', NULL, NULL, NULL,
        1651608269, 1651608269, NULL),
       (268, '547', 'Пара в смену', 'пар/смен', '', 'ПАР/СМЕН', '', NULL, NULL, NULL, 1651608269, 1651608269, NULL),
       (269, '548', 'Тысяча пар в смену', '10^3 пар/смен', '', 'ТЫС ПАР/СМЕН', '', NULL, NULL, NULL, 1651608269,
        1651608269, NULL),
       (270, '550', 'Миллион тонн в год', '10^6 т/год', '', 'МЛН Т/ГОД', '', NULL, NULL, NULL, 1651608269, 1651608269,
        NULL),
       (271, '552', 'Тонна переработки в сутки', 'т перераб/сут', '', 'Т ПЕРЕРАБ/СУТ', '', NULL, NULL, NULL, 1651608269,
        1651608269, NULL),
       (272, '553', 'Тысяча тонн переработки в сутки', '10^3 т перераб/ сут', '', 'ТЫС Т ПЕРЕРАБ/СУТ', '', NULL, NULL,
        NULL, 1651608269, 1651608269, NULL),
       (273, '554', 'Центнер переработки в сутки', 'ц перераб/сут', '', 'Ц ПЕРЕРАБ/СУТ', '', NULL, NULL, NULL,
        1651608269, 1651608269, NULL),
       (274, '555', 'Тысяча центнеров переработки в сутки', '10^3 ц перераб/ сут', '', 'ТЫС Ц ПЕРЕРАБ/СУТ', '', NULL,
        NULL, NULL, 1651608269, 1651608269, NULL),
       (275, '556', 'Тысяча голов в год', '10^3 гол/год', '', 'ТЫС ГОЛ/ГОД', '', NULL, NULL, NULL, 1651608269,
        1651608269, NULL),
       (276, '557', 'Миллион голов в год', '10^6 гол/год', '', 'МЛН ГОЛ/ГОД', '', NULL, NULL, NULL, 1651608269,
        1651608269, NULL),
       (277, '558', 'Тысяча птицемест', '10^3 птицемест', '', 'ТЫС ПТИЦЕМЕСТ', '', NULL, NULL, NULL, 1651608269,
        1651608269, NULL),
       (278, '559', 'Тысяча кур-несушек', '10^3 кур. несуш', '', 'ТЫС КУР. НЕСУШ', '', NULL, NULL, NULL, 1651608269,
        1651608269, NULL),
       (279, '2541', 'Бит в секунду', 'бит/с', '', 'БИТ/С', '', NULL, NULL, NULL, 1651608269, 1651608269, NULL),
       (280, '2543', 'Килобит в секунду', 'кбит/с', '', 'КБИТ/С', '', NULL, NULL, NULL, 1651608269, 1651608269, NULL),
       (281, '561', 'Тысяча тонн пара в час', '10^3 т пар/ч', '', 'ТЫС Т ПАР/Ч', '', NULL, NULL, NULL, 1651608269,
        1651608269, NULL),
       (282, '562', 'Тысяча прядильных веретен', '10^3 пряд.верет', '', 'ТЫС ПРЯД ВЕРЕТ', '', NULL, NULL, NULL,
        1651608269, 1651608269, NULL),
       (283, '563', 'Тысяча прядильных мест', '10^3 пряд.мест', '', 'ТЫС ПРЯД МЕСТ', '', NULL, NULL, NULL, 1651608269,
        1651608269, NULL),
       (284, '639', 'Доза', 'доз', '', 'ДОЗ', '', NULL, NULL, NULL, 1651608269, 1651608269, NULL),
       (285, '640', 'Тысяча доз', '10^3 доз', '', 'ТЫС ДОЗ', '', NULL, NULL, NULL, 1651608269, 1651608269, NULL),
       (286, '642', 'Единица', 'ед', '', 'ЕД', '', NULL, NULL, NULL, 1651608269, 1651608269, NULL),
       (287, '643', 'Тысяча единиц', '10^3 ед', '', 'ТЫС ЕД', '', NULL, NULL, NULL, 1651608269, 1651608269, NULL),
       (288, '644', 'Миллион единиц', '10^6 ед', '', 'МЛН ЕД', '', NULL, NULL, NULL, 1651608269, 1651608269, NULL),
       (289, '661', 'Канал', 'канал', '', 'КАНАЛ', '', NULL, NULL, NULL, 1651608269, 1651608269, NULL),
       (290, '673', 'Тысяча комплектов', '10^3 компл', '', 'ТЫС КОМПЛ', '', NULL, NULL, NULL, 1651608269, 1651608269,
        NULL),
       (291, '698', 'Место', 'мест', '', 'МЕСТ', '', NULL, NULL, NULL, 1651608269, 1651608269, NULL),
       (292, '699', 'Тысяча мест', '10^3 мест', '', 'ТЫС МЕСТ', '', NULL, NULL, NULL, 1651608269, 1651608269, NULL),
       (293, '709', 'Тысяча номеров', '10^3 ном', '', 'ТЫС НОМ', '', NULL, NULL, NULL, 1651608269, 1651608269, NULL),
       (294, '724', 'Тысяча гектаров порций', '10^3 га порц', '', 'ТЫС ГА ПОРЦ', '', NULL, NULL, NULL, 1651608269,
        1651608269, NULL),
       (295, '729', 'Тысяча пачек', '10^3 пач', '', 'ТЫС ПАЧ', '', NULL, NULL, NULL, 1651608269, 1651608269, NULL),
       (296, '744', 'Процент', '%', '', 'ПРОЦ', '', NULL, NULL, NULL, 1651608269, 1651608269, NULL),
       (297, '746', 'Промилле (0,1 процента)', '‰', '', 'ПРОМИЛЛЕ', '', NULL, NULL, NULL, 1651608269, 1651608269, NULL),
       (298, '751', 'Тысяча рулонов', '10^3 рул', '', 'ТЫС РУЛ', '', NULL, NULL, NULL, 1651608269, 1651608269, NULL),
       (299, '761', 'Тысяча станов', '10^3 стан', '', 'ТЫС СТАН', '', NULL, NULL, NULL, 1651608269, 1651608269, NULL),
       (300, '762', 'Станция', 'станц', '', 'СТАНЦ', '', NULL, NULL, NULL, 1651608269, 1651608269, NULL),
       (301, '775', 'Тысяча тюбиков', '10^3 тюбик', '', 'ТЫС ТЮБИК', '', NULL, NULL, NULL, 1651608269, 1651608269,
        NULL),
       (302, '776', 'Тысяча условных тубов', '10^3 усл.туб', '', 'ТЫС УСЛ ТУБ', '', NULL, NULL, NULL, 1651608269,
        1651608269, NULL),
       (303, '779', 'Миллион упаковок', '10^6 упак', '', 'МЛН УПАК', '', NULL, NULL, NULL, 1651608269, 1651608269,
        NULL),
       (304, '782', 'Тысяча упаковок', '10^3 упак', '', 'ТЫС УПАК', '', NULL, NULL, NULL, 1651608269, 1651608269, NULL),
       (305, '792', 'Человек', 'чел', '', 'ЧЕЛ', '', NULL, NULL, NULL, 1651608269, 1651608269, NULL),
       (306, '793', 'Тысяча человек', '10^3 чел', '', 'ТЫС ЧЕЛ', '', NULL, NULL, NULL, 1651608269, 1651608269, NULL),
       (307, '794', 'Миллион человек', '10^6 чел', '', 'МЛН ЧЕЛ', '', NULL, NULL, NULL, 1651608269, 1651608269, NULL),
       (308, '808', 'Миллион экземпляров', '10^6 экз', '', 'МЛН ЭКЗ', '', NULL, NULL, NULL, 1651608269, 1651608269,
        NULL),
       (309, '810', 'Ячейка', 'яч', '', 'ЯЧ', '', NULL, NULL, NULL, 1651608269, 1651608269, NULL),
       (310, '812', 'Ящик', 'ящ', '', 'ЯЩ', '', NULL, NULL, NULL, 1651608269, 1651608269, NULL),
       (311, '836', 'Голова', 'гол', '', 'ГОЛ', '', NULL, NULL, NULL, 1651608269, 1651608269, NULL),
       (312, '837', 'Тысяча пар', '10^3 пар', '', 'ТЫС ПАР', '', NULL, NULL, NULL, 1651608269, 1651608269, NULL),
       (313, '838', 'Миллион пар', '10^6 пар', '', 'МЛН ПАР', '', NULL, NULL, NULL, 1651608269, 1651608269, NULL),
       (314, '839', 'Комплект', 'компл', '', 'КОМПЛ', '', NULL, NULL, NULL, 1651608269, 1651608269, NULL),
       (315, '840', 'Секция', 'секц', '', 'СЕКЦ', '', NULL, NULL, NULL, 1651608269, 1651608269, NULL),
       (316, '868', 'Бутылка', 'бут', '', 'БУТ', '', NULL, NULL, NULL, 1651608269, 1651608269, NULL),
       (317, '869', 'Тысяча бутылок', '10^3 бут', '', 'ТЫС БУТ', '', NULL, NULL, NULL, 1651608269, 1651608269, NULL),
       (318, '870', 'Ампула', 'ампул', '', 'АМПУЛ', '', NULL, NULL, NULL, 1651608269, 1651608269, NULL),
       (319, '871', 'Тысяча ампул', '10^3 ампул', '', 'ТЫС АМПУЛ', '', NULL, NULL, NULL, 1651608269, 1651608269, NULL),
       (320, '872', 'Флакон', 'флак', '', 'ФЛАК', '', NULL, NULL, NULL, 1651608269, 1651608269, NULL),
       (321, '873', 'Тысяча флаконов', '10^3 флак', '', 'ТЫС ФЛАК', '', NULL, NULL, NULL, 1651608269, 1651608269, NULL),
       (322, '874', 'Тысяча тубов', '10^3 туб', '', 'ТЫС ТУБ', '', NULL, NULL, NULL, 1651608269, 1651608269, NULL),
       (323, '875', 'Тысяча коробок', '10^3 кор', '', 'ТЫС КОР', '', NULL, NULL, NULL, 1651608269, 1651608269, NULL),
       (324, '876', 'Условная единица', 'усл. ед', '', 'УСЛ ЕД', '', NULL, NULL, NULL, 1651608269, 1651608269, NULL),
       (325, '877', 'Тысяча условных единиц', '10^3 усл. ед', '', 'ТЫС УСЛ ЕД', '', NULL, NULL, NULL, 1651608269,
        1651608269, NULL),
       (326, '878', 'Миллион условных единиц', '10^6 усл. ед', '', 'МЛН УСЛ ЕД', '', NULL, NULL, NULL, 1651608269,
        1651608269, NULL),
       (327, '879', 'Условная штука', 'усл. шт', '', 'УСЛ ШТ', '', NULL, NULL, NULL, 1651608270, 1651608270, NULL),
       (328, '880', 'Тысяча условных штук', '10^3 усл. шт', '', 'ТЫС УСЛ ШТ', '', NULL, NULL, NULL, 1651608270,
        1651608270, NULL),
       (329, '881', 'Условная банка', 'усл. банк', '', 'УСЛ БАНК', '', NULL, NULL, NULL, 1651608270, 1651608270, NULL),
       (330, '882', 'Тысяча условных банок', '10^3 усл. банк', '', 'ТЫС УСЛ БАНК', '', NULL, NULL, NULL, 1651608270,
        1651608270, NULL),
       (331, '883', 'Миллион условных банок', '10^6 усл. банк', '', 'МЛН УСЛ БАНК', '', NULL, NULL, NULL, 1651608270,
        1651608270, NULL),
       (332, '884', 'Условный кусок', 'усл. кус', '', 'УСЛ КУС', '', NULL, NULL, NULL, 1651608270, 1651608270, NULL),
       (333, '885', 'Тысяча условных кусков', '10^3 усл. кус', '', 'ТЫС УСЛ КУС', '', NULL, NULL, NULL, 1651608270,
        1651608270, NULL),
       (334, '886', 'Миллион условных кусков', '10^6 усл. кус', '', 'МЛН УСЛ КУС', '', NULL, NULL, NULL, 1651608270,
        1651608270, NULL),
       (335, '887', 'Условный ящик', 'усл. ящ', '', 'УСЛ ЯЩ', '', NULL, NULL, NULL, 1651608270, 1651608270, NULL),
       (336, '888', 'Тысяча условных ящиков', '10^3 усл. ящ', '', 'ТЫС УСЛ ЯЩ', '', NULL, NULL, NULL, 1651608270,
        1651608270, NULL),
       (337, '889', 'Условная катушка', 'усл. кат', '', 'УСЛ КАТ', '', NULL, NULL, NULL, 1651608270, 1651608270, NULL),
       (338, '890', 'Тысяча условных катушек', '10^3 усл. кат', '', 'ТЫС УСЛ КАТ', '', NULL, NULL, NULL, 1651608270,
        1651608270, NULL),
       (339, '891', 'Условная плитка', 'усл. плит', '', 'УСЛ ПЛИТ', '', NULL, NULL, NULL, 1651608270, 1651608270, NULL),
       (340, '892', 'Тысяча условных плиток', '10^3 усл. плит', '', 'ТЫС УСЛ ПЛИТ', '', NULL, NULL, NULL, 1651608270,
        1651608270, NULL),
       (341, '893', 'Условный кирпич', 'усл. кирп', '', 'УСЛ КИРП', '', NULL, NULL, NULL, 1651608270, 1651608270, NULL),
       (342, '894', 'Тысяча условных кирпичей', '10^3 усл. кирп', '', 'ТЫС УСЛ КИРП', '', NULL, NULL, NULL, 1651608270,
        1651608270, NULL),
       (343, '895', 'Миллион условных кирпичей', '10^6 усл. кирп', '', 'МЛН УСЛ КИРП', '', NULL, NULL, NULL, 1651608270,
        1651608270, NULL),
       (344, '896', 'Семья', 'семей', '', 'СЕМЕЙ', '', NULL, NULL, NULL, 1651608270, 1651608270, NULL),
       (345, '897', 'Тысяча семей', '10^3 семей', '', 'ТЫС СЕМЕЙ', '', NULL, NULL, NULL, 1651608270, 1651608270, NULL),
       (346, '898', 'Миллион семей', '10^6 семей', '', 'МЛН СЕМЕЙ', '', NULL, NULL, NULL, 1651608270, 1651608270, NULL),
       (347, '899', 'Домохозяйство', 'домхоз', '', 'ДОМХОЗ', '', NULL, NULL, NULL, 1651608270, 1651608270, NULL),
       (348, '900', 'Тысяча домохозяйств', '10^3 домхоз', '', 'ТЫС ДОМХОЗ', '', NULL, NULL, NULL, 1651608270,
        1651608270, NULL),
       (349, '901', 'Миллион домохозяйств', '10^6 домхоз', '', 'МЛН ДОМХОЗ', '', NULL, NULL, NULL, 1651608270,
        1651608270, NULL),
       (350, '902', 'Ученическое место', 'учен. мест', '', 'УЧЕН МЕСТ', '', NULL, NULL, NULL, 1651608270, 1651608270,
        NULL),
       (351, '903', 'Тысяча ученических мест', '10^3 учен. мест', '', 'ТЫС УЧЕН МЕСТ', '', NULL, NULL, NULL, 1651608270,
        1651608270, NULL),
       (352, '904', 'Рабочее место', 'раб. мест', '', 'РАБ МЕСТ', '', NULL, NULL, NULL, 1651608270, 1651608270, NULL),
       (353, '905', 'Тысяча рабочих мест', '10^3 раб. мест', '', 'ТЫС РАБ МЕСТ', '', NULL, NULL, NULL, 1651608270,
        1651608270, NULL),
       (354, '906', 'Посадочное место', 'посад. мест', '', 'ПОСАД МЕСТ', '', NULL, NULL, NULL, 1651608270, 1651608270,
        NULL),
       (355, '907', 'Тысяча посадочных мест', '10^3 посад. мест', '', 'ТЫС ПОСАД МЕСТ', '', NULL, NULL, NULL,
        1651608270, 1651608270, NULL),
       (356, '908', 'Номер', 'ном', '', 'НОМ', '', NULL, NULL, NULL, 1651608270, 1651608270, NULL),
       (357, '909', 'Квартира', 'кварт', '', 'КВАРТ', '', NULL, NULL, NULL, 1651608270, 1651608270, NULL),
       (358, '910', 'Тысяча квартир', '10^3 кварт', '', 'ТЫС КВАРТ', '', NULL, NULL, NULL, 1651608270, 1651608270,
        NULL),
       (359, '911', 'Койка', 'коек', '', 'КОЕК', '', NULL, NULL, NULL, 1651608270, 1651608270, NULL),
       (360, '912', 'Тысяча коек', '10^3 коек', '', 'ТЫС КОЕК', '', NULL, NULL, NULL, 1651608270, 1651608270, NULL),
       (361, '913', 'Том книжного фонда', 'том книжн. фонд', '', 'ТОМ КНИЖН ФОНД', '', NULL, NULL, NULL, 1651608270,
        1651608270, NULL),
       (362, '914', 'Тысяча томов книжного фонда', '10^3 том. книжн. фонд', '', 'ТЫС ТОМ КНИЖН ФОНД', '', NULL, NULL,
        NULL, 1651608270, 1651608270, NULL),
       (363, '915', 'Условный ремонт', 'усл. рем', '', 'УСЛ РЕМ', '', NULL, NULL, NULL, 1651608270, 1651608270, NULL),
       (364, '916', 'Условный ремонт в год', 'усл. рем/год', '', 'УСЛ РЕМ/ГОД', '', NULL, NULL, NULL, 1651608270,
        1651608270, NULL),
       (365, '917', 'Смена', 'смен', '', 'СМЕН', '', NULL, NULL, NULL, 1651608270, 1651608270, NULL),
       (366, '918', 'Лист авторский', 'л. авт', '', 'ЛИСТ АВТ', '', NULL, NULL, NULL, 1651608270, 1651608270, NULL),
       (367, '920', 'Лист печатный', 'л. печ', '', 'ЛИСТ ПЕЧ', '', NULL, NULL, NULL, 1651608270, 1651608270, NULL),
       (368, '921', 'Лист учетно-издательский', 'л. уч.-изд', '', 'ЛИСТ УЧ.ИЗД', '', NULL, NULL, NULL, 1651608270,
        1651608270, NULL),
       (369, '922', 'Знак', 'знак', '', 'ЗНАК', '', NULL, NULL, NULL, 1651608270, 1651608270, NULL),
       (370, '923', 'Слово', 'слово', '', 'СЛОВО', '', NULL, NULL, NULL, 1651608270, 1651608270, NULL),
       (371, '924', 'Символ', 'символ', '', 'СИМВОЛ', '', NULL, NULL, NULL, 1651608270, 1651608270, NULL),
       (372, '925', 'Условная труба', 'усл. труб', '', 'УСЛ ТРУБ', '', NULL, NULL, NULL, 1651608270, 1651608270, NULL),
       (373, '930', 'Тысяча пластин', '10^3 пласт', '', 'ТЫС ПЛАСТ', '', NULL, NULL, NULL, 1651608270, 1651608270,
        NULL),
       (374, '937', 'Миллион доз', '10^6 доз', '', 'МЛН ДОЗ', '', NULL, NULL, NULL, 1651608270, 1651608270, NULL),
       (375, '949', 'Миллион листов-оттисков', '10^6 лист.оттиск', '', 'МЛН ЛИСТ.ОТТИСК', '', NULL, NULL, NULL,
        1651608270, 1651608270, NULL),
       (376, '950', 'Вагоно(машино)-день', 'ваг (маш).дн', '', 'ВАГ (МАШ).ДН', '', NULL, NULL, NULL, 1651608270,
        1651608270, NULL),
       (377, '951', 'Тысяча вагоно-(машино)-часов', '10^3 ваг (маш).ч', '', 'ТЫС ВАГ (МАШ).Ч', '', NULL, NULL, NULL,
        1651608270, 1651608270, NULL),
       (378, '952', 'Тысяча вагоно-(машино)-километров', '10^3 ваг (маш).км', '', 'ТЫС ВАГ (МАШ).КМ', '', NULL, NULL,
        NULL, 1651608270, 1651608270, NULL),
       (379, '953', 'Тысяча место-километров', '10 ^3мест.км', '', 'ТЫС МЕСТ.КМ', '', NULL, NULL, NULL, 1651608270,
        1651608270, NULL),
       (380, '954', 'Вагоно-сутки', 'ваг.сут', '', 'ВАГ.СУТ', '', NULL, NULL, NULL, 1651608270, 1651608270, NULL),
       (381, '955', 'Тысяча поездо-часов', '10^3 поезд.ч', '', 'ТЫС ПОЕЗД.Ч', '', NULL, NULL, NULL, 1651608270,
        1651608270, NULL),
       (382, '956', 'Тысяча поездо-километров', '10^3 поезд.км', '', 'ТЫС ПОЕЗД.КМ', '', NULL, NULL, NULL, 1651608270,
        1651608270, NULL),
       (383, '957', 'Тысяча тонно-миль', '10^3 т.миль', '', 'ТЫС Т.МИЛЬ', '', NULL, NULL, NULL, 1651608270, 1651608270,
        NULL),
       (384, '958', 'Тысяча пассажиро-миль', '10^3 пасс.миль', '', 'ТЫС ПАСС.МИЛЬ', '', NULL, NULL, NULL, 1651608270,
        1651608270, NULL),
       (385, '959', 'Автомобиле-день', 'автомоб.дн', '', 'АВТОМОБ.ДН', '', NULL, NULL, NULL, 1651608270, 1651608270,
        NULL),
       (386, '960', 'Тысяча автомобиле-тонно-дней', '10^3 автомоб.т.дн', '', 'ТЫС АВТОМОБ.Т.ДН', '', NULL, NULL, NULL,
        1651608270, 1651608270, NULL),
       (387, '961', 'Тысяча автомобиле-часов', '10^3 автомоб.ч', '', 'ТЫС АВТОМОБ.Ч', '', NULL, NULL, NULL, 1651608270,
        1651608270, NULL),
       (388, '962', 'Тысяча автомобиле-место-дней', '10^3 автомоб.мест. дн', '', 'ТЫС АВТОМОБ.МЕСТ. ДН', '', NULL, NULL,
        NULL, 1651608270, 1651608270, NULL),
       (389, '963', 'Приведенный час', 'привед.ч', '', 'ПРИВЕД.Ч', '', NULL, NULL, NULL, 1651608270, 1651608270, NULL),
       (390, '964', 'Самолето-километр', 'самолет.км', '', 'САМОЛЕТ.КМ', '', NULL, NULL, NULL, 1651608270, 1651608270,
        NULL),
       (391, '965', 'Тысяча километров', '10^3 км', '', 'ТЫС КМ', '', NULL, NULL, NULL, 1651608270, 1651608270, NULL),
       (392, '966', 'Тысяча тоннаже-рейсов', '10^3 тоннаж. рейс', '', 'ТЫС ТОННАЖ. РЕЙС', '', NULL, NULL, NULL,
        1651608270, 1651608270, NULL),
       (393, '967', 'Миллион тонно-миль', '10^6 т. миль', '', 'МЛН Т. МИЛЬ', '', NULL, NULL, NULL, 1651608270,
        1651608270, NULL),
       (394, '968', 'Миллион пассажиро-миль', '10^6 пасс. миль', '', 'МЛН ПАСС. МИЛЬ', '', NULL, NULL, NULL, 1651608270,
        1651608270, NULL),
       (395, '969', 'Миллион тоннаже-миль', '10^6 тоннаж. миль', '', 'МЛН ТОННАЖ. МИЛЬ', '', NULL, NULL, NULL,
        1651608270, 1651608270, NULL),
       (396, '970', 'Миллион пассажиро-место-миль', '10^6 пасс. мест. миль', '', 'МЛН ПАСС. МЕСТ. МИЛЬ', '', NULL, NULL,
        NULL, 1651608270, 1651608270, NULL),
       (397, '971', 'Кормо-день', 'корм. дн', '', 'КОРМ. ДН', '', NULL, NULL, NULL, 1651608270, 1651608270, NULL),
       (398, '972', 'Центнер кормовых единиц', 'ц корм ед', '', 'Ц КОРМ ЕД', '', NULL, NULL, NULL, 1651608270,
        1651608270, NULL),
       (399, '973', 'Тысяча автомобиле-километров', '10^3 автомоб. км', '', 'ТЫС АВТОМОБ. КМ', '', NULL, NULL, NULL,
        1651608270, 1651608270, NULL),
       (400, '974', 'Тысяча тоннаже-сут', '10^3 тоннаж. сут', '', 'ТЫС ТОННАЖ. СУТ', '', NULL, NULL, NULL, 1651608270,
        1651608270, NULL),
       (401, '975', 'Суго-сутки', 'суго. сут.', '', 'СУГО. СУТ', '', NULL, NULL, NULL, 1651608270, 1651608270, NULL),
       (402, '976', 'Штук в 20-футовом эквиваленте (ДФЭ)', 'штук в 20-футовом эквиваленте', '', 'ШТ В 20 ФУТ ЭКВИВ', '',
        NULL, NULL, NULL, 1651608270, 1651608270, NULL),
       (403, '977', 'Канало-километр', 'канал. км', '', 'КАНАЛ. КМ', '', NULL, NULL, NULL, 1651608270, 1651608270,
        NULL),
       (404, '978', 'Канало-концы', 'канал. конц', '', 'КАНАЛ. КОНЦ', '', NULL, NULL, NULL, 1651608270, 1651608270,
        NULL),
       (405, '979', 'Тысяча экземпляров', '10^3 экз', '', 'ТЫС ЭКЗ', '', NULL, NULL, NULL, 1651608270, 1651608270,
        NULL),
       (406, '980', 'Тысяча долларов', '10^3 доллар', '', 'ТЫС ДОЛЛАР', '', NULL, NULL, NULL, 1651608270, 1651608270,
        NULL),
       (407, '981', 'Тысяча тонн кормовых единиц', '10^3 корм ед', '', 'ТЫС Т КОРМ ЕД', '', NULL, NULL, NULL,
        1651608270, 1651608270, NULL),
       (408, '982', 'Миллион тонн кормовых единиц', '10^6 корм ед', '', 'МЛН Т КОРМ ЕД', '', NULL, NULL, NULL,
        1651608270, 1651608270, NULL),
       (409, '983', 'Судо-сутки', 'суд.сут', '', 'СУД.СУТ', '', NULL, NULL, NULL, 1651608270, 1651608270, NULL),
       (410, '017', 'Гектометр', '', 'hm', '', 'HMT', NULL, NULL, NULL, 1651608270, 1651608270, NULL),
       (411, '045', 'Миля (уставная) (1609,344 м)', '', 'mile', '', 'SMI', NULL, NULL, NULL, 1651608270, 1651608270,
        NULL),
       (412, '077', 'Акр (4840 квадратных ярдов)', '', 'acre', '', 'ACR', NULL, NULL, NULL, 1651608270, 1651608270,
        NULL),
       (413, '079', 'Квадратная миля', '', 'mile2', '', 'MIK', NULL, NULL, NULL, 1651608270, 1651608270, NULL),
       (414, '135', 'Жидкостная унция СК (28,413 см3)', '', 'fl oz (UK)', '', 'OZI', NULL, NULL, NULL, 1651608270,
        1651608270, NULL),
       (415, '136', 'Джилл СК (0,142065 дм3)', '', 'gill (UK)', '', 'GII', NULL, NULL, NULL, 1651608270, 1651608270,
        NULL),
       (416, '137', 'Пинта СК (0,568262 дм3)', '', 'pt (UK)', '', 'PTI', NULL, NULL, NULL, 1651608270, 1651608270,
        NULL),
       (417, '138', 'Кварта СК (1,136523 дм3)', '', 'qt (UK)', '', 'QTI', NULL, NULL, NULL, 1651608270, 1651608270,
        NULL),
       (418, '139', 'Галлон СК (4,546092 дм3)', '', 'gal (UK)', '', 'GLI', NULL, NULL, NULL, 1651608270, 1651608270,
        NULL),
       (419, '140', 'Бушель СК (36,36874 дм3)', '', 'bu (UK)', '', 'BUI', NULL, NULL, NULL, 1651608270, 1651608270,
        NULL),
       (420, '141', 'Жидкостная унция США (29,5735 см3)', '', 'fl oz (US)', '', 'OZA', NULL, NULL, NULL, 1651608270,
        1651608270, NULL),
       (421, '142', 'Джилл США (11,8294 см3)', '', 'gill (US)', '', 'GIA', NULL, NULL, NULL, 1651608270, 1651608270,
        NULL),
       (422, '143', 'Жидкостная пинта США (0,473176 дм3)', '', 'liq pt (US)', '', 'PTL', NULL, NULL, NULL, 1651608270,
        1651608270, NULL),
       (423, '144', 'Жидкостная кварта США (0,946353 дм3)', '', 'liq qt (US)', '', 'QTL', NULL, NULL, NULL, 1651608270,
        1651608270, NULL),
       (424, '145', 'Жидкостный галлон США (3,78541 дм3)', '', 'gal (US)', '', 'GLL', NULL, NULL, NULL, 1651608270,
        1651608270, NULL),
       (425, '146', 'Баррель (нефтяной) США (158,987 дм3)', '', 'barrel (US)', '', 'BLL', NULL, NULL, NULL, 1651608270,
        1651608270, NULL),
       (426, '147', 'Сухая пинта США (0,55061 дм3)', '', 'dry pt (US)', '', 'PTD', NULL, NULL, NULL, 1651608270,
        1651608270, NULL),
       (427, '148', 'Сухая кварта США (1,101221 дм3)', '', 'dry qt (US)', '', 'QTD', NULL, NULL, NULL, 1651608270,
        1651608270, NULL),
       (428, '149', 'Сухой галлон США (4,404884 дм3)', '', 'dry gal (US)', '', 'GLD', NULL, NULL, NULL, 1651608270,
        1651608270, NULL),
       (429, '150', 'Бушель США (35,2391 дм3)', '', 'bu (US)', '', 'BUA', NULL, NULL, NULL, 1651608270, 1651608270,
        NULL),
       (430, '151', 'Сухой баррель США (115,627 дм3)', '', 'bbl (US)', '', 'BLD', NULL, NULL, NULL, 1651608270,
        1651608270, NULL),
       (431, '152', 'Стандарт', '', '-', '', 'WSD', NULL, NULL, NULL, 1651608270, 1651608270, NULL),
       (432, '153', 'Корд (3,63 м3)', '', '-', '', 'WCD', NULL, NULL, NULL, 1651608270, 1651608270, NULL),
       (433, '154', 'Тысячи бордфутов (2,36 м3)', '', '-', '', 'MBF', NULL, NULL, NULL, 1651608270, 1651608270, NULL),
       (434, '182', 'Нетто-регистровая тонна', '', '-', '', 'NTT', NULL, NULL, NULL, 1651608270, 1651608270, NULL),
       (435, '183', 'Обмерная (фрахтовая) тонна', '', '-', '', 'SHT', NULL, NULL, NULL, 1651608270, 1651608270, NULL),
       (436, '184', 'Водоизмещение', '', '-', '', 'DPT', NULL, NULL, NULL, 1651608270, 1651608270, NULL),
       (437, '186', 'Фунт СК, США (0,45359237 кг)', '', 'lb', '', 'LBR', NULL, NULL, NULL, 1651608270, 1651608270,
        NULL),
       (438, '187', 'Унция СК, США (28,349523 г)', '', 'oz', '', 'ONZ', NULL, NULL, NULL, 1651608270, 1651608270, NULL),
       (439, '188', 'Драхма СК (1,771745 г)', '', 'dr', '', 'DRI', NULL, NULL, NULL, 1651608270, 1651608270, NULL),
       (440, '189', 'Гран СК, США (64,798910 мг)', '', 'gn', '', 'GRN', NULL, NULL, NULL, 1651608270, 1651608270, NULL),
       (441, '190', 'Стоун СК (6,350293 кг)', '', 'st', '', 'STI', NULL, NULL, NULL, 1651608270, 1651608270, NULL),
       (442, '191', 'Квартер СК (12,700586 кг)', '', 'qtr', '', 'QTR', NULL, NULL, NULL, 1651608270, 1651608270, NULL),
       (443, '192', 'Центал СК (45,359237 кг)', '', '-', '', 'CNT', NULL, NULL, NULL, 1651608270, 1651608270, NULL),
       (444, '193', 'Центнер США (45,3592 кг)', '', 'cwt', '', 'CWA', NULL, NULL, NULL, 1651608270, 1651608270, NULL),
       (445, '194', 'Длинный центнер СК (50,802345 кг)', '', 'cwt (UK)', '', 'CWI', NULL, NULL, NULL, 1651608270,
        1651608270, NULL),
       (446, '195', 'Короткая тонна СК, США (0,90718474 т) [2*]', '', 'sht', '', 'STN', NULL, NULL, NULL, 1651608270,
        1651608270, NULL),
       (447, '196', 'Длинная тонна СК, США (1,0160469 т) [2*]', '', 'lt', '', 'LTN', NULL, NULL, NULL, 1651608270,
        1651608270, NULL),
       (448, '197', 'Скрупул СК, США (1,295982 г)', '', 'scr', '', 'SCR', NULL, NULL, NULL, 1651608270, 1651608270,
        NULL),
       (449, '198', 'Пеннивейт СК, США (1,555174 г)', '', 'dwt', '', 'DWT', NULL, NULL, NULL, 1651608270, 1651608270,
        NULL),
       (450, '199', 'Драхма СК (3,887935 г)', '', 'drm', '', 'DRM', NULL, NULL, NULL, 1651608270, 1651608270, NULL),
       (451, '200', 'Драхма США (3,887935 г)', '', '-', '', 'DRA', NULL, NULL, NULL, 1651608270, 1651608270, NULL),
       (452, '201', 'Унция СК, США (31,10348 г); тройская унция', '', 'apoz', '', 'APZ', NULL, NULL, NULL, 1651608270,
        1651608270, NULL),
       (453, '202', 'Тройский фунт США (373,242 г)', '', '-', '', 'LBT', NULL, NULL, NULL, 1651608270, 1651608270,
        NULL),
       (454, '213', 'Эффективная мощность (245,7 ватт)', '', 'B.h.p.', '', 'BHP', NULL, NULL, NULL, 1651608270,
        1651608270, NULL),
       (455, '275', 'Британская тепловая единица (1,055 кДж)', '', 'Btu', '', 'BTU', NULL, NULL, NULL, 1651608270,
        1651608270, NULL),
       (456, '638', 'Гросс (144 шт.)', '', 'gr; 144', '', 'GRO', NULL, NULL, NULL, 1651608270, 1651608270, NULL),
       (457, '731', 'Большой гросс (12 гроссов)', '', '1728', '', 'GGR', NULL, NULL, NULL, 1651608270, 1651608270,
        NULL),
       (458, '738', 'Короткий стандарт (7200 единиц)', '', '-', '', 'SST', NULL, NULL, NULL, 1651608270, 1651608270,
        NULL),
       (459, '835', 'Галлон спирта установленной крепости', '', '-', '', 'PGL', NULL, NULL, NULL, 1651608270,
        1651608270, NULL),
       (460, '851', 'Международная единица', '', '-', '', 'NIU', NULL, NULL, NULL, 1651608270, 1651608270, NULL),
       (461, '853', 'Сто международных единиц', '', '-', '', 'HIU', NULL, NULL, NULL, 1651608270, 1651608270, NULL),
       (462, '2545', 'Мегабит в секунду', 'Мбит/с', '', 'МБИТ/С', '', NULL, NULL, NULL, 1651608270, 1651608270, NULL),
       (463, '2547', 'Гигабит в секунду', 'Гбит/с', '', 'ГБИТ/С', '', NULL, NULL, NULL, 1651608270, 1651608270, NULL),
       (464, '2551', 'Байт в секунду', 'Байт/с', '', 'БАЙТ/С', '', NULL, NULL, NULL, 1651608270, 1651608270, NULL),
       (465, '2552', 'Гигабайт в секунду', 'Гбайт/с', '', 'ГБАЙТ/С', '', NULL, NULL, NULL, 1651608270, 1651608270,
        NULL),
       (466, '2561', 'Килобайт в секунду', 'кбайт/с', '', 'КБАЙТ/С', '', NULL, NULL, NULL, 1651608270, 1651608270,
        NULL),
       (467, '2571', 'Мегабайт в секунду', 'Мбайт/с', '', 'МБАЙТ/С', '', NULL, NULL, NULL, 1651608270, 1651608270,
        NULL),
       (468, '2581', 'Эрланг', 'Эрл', '', 'ЭРЛАНГ', '', NULL, NULL, NULL, 1651608270, 1651608270, NULL),
       (469, '276', 'Грей', 'Гр', 'Gy', 'ГР', 'GY', NULL, NULL, NULL, 1651608270, 1651608270, NULL),
       (470, '3135', 'Децибел', 'Дб', '', 'ДЕЦИБЕЛ', '', NULL, NULL, NULL, 1651608270, 1651608270, NULL),
       (471, '7923', 'Абонент', 'Абонент', '', 'АБОНЕНТ', '', NULL, NULL, NULL, 1651608270, 1651608270, NULL),
       (472, '9061', 'Миллион гектаров', '10^6 га', '', 'МЛН ГА', '', NULL, NULL, NULL, 1651608270, 1651608270, NULL),
       (473, '9062', 'Миллиард гектаров', '10^9 га', '', 'МЛРД ГА', '', NULL, NULL, NULL, 1651608270, 1651608270, NULL),
       (474, '9557', 'Миллион голов', '10^6 гол', '', 'МЛН ГОЛ', '', NULL, NULL, NULL, 1651608270, 1651608270, NULL),
       (475, '9642', 'Балл', 'балл', '', 'БАЛЛ', '', NULL, NULL, NULL, 1651608270, 1651608270, NULL),
       (476, '9802', 'Миллион долларов', '10^6 доллар', '', 'МЛН ДОЛЛАР', '', NULL, NULL, NULL, 1651608270, 1651608270,
        NULL),
       (477, '984', 'Центнеров с гектара', 'ц/га', '', 'Ц/ГА', '', NULL, NULL, NULL, 1651608270, 1651608270, NULL),
       (478, '985', 'Тысяча голов', '10^3 гол', '', 'ТЫС ГОЛ', '', NULL, NULL, NULL, 1651608270, 1651608270, NULL),
       (479, '986', 'Тысяча краско-оттисков', '10^3 краск. оттиск', '', 'ТЫС КРАСК ОТТИСК', '', NULL, NULL, NULL,
        1651608270, 1651608270, NULL),
       (480, '987', 'Миллион краско-оттисков', '10^6 краск. оттиск', '', 'МЛН КРАСК ОТТИСК', '', NULL, NULL, NULL,
        1651608270, 1651608270, NULL),
       (481, '988', 'Миллион условных плиток', '10^6 усл. плит', '', 'МЛН УСЛ ПЛИТ', '', NULL, NULL, NULL, 1651608270,
        1651608270, NULL),
       (482, '989', 'Человек в час', 'чел/ч', '', 'ЧЕЛ/Ч', '', NULL, NULL, NULL, 1651608270, 1651608270, NULL),
       (483, '990', 'Пассажиров в час', 'пасс/ч', '', 'ПАСС/Ч', '', NULL, NULL, NULL, 1651608270, 1651608270, NULL),
       (484, '991', 'Пассажиро-миля', 'пасс. миля', '', 'ПАСС МИЛЯ', '', NULL, NULL, NULL, 1651608270, 1651608270,
        NULL),
       (485, '2553', 'Гигабайт', 'Гбайт', '', 'ГБАЙТ', '', NULL, NULL, NULL, 1651608270, 1651608270, NULL),
       (486, '2554', 'Терабайт', 'Тбайт', '', 'ТБАЙТ', '', NULL, NULL, NULL, 1651608270, 1651608270, NULL),
       (487, '2555', 'Петабайт', 'Пбайт', '', 'ПБАЙТ', '', NULL, NULL, NULL, 1651608270, 1651608270, NULL),
       (488, '2556', 'Эксабайт', 'Эбайт', '', 'ЭБАЙТ', '', NULL, NULL, NULL, 1651608270, 1651608270, NULL),
       (489, '2557', 'Зеттабайт', 'Збайт', '', 'ЗБАЙТ', '', NULL, NULL, NULL, 1651608270, 1651608270, NULL),
       (490, '2558', 'Йоттабайт', 'Йбайт', '', 'ЙБАЙТ', '', NULL, NULL, NULL, 1651608270, 1651608270, NULL),
       (491, '3831', 'Рубль тонна', 'руб. тонна', '', 'РУБ ТОННА', '', NULL, NULL, NULL, 1651608270, 1651608270, NULL),
       (492, '5401', 'Дето-день', 'дет. дн', '', 'ДЕТ ДН', '', NULL, NULL, NULL, 1651608270, 1651608270, NULL),
       (493, '5423', 'Человек в год', 'чел/год', '', 'ЧЕЛ/ГОД', '', NULL, NULL, NULL, 1651608270, 1651608270, NULL),
       (494, '5451', 'Посещение', 'посещ', '', 'ПОСЕЩ', '', NULL, NULL, NULL, 1651608270, 1651608270, NULL),
       (495, '5562', 'Тысяча гнезд', '10^3 гнезд', '', 'ТЫС ГНЕЗД', '', NULL, NULL, NULL, 1651608270, 1651608270, NULL),
       (496, '6421', 'Единиц в год', 'ед/год', '', 'ЕД/ГОД', '', NULL, NULL, NULL, 1651608270, 1651608270, NULL),
       (497, '6422', 'Вызов', 'вызов', '', 'ВЫЗОВ', '', NULL, NULL, NULL, 1651608270, 1651608270, NULL),
       (498, '6424', 'Штамм', 'штамм', '', 'ШТАММ', '', NULL, NULL, NULL, 1651608270, 1651608270, NULL),
       (499, '8361', 'Особь', 'ос', '', 'ОСОБЬ', '', NULL, NULL, NULL, 1651608270, 1651608270, NULL),
       (500, '8751', 'Коробка', 'кор', '', 'КОР', '', NULL, NULL, NULL, 1651608270, 1651608270, NULL),
       (501, '9111', 'Койко-день', 'койк. дн', '', 'КОЙК ДН', '', NULL, NULL, NULL, 1651608270, 1651608270, NULL),
       (502, '9113', 'Пациенто-день', 'пациент. дн', '', 'ПАЦИЕНТ ДН', '', NULL, NULL, NULL, 1651608270, 1651608270,
        NULL),
       (503, '9245', 'Запись', 'запись', '', 'ЗАПИСЬ', '', NULL, NULL, NULL, 1651608270, 1651608270, NULL),
       (504, '9246', 'Документ', 'докум', '', 'ДОКУМ', '', NULL, NULL, NULL, 1651608270, 1651608270, NULL),
       (505, '9491', 'Лист-оттиск', 'лист. оттиск', '', 'ЛИСТ. ОТТИСК', '', NULL, NULL, NULL, 1651608270, 1651608270,
        NULL),
       (506, '9501', 'Вагоно (машино)-час', 'ваг (маш) ч', '', 'ВАГ (МАШ) Ч', '', NULL, NULL, NULL, 1651608270,
        1651608270, NULL),
       (507, '9641', 'Летный час', 'летн. ч', '', 'ЛЕТН Ч', '', NULL, NULL, NULL, 1651608270, 1651608270, NULL),
       (508, '9803', 'Миллиард долларов', '10^9 доллар', '', 'МЛРД ДОЛЛАР', '', NULL, NULL, NULL, 1651608270,
        1651608270, NULL),
       (509, '9805', 'Доллар за тонну', 'доллар за тонну', '', 'ДОЛЛАР ЗА ТОННУ', '', NULL, NULL, NULL, 1651608270,
        1651608270, NULL),
       (510, '6423', 'Посевная единица', 'пос.ед', '', 'ПОС.ЕД', '', NULL, NULL, NULL, 1651608270, 1651608270, NULL),
       (511, '508', 'Тысяча метров кубических в час', '103 м^3/ч', '', 'ТЫС М3/Ч', '', NULL, NULL, NULL, 1651608270,
        1651608270, NULL),
       (512, '164', 'Микрограмм', 'мкг', 'mg', 'МКГ', 'MG', NULL, NULL, NULL, 1651608270, 1651608270, NULL),
       (513, '303', 'Килобеккерель', 'кБк', 'kBq', 'КИЛОБК', 'KBQ', NULL, NULL, NULL, 1651608270, 1651608270, NULL),
       (514, '307', 'Мегабеккерель', 'МБк', 'MBq', 'МЕГАБК', 'MBQ', NULL, NULL, NULL, 1651608270, 1651608270, NULL),
       (515, '320', 'Моль', 'моль', 'mol', 'МОЛЬ', 'MOL', NULL, NULL, NULL, 1651608270, 1651608270, NULL),
       (516, '9910', 'Международная единица биологической активности', 'МЕ', '', 'МЕ', '', NULL, NULL, NULL, 1651608270,
        1651608270, NULL),
       (517, '9911', 'Тысяча международных единиц биологической активности', 'тыс. МЕ', '', 'ТЫС. МЕ', '', NULL, NULL,
        NULL, 1651608270, 1651608270, NULL),
       (518, '9912', 'Миллион международных единиц биологической активности', 'млн. МЕ', '', 'МЛН. МЕ', '', NULL, NULL,
        NULL, 1651608270, 1651608270, NULL),
       (519, '9913', 'Международная единица биологической активности на грамм', 'МЕ/г', '', 'МЕ/Г', '', NULL, NULL,
        NULL, 1651608270, 1651608270, NULL),
       (520, '9914', 'Тысяча международных единиц биологической активности на грамм', 'тыс. МЕ/г', '', 'ТЫС. МЕ/Г', '',
        NULL, NULL, NULL, 1651608270, 1651608270, NULL),
       (521, '9915', 'Миллион международных единиц биологической активности на грамм', 'млн. МЕ/г', '', 'МЛН. МЕ/Г', '',
        NULL, NULL, NULL, 1651608270, 1651608270, NULL),
       (522, '9916', 'Международная единица биологической активности на миллилитр', 'МЕ/мл', '', 'МЕ/МЛ', '', NULL,
        NULL, NULL, 1651608270, 1651608270, NULL),
       (523, '9917', 'Тысяча международных единиц биологической активности на миллилитр', 'тыс. МЕ/мл', '',
        'ТЫС. МЕ/МЛ', '', NULL, NULL, NULL, 1651608270, 1651608270, NULL),
       (524, '9918', 'Миллион международных единиц биологической активности на миллилитр', 'млн. МЕ/мл', '',
        'МЛН. МЕ/МЛ', '', NULL, NULL, NULL, 1651608270, 1651608270, NULL),
       (525, '9920', 'Единица действия биологической активности', 'ЕД', '', 'ЕД', '', NULL, NULL, NULL, 1651608270,
        1651608270, NULL),
       (526, '9921', 'Единица биологической активности на грамм', 'ЕД/г', '', 'ЕД/Г', '', NULL, NULL, NULL, 1651608270,
        1651608270, NULL),
       (527, '9922', 'Тысяча единиц действия биологической активности на грамм', 'тыс. ЕД/г', '', 'ТЫС. ЕД/Г', '', NULL,
        NULL, NULL, 1651608270, 1651608270, NULL),
       (528, '9923', 'Единица действия биологической активности на микролитр', 'ЕД/мкл', '', 'ЕД/МКЛ', '', NULL, NULL,
        NULL, 1651608270, 1651608270, NULL),
       (529, '9924', 'Единица действия биологической активности на миллилитр', 'ЕД/мл', '', 'ЕД/МЛ', '', NULL, NULL,
        NULL, 1651608270, 1651608270, NULL),
       (530, '9925', 'Тысяча единиц действия биологической активности на миллилитр', 'тыс. ЕД/мл', '', 'ТЫС. ЕД/МЛ', '',
        NULL, NULL, NULL, 1651608270, 1651608270, NULL),
       (531, '9926', 'Миллион единиц действия биологической активности на миллилитр', 'млн. ЕД/мл', '', 'МЛН. ЕД/МЛ',
        '', NULL, NULL, NULL, 1651608270, 1651608270, NULL),
       (532, '9927', 'Единица действия биологической активности в сутки', 'ЕД/сут', '', 'ЕД/СУТ', '', NULL, NULL, NULL,
        1651608270, 1651608270, NULL),
       (533, '9930', 'Антитоксическая единица', 'АЕ', '', 'АЕ', '', NULL, NULL, NULL, 1651608270, 1651608270, NULL),
       (534, '9931', 'Тысяча антитоксических единиц', 'тыс. АЕ', '', 'ТЫС. АЕ', '', NULL, NULL, NULL, 1651608270,
        1651608270, NULL),
       (535, '9940', 'Антитрипсиновая единица', 'АТрЕ', '', 'АТРЕ', '', NULL, NULL, NULL, 1651608270, 1651608270, NULL),
       (536, '9941', 'Тысяча антитрипсиновых единиц', 'тыс. АТрЕ', '', 'ТЫС. АТРЕ', '', NULL, NULL, NULL, 1651608270,
        1651608270, NULL),
       (537, '9950', 'Индекс Реактивности', 'ИР', '', 'ИР', '', NULL, NULL, NULL, 1651608270, 1651608270, NULL),
       (538, '9951', 'Индекс Реактивности на миллилитр', 'ИР/мл', '', 'ИР/МЛ', '', NULL, NULL, NULL, 1651608270,
        1651608270, NULL),
       (539, '9960', 'Килобеккерель на миллилитр', 'кБк/мл', '', 'КИЛОБК/МЛ', '', NULL, NULL, NULL, 1651608270,
        1651608270, NULL),
       (540, '9961', 'Мегабеккерель на миллилитр', 'МБк/мл', '', 'МЕГАБК/МЛ', '', NULL, NULL, NULL, 1651608270,
        1651608270, NULL),
       (541, '9962', 'Мегабеккерель на метр квадратный', 'МБк/м2', '', 'МЕГАБК/М2', '', NULL, NULL, NULL, 1651608270,
        1651608270, NULL),
       (542, '9970', 'Калликреиновая ингибирующая единица на миллилитр', 'КИЕ/мл', '', 'КИЕ/МЛ', '', NULL, NULL, NULL,
        1651608270, 1651608270, NULL),
       (543, '9971', 'Тысяча калликреиновых ингибирующих единиц на миллилитр', 'тыс. КИЕ/МЛ', '', 'ТЫС. КИЕ/МЛ', '',
        NULL, NULL, NULL, 1651608270, 1651608270, NULL),
       (544, '9980', 'Миллион колониеобразующих единиц', 'млн. КОЕ', '', 'МЛН. КОЕ', '', NULL, NULL, NULL, 1651608270,
        1651608270, NULL),
       (545, '9981', 'Миллион колониеобразующих единиц на пакет', 'млн. КОЕ/пакет', '', 'МЛН. КОЕ/ПАКЕТ', '', NULL,
        NULL, NULL, 1651608270, 1651608270, NULL),
       (546, '9982', 'Миллиард колониеобразующих единиц', 'млрд. КОЕ', '', 'МЛРД. КОЕ', '', NULL, NULL, NULL,
        1651608270, 1651608270, NULL),
       (547, '9983', 'Протеолитическая единица', 'ПЕ', '', 'ПЕ', '', NULL, NULL, NULL, 1651608270, 1651608270, NULL),
       (548, '9985', 'Микрограмм на миллилитр', 'Мкг/мл', '', 'МКГ/МЛ', '', NULL, NULL, NULL, 1651608270, 1651608270,
        NULL),
       (549, '9986', 'Микрограмм в сутки', 'Мкг/сут', '', 'МГК/СУТ', '', NULL, NULL, NULL, 1651608270, 1651608270,
        NULL),
       (550, '9987', 'Микрограмм в час', 'Мкг/ч', '', 'МКГ/Ч', '', NULL, NULL, NULL, 1651608270, 1651608270, NULL),
       (551, '9988', 'Микрограмм на дозу', 'Мкг/доза', '', 'МКГ/ДОЗА', '', NULL, NULL, NULL, 1651608270, 1651608270,
        NULL),
       (552, '9990', 'Миллимоль на миллилитр', 'моль/мл', '', 'ММОЛЬ/МЛ', '', NULL, NULL, NULL, 1651608270, 1651608270,
        NULL),
       (553, '9991', 'Миллимоль на литр', 'ммоль/л', '', 'ММОЛЬ/Л', '', NULL, NULL, NULL, 1651608270, 1651608270, NULL),
       (554, '728', 'Пачка', 'пач', '', 'ПАЧ', '', NULL, NULL, NULL, 1651608270, 1651608270, NULL),
       (555, '509', 'Километр в сутки', 'км/сут', '', 'КМ/СУТ', '', NULL, NULL, NULL, 1651608270, 1651608270, NULL),
       (556, '277', 'Микрогрей', 'мкГр', 'μGy', 'МКГР', 'MKGY', NULL, NULL, NULL, 1651608270, 1651608270, NULL),
       (557, '278', 'Миллигрей', 'мГр', 'mGy', 'МЛГР', 'MGY', NULL, NULL, NULL, 1651608270, 1651608270, NULL),
       (558, '279', 'Килогрей', 'кГр', 'kGy', 'КИЛОГР', 'KGY', NULL, NULL, NULL, 1651608270, 1651608270, NULL),
       (559, '293', 'Гигагерц', 'ГГц', 'GHz', 'ГИГАГЦ', 'GHZ', NULL, NULL, NULL, 1651608270, 1651608270, NULL),
       (560, '295', 'Терагерц', 'ТГц', 'THz', 'ТЕРАГЦ', 'THZ', NULL, NULL, NULL, 1651608270, 1651608270, NULL),
       (561, '351', 'Наносекунда', 'нс', '', 'НС', '', NULL, NULL, NULL, 1651608270, 1651608270, NULL),
       (562, '318', 'Зиверт', 'Зв', 'Sv', 'ЗВ', 'SV', NULL, NULL, NULL, 1651608270, 1651608270, NULL),
       (563, '319', 'Микрозиверт', 'мкЗв', 'μSv', 'МКЗВ', 'MKSV', NULL, NULL, NULL, 1651608270, 1651608270, NULL),
       (564, '321', 'Миллизиверт', 'мЗв', 'mSv', 'МЗВ', 'MSV', NULL, NULL, NULL, 1651608270, 1651608270, NULL),
       (565, '348', 'Фемтосекунда', 'фс', '', 'ФС', '', NULL, NULL, NULL, 1651608270, 1651608270, NULL),
       (566, '350', 'Пикосекунда', 'пс', '', 'ПС', '', NULL, NULL, NULL, 1651608270, 1651608270, NULL),
       (567, '2311', 'Грей в секунду', 'Гр/с', '', 'ГР/С', '', NULL, NULL, NULL, 1651608270, 1651608270, NULL),
       (568, '2312', 'Грей в минуту', 'Гр/мин', '', 'ГР/МИН', '', NULL, NULL, NULL, 1651608270, 1651608270, NULL),
       (569, '2313', 'Грей в час', 'Гр/ч', '', 'ГР/Ч', '', NULL, NULL, NULL, 1651608270, 1651608270, NULL),
       (570, '2314', 'Микрогрей в секунду', 'мкГр/с', '', 'МКГР/С', '', NULL, NULL, NULL, 1651608270, 1651608270, NULL),
       (571, '2315', 'Микрогрей в час', 'мкГр/ч', '', 'МКГР/Ч', '', NULL, NULL, NULL, 1651608270, 1651608270, NULL),
       (572, '2316', 'Миллигрей в час', 'мГр/ч', '', 'МЛГР/Ч', '', NULL, NULL, NULL, 1651608270, 1651608270, NULL),
       (573, '2351', 'Зиверт в час', 'Зв/ч', '', 'ЗВ/Ч', '', NULL, NULL, NULL, 1651608270, 1651608270, NULL),
       (574, '2352', 'Микрозиверт в секунду', 'мкЗв/с', '', 'МКЗВ/С', '', NULL, NULL, NULL, 1651608270, 1651608270,
        NULL),
       (575, '2353', 'Микрозиверт в час', 'мкЗв/ч', '', 'МКЗВ/Ч', '', NULL, NULL, NULL, 1651608270, 1651608270, NULL),
       (576, '2354', 'Миллизиверт в час', 'мЗв/ч', '', 'МЛВЗ/Ч', '', NULL, NULL, NULL, 1651608270, 1651608270, NULL),
       (577, '2355', 'Градус (плоского угла)', '', '', '', '', NULL, NULL, NULL, 1651608270, 1651608270, NULL),
       (578, '2356', 'Минута (плоского угла)', '', '', '', '', NULL, NULL, NULL, 1651608270, 1651608270, NULL),
       (579, '2357', 'Секунда (плоского угла)', '', '', '', '', NULL, NULL, NULL, 1651608270, 1651608270, NULL),
       (580, '426', 'Пар грузовых поездов в сутки', 'пар груз поезд/сут', '', 'Пар Груз Поезд/Сут', '', NULL, NULL,
        NULL, 1651608270, 1651608270, NULL),
       (581, '747', 'Базисный пункт', 'б.п.', '', 'БП', '', NULL, NULL, NULL, 1651608270, 1651608270, NULL),
       (582, '340', 'Грамм условного топлива на киловатт-час', 'г у.т./кВт•ч', '', 'Г У.Т./КВТ•Ч', '', NULL, NULL, NULL,
        1651608270, 1651608270, NULL),
       (583, '341', 'Килограмм условного топлива на гигакалорию', 'кг у.т./Гкал', '', 'КГ У.Т./ГКАЛ', '', NULL, NULL,
        NULL, 1651608270, 1651608270, NULL),
       (584, '9823', 'Миллиард евро', '10^9 евро', '', 'МЛРД ЕВРО', '', NULL, NULL, NULL, 1651608270, 1651608270, NULL);

TRUNCATE `ax_user`;
INSERT INTO `ax_user` (`id`, `first_name`, `last_name`, `patronymic`, `phone`, `email`, `is_email`, `is_phone`,
                       `status`, `avatar`, `password_hash`, `remember_token`, `auth_key`, `password_reset_token`,
                       `created_at`, `updated_at`, `deleted_at`)
VALUES (6, 'Алексей', 'Алексеев', 'Александрович', '9621829550', 'axlle@mail.ru', 0, 0, 8, NULL,
        '$2y$13$DMqEjJJL9gjftb80gCt5n.fOTyoTfAEv/HsQPh2IEQa42bfNsfF5S', 'kyyBBbb80b3ZflMDdsynKC0B4skxf_gF',
        'kyyBBbb80b3ZflMDdsynKC0B4skxf_gF', NULL, 1666355911, NULL, NULL),
       (7, 'Dimmagio', 'Dimmagio', NULL, '9284252522', 'redscool@mail.ru', 1, 0, 9,
        '/upload/ax_user/7/2n9uL9FgRiXDNUgT6W6aKgG24CQu2OAYJ820A0Nr.jpeg',
        '$2y$10$u5HQ.yb7ANIADwTO.D/QiebTrYwKFQ6xsmyFets38SOpcGxrGaDeK',
        'NLjT7eHSRd7q73qykcARWD1dkZ1reUwkSEOz6LhEPM1h6ifF73XiBsQOoYED', NULL, NULL, 1654591860, 1657769776, NULL),
       (9, 'Антон', 'Семенов', NULL, '9094553724', NULL, 0, 0, 8, '',
        '$2y$10$H0mQTKRaQ5iTA36wEeg1ceIJrSwI4CZZszqOECjP4RFv6YccXSTRG',
        '18vm4nZULhJn5o6m3B4rRo0Z5dVMsYXMLT1ayzWlxvXhEugraB', NULL, NULL, 1654894475, 1654894475, NULL),
       (11, 'Оксана', 'Куневич', NULL, '9689738653', NULL, 0, 1, 9, NULL,
        '$2y$10$EmHGnctbAwJsfzpC8rN/heJxfI7biTIRqqmvAo7tmrROJyGEAC/ue',
        'ppDcIwP0PTpiuvKD6CrtDXOoaop89tSrnlX5Tl7eUTKU0AHF9x', NULL, NULL, 1657567747, 1657567747, NULL),
       (19, 'Жанна', 'Комиссарова', NULL, '9104959808', NULL, 0, 0, 0, NULL,
        '$2y$10$wOKLcW7OZa3aVO0kd7i9F.HSRbUmCpjeEx5w9npYl7DIOs/WASPwy',
        'haGlerEEpiP4ouqOwlP3DxZQhWa4805Jw5siMntIuHEGmJA6D1nftx03999Y', NULL, NULL, 1660420870, 1660420870, NULL),
       (20, 'Карина', 'Евсенкова', NULL, '9102870770', NULL, 0, 1, 9, NULL,
        '$2y$10$F7X/oncCVRpNMHYzBBgzJemYAJ9EdD5cpUWYPVC/icfJPnHOZuEVK',
        'nBqR5kYSo67nWy8oBO25yjxvA554udXYr783OAbm6ZVCZqv4e5', NULL, NULL, 1666448303, 1666448303, NULL);

TRUNCATE `ax_user_guest`;

TRUNCATE `ax_user_profile`;

TRUNCATE `ax_user_token`;
INSERT INTO `ax_user_token` (`id`, `user_id`, `type`, `token`, `created_at`, `updated_at`, `deleted_at`, `expired_at`)
VALUES (1, 6, 'restore-password-token',
        'eyJ0eXAiOiJKV1QiLCJhbGciOiJIUzI1NiJ9.eyJ0eXBlIjoiYSIsIm1vZGVsIjoid2ViIiwiaWQiOjYsImV4cGlyZWRfYXQiOjE2NTY5NjgzNzF9.jGwU5vSODPysMy4olR3vvWQoSsfbxvkS0yU5K8twDRQ',
        1656579304, 1656881971, NULL, 1656968371);

TRUNCATE `ax_wallet`;

TRUNCATE `ax_wallet_currency`;
INSERT INTO `ax_wallet_currency` (`id`, `currency_id`, `name`, `title`, `is_national`, `created_at`, `updated_at`,
                                  `deleted_at`)
VALUES (1, 12, 'USD', 'Доллар США', 0, 1651608268, 1651608268, NULL),
       (2, 1, 'RUB', 'Российский рубль', 1, 1651608268, 1651608268, NULL);

TRUNCATE `ax_wallet_transaction`;

TRUNCATE `ax_wallet_transaction_subject`;
INSERT INTO `ax_wallet_transaction_subject` (`id`, `fin_transaction_type_id`, `name`, `title`, `created_at`,
                                             `updated_at`, `deleted_at`)
VALUES (1, 1, 'stock', 'Покупка', 1651608268, 1651608268, NULL),
       (2, 2, 'refund', 'Возврат', 1651608268, 1651608268, NULL),
       (3, 1, 'transfer', 'Перевод', 1651608268, 1651608268, NULL);

TRUNCATE `ax_widgets_property_type`;
INSERT INTO `ax_widgets_property_type` (`id`, `resource`, `title`, `description`, `sort`, `image`, `created_at`,
                                        `updated_at`, `deleted_at`)
VALUES (1, 'ax_widgets_has_value_varchar', 'Строка', NULL, 0, NULL, 1651608269, 1651608269, NULL),
       (2, 'ax_widgets_has_value_varchar', 'Ссылка', NULL, 6, NULL, 1651608269, 1651608269, NULL),
       (3, 'ax_widgets_has_value_int', 'Число', NULL, 1, NULL, 1651608269, 1651608269, NULL),
       (4, 'ax_widgets_has_value_decimal', 'Дробное число 0.00', NULL, 2, NULL, 1651608269, 1651608269, NULL),
       (5, 'ax_widgets_has_value_text', 'Большой текст', NULL, 3, NULL, 1651608269, 1651608269, NULL),
       (6, 'ax_widgets_has_value_varchar', 'Файл', NULL, 5, NULL, 1651608269, 1651608269, NULL),
       (7, 'ax_widgets_has_value_varchar', 'Изображение', NULL, 4, NULL, 1651608269, 1651608269, NULL);

-- 2022-12-02 16:16:08
