-- Adminer 4.8.1 MySQL 5.7.37-0ubuntu0.18.04.1 dump

SET NAMES utf8;
SET time_zone = '+00:00';
SET foreign_key_checks = 0;
SET sql_mode = 'NO_AUTO_VALUE_ON_ZERO';

INSERT INTO `ax_catalog_category` (`id`, `category_id`, `render_id`, `is_published`, `is_favourites`, `is_watermark`, `image`, `show_image`, `url`, `alias`, `title`, `title_short`, `description`, `preview_description`, `sort`, `created_at`, `updated_at`, `deleted_at`) VALUES
(2,	NULL,	NULL,	0,	0,	0,	NULL,	0,	'razdelochnye-servirovochnye-doski',	'razdelochnye-servirovochnye-doski',	'Разделочные | Сервировочные доски',	NULL,	NULL,	NULL,	NULL,	1651611600,	1651653211,	NULL),
(3,	NULL,	NULL,	0,	0,	0,	NULL,	0,	'doska-kamen',	'doska-kamen',	'доска \"Камень\"',	NULL,	NULL,	NULL,	NULL,	1651611600,	1651653234,	NULL),
(4,	NULL,	NULL,	0,	0,	0,	NULL,	0,	'torcevye-doski',	'torcevye-doski',	'Торцевые доски',	NULL,	NULL,	NULL,	NULL,	1651611600,	1651653255,	NULL),
(5,	NULL,	NULL,	0,	0,	0,	NULL,	0,	'podnosy',	'podnosy',	'Подносы',	NULL,	NULL,	NULL,	NULL,	1651611600,	1651653276,	NULL),
(6,	NULL,	NULL,	0,	0,	0,	NULL,	0,	'podstavka-dlya-telefona',	'podstavka-dlya-telefona',	'Подставка для телефона',	NULL,	NULL,	NULL,	NULL,	1651611600,	1651653306,	NULL),
(7,	NULL,	NULL,	0,	0,	0,	NULL,	0,	'soputstvuyushie-tovary',	'soputstvuyushie-tovary',	'Сопутствующие товары',	NULL,	NULL,	NULL,	NULL,	1651611600,	1651653413,	NULL);

INSERT INTO `ax_catalog_document` (`id`, `user_id`, `catalog_document_subject_id`, `currency_id`, `ips_id`, `status`, `created_at`, `updated_at`, `deleted_at`) VALUES
(1,	6,	3,	NULL,	2,	1,	1653333331,	1653333331,	NULL),
(2,	6,	3,	NULL,	2,	1,	1653333331,	1653333331,	NULL),
(3,	6,	3,	NULL,	2,	1,	1653333331,	1653333331,	NULL),
(4,	6,	3,	NULL,	2,	1,	1653333331,	1653333331,	NULL),
(5,	6,	3,	NULL,	2,	1,	1653333331,	1653333331,	NULL),
(6,	6,	3,	NULL,	2,	1,	1653333331,	1653333331,	NULL),
(7,	6,	3,	NULL,	2,	1,	1653333331,	1653333331,	NULL),
(8,	6,	3,	NULL,	2,	1,	1653333331,	1653333331,	NULL),
(9,	6,	3,	NULL,	2,	1,	1653333331,	1653333331,	NULL),
(10,	6,	3,	NULL,	2,	1,	1653333331,	1653333331,	NULL),
(11,	6,	3,	NULL,	2,	1,	1653333331,	1653333331,	NULL),
(12,	6,	3,	NULL,	2,	1,	1653333331,	1653333331,	NULL),
(13,	6,	3,	NULL,	2,	1,	1653333331,	1653333331,	NULL),
(14,	6,	3,	NULL,	2,	1,	1653333331,	1653333331,	NULL),
(15,	6,	3,	NULL,	2,	1,	1653333331,	1653333331,	NULL),
(16,	6,	3,	NULL,	2,	1,	1653333331,	1653333331,	NULL),
(17,	6,	3,	NULL,	2,	1,	1653333331,	1653333331,	NULL),
(18,	6,	3,	NULL,	2,	1,	1653333331,	1653333331,	NULL),
(19,	6,	3,	NULL,	2,	1,	1653333331,	1653333331,	NULL),
(20,	6,	3,	NULL,	2,	1,	1653333331,	1653333331,	NULL),
(21,	6,	3,	NULL,	2,	1,	1653333331,	1653333331,	NULL),
(22,	6,	3,	NULL,	2,	1,	1653333331,	1653333331,	NULL),
(23,	6,	3,	NULL,	2,	1,	1653333331,	1653333331,	NULL),
(24,	6,	3,	NULL,	2,	1,	1653333331,	1653333331,	NULL),
(25,	6,	3,	NULL,	2,	1,	1653333331,	1653333331,	NULL),
(26,	6,	3,	NULL,	2,	1,	1653333331,	1653333331,	NULL),
(27,	6,	3,	NULL,	2,	1,	1653333331,	1653333331,	NULL),
(28,	6,	4,	NULL,	4,	1,	1653362858,	1653362858,	NULL),
(29,	6,	4,	NULL,	4,	1,	1653363014,	1653363014,	NULL),
(30,	6,	3,	NULL,	4,	1,	1653367609,	1653367609,	NULL),
(31,	6,	3,	NULL,	4,	1,	1653369320,	1653369320,	NULL),
(32,	6,	3,	NULL,	4,	1,	1653369906,	1653369906,	NULL),
(33,	6,	3,	NULL,	4,	1,	1653371682,	1653371682,	NULL),
(34,	6,	3,	NULL,	4,	1,	1653372215,	1653372215,	NULL),
(35,	6,	3,	NULL,	4,	1,	1653373045,	1653373045,	NULL),
(36,	6,	3,	NULL,	4,	1,	1653373820,	1653373820,	NULL),
(37,	6,	3,	NULL,	4,	1,	1653374302,	1653374302,	NULL),
(38,	6,	3,	NULL,	4,	1,	1653375243,	1653375243,	NULL),
(39,	6,	3,	NULL,	4,	1,	1653376122,	1653376122,	NULL),
(40,	6,	3,	NULL,	4,	1,	1653377011,	1653377011,	NULL),
(41,	6,	3,	NULL,	4,	1,	1653377639,	1653377639,	NULL),
(42,	6,	3,	NULL,	4,	1,	1653379570,	1653379570,	NULL),
(43,	6,	3,	NULL,	4,	1,	1653381142,	1653381142,	NULL),
(44,	6,	3,	NULL,	4,	1,	1653381908,	1653381908,	NULL),
(45,	6,	3,	NULL,	4,	1,	1653382697,	1653382697,	NULL),
(46,	6,	3,	NULL,	4,	1,	1653383699,	1653383699,	NULL),
(47,	6,	3,	NULL,	4,	1,	1653384501,	1653384501,	NULL),
(48,	6,	3,	NULL,	4,	1,	1653385050,	1653385050,	NULL),
(49,	6,	3,	NULL,	4,	1,	1653385494,	1653385494,	NULL),
(50,	6,	3,	NULL,	4,	1,	1653388341,	1653388341,	NULL),
(51,	6,	3,	NULL,	4,	1,	1653388971,	1653388971,	NULL),
(52,	6,	3,	NULL,	4,	1,	1653390063,	1653390063,	NULL),
(53,	6,	3,	NULL,	4,	1,	1653390495,	1653390495,	NULL),
(54,	6,	3,	NULL,	4,	1,	1653390881,	1653390916,	NULL),
(55,	6,	3,	NULL,	4,	1,	1653391682,	1653391682,	NULL),
(56,	6,	4,	NULL,	4,	1,	1653500611,	1653500647,	NULL);

INSERT INTO `ax_catalog_document_content` (`id`, `catalog_document_id`, `catalog_product_id`, `catalog_storage_id`, `price_in`, `price_out`, `quantity`, `description`, `created_at`, `updated_at`, `deleted_at`) VALUES
(1,	1,	2,	1,	0,	2000,	1,	NULL,	1653333331,	1653333331,	NULL),
(2,	2,	3,	2,	0,	1100,	1,	NULL,	1653333331,	1653333331,	NULL),
(3,	3,	4,	3,	0,	1800,	1,	NULL,	1653333331,	1653333331,	NULL),
(4,	4,	5,	4,	0,	2000,	1,	NULL,	1653333331,	1653333331,	NULL),
(5,	5,	6,	5,	0,	2000,	1,	NULL,	1653333331,	1653333331,	NULL),
(6,	6,	7,	6,	0,	2200,	1,	NULL,	1653333331,	1653333331,	NULL),
(7,	7,	8,	7,	0,	2500,	1,	NULL,	1653333331,	1653333331,	NULL),
(8,	8,	9,	8,	0,	2800,	1,	NULL,	1653333331,	1653333331,	NULL),
(9,	9,	10,	9,	0,	2300,	1,	NULL,	1653333331,	1653333331,	NULL),
(10,	10,	11,	10,	0,	1500,	1,	NULL,	1653333331,	1653333331,	NULL),
(11,	11,	12,	11,	0,	1600,	1,	NULL,	1653333331,	1653333331,	NULL),
(12,	12,	13,	12,	0,	1100,	1,	NULL,	1653333331,	1653333331,	NULL),
(13,	13,	14,	13,	0,	1200,	1,	NULL,	1653333331,	1653333331,	NULL),
(14,	14,	15,	14,	0,	1000,	1,	NULL,	1653333331,	1653333331,	NULL),
(15,	15,	16,	15,	0,	1200,	1,	NULL,	1653333331,	1653333331,	NULL),
(16,	16,	17,	16,	0,	1200,	1,	NULL,	1653333331,	1653333331,	NULL),
(17,	17,	18,	17,	0,	1200,	1,	NULL,	1653333331,	1653333331,	NULL),
(18,	18,	19,	18,	0,	1200,	1,	NULL,	1653333331,	1653333331,	NULL),
(19,	19,	20,	19,	0,	1200,	1,	NULL,	1653333331,	1653333331,	NULL),
(20,	20,	21,	20,	0,	600,	1,	NULL,	1653333331,	1653333331,	NULL),
(21,	21,	22,	21,	0,	600,	1,	NULL,	1653333331,	1653333331,	NULL),
(22,	22,	23,	22,	0,	1400,	1,	NULL,	1653333331,	1653333331,	NULL),
(23,	23,	24,	23,	0,	1000,	1,	NULL,	1653333331,	1653333331,	NULL),
(24,	24,	25,	24,	0,	1300,	1,	NULL,	1653333331,	1653333331,	NULL),
(25,	25,	26,	25,	0,	1600,	1,	NULL,	1653333331,	1653333331,	NULL),
(26,	26,	27,	26,	0,	1000,	1,	NULL,	1653333331,	1653333331,	NULL),
(27,	27,	28,	27,	0,	1500,	1,	NULL,	1653333331,	1653333331,	NULL),
(28,	28,	12,	11,	0,	1600,	1,	NULL,	1653362858,	1653362858,	NULL),
(29,	29,	2,	1,	0,	2000,	1,	NULL,	1653363014,	1653363014,	NULL),
(30,	29,	7,	6,	0,	2200,	1,	NULL,	1653363014,	1653363014,	NULL),
(31,	30,	29,	28,	0,	1000,	1,	NULL,	1653367609,	1653367609,	NULL),
(32,	31,	30,	29,	0,	2500,	1,	NULL,	1653369320,	1653369320,	NULL),
(33,	32,	31,	30,	0,	2500,	1,	NULL,	1653369906,	1653369906,	NULL),
(34,	33,	32,	31,	0,	1100,	1,	NULL,	1653371682,	1653371682,	NULL),
(35,	34,	33,	32,	0,	1600,	1,	NULL,	1653372215,	1653372215,	NULL),
(36,	35,	34,	33,	0,	1800,	1,	NULL,	1653373045,	1653373045,	NULL),
(37,	36,	35,	34,	0,	1200,	1,	NULL,	1653373820,	1653373820,	NULL),
(38,	37,	36,	35,	0,	2800,	1,	NULL,	1653374302,	1653374302,	NULL),
(39,	38,	37,	36,	0,	2700,	1,	NULL,	1653375243,	1653375243,	NULL),
(40,	39,	38,	37,	0,	2700,	1,	NULL,	1653376122,	1653376122,	NULL),
(41,	40,	39,	38,	0,	3000,	1,	NULL,	1653377011,	1653377011,	NULL),
(42,	41,	40,	39,	0,	1600,	1,	NULL,	1653377639,	1653377639,	NULL),
(43,	42,	41,	40,	0,	2000,	1,	NULL,	1653379570,	1653379570,	NULL),
(44,	43,	42,	41,	0,	1500,	1,	NULL,	1653381142,	1653381142,	NULL),
(45,	44,	43,	42,	0,	1000,	1,	NULL,	1653381908,	1653381908,	NULL),
(46,	45,	44,	43,	0,	1300,	1,	NULL,	1653382697,	1653382697,	NULL),
(47,	46,	45,	44,	0,	500,	1,	NULL,	1653383699,	1653383699,	NULL),
(48,	47,	46,	45,	0,	400,	1,	NULL,	1653384501,	1653384501,	NULL),
(49,	48,	47,	46,	0,	1400,	1,	NULL,	1653385050,	1653385050,	NULL),
(50,	49,	48,	47,	0,	1300,	1,	NULL,	1653385494,	1653385494,	NULL),
(51,	50,	49,	48,	0,	2200,	1,	NULL,	1653388341,	1653388341,	NULL),
(52,	51,	50,	49,	0,	2000,	1,	NULL,	1653388971,	1653388971,	NULL),
(53,	52,	51,	50,	0,	2000,	1,	NULL,	1653390063,	1653390063,	NULL),
(54,	53,	52,	51,	0,	1300,	1,	NULL,	1653390495,	1653390495,	NULL),
(55,	54,	53,	52,	0,	180,	32,	NULL,	1653390881,	1653390916,	NULL),
(56,	55,	54,	53,	0,	1800,	1,	NULL,	1653391682,	1653391682,	NULL),
(57,	56,	13,	12,	0,	1100,	1,	NULL,	1653500611,	1653500647,	NULL);

INSERT INTO `ax_catalog_product` (`id`, `category_id`, `render_id`, `is_published`, `is_favourites`, `is_comments`, `is_watermark`, `media`, `url`, `alias`, `title`, `price`, `title_short`, `preview_description`, `description`, `show_date`, `image`, `hits`, `sort`, `stars`, `created_at`, `updated_at`, `deleted_at`) VALUES
(2,	3,	NULL,	1,	0,	0,	0,	NULL,	'zakat',	'zakat',	'✶ Закат ✶',	2000.00,	NULL,	NULL,	'<p class=\"MsoNormal\" style=\"margin-left:-7.1pt\"><span style=\"font-size: 12pt; line-height: 107%; font-family: \" times=\"\" new=\"\" roman\",=\"\" serif;=\"\" background-image:=\"\" initial;=\"\" background-position:=\"\" background-size:=\"\" background-repeat:=\"\" background-attachment:=\"\" background-origin:=\"\" background-clip:=\"\" initial;\"=\"\">На кухне мы ежедневно используем посуду, доски и другие предметы. <o:p></o:p></span></p><p class=\"MsoNormal\" style=\"margin-left:-7.1pt\"><span style=\"font-size: 12pt; line-height: 107%; font-family: \" times=\"\" new=\"\" roman\",=\"\" serif;=\"\" background-image:=\"\" initial;=\"\" background-position:=\"\" background-size:=\"\" background-repeat:=\"\" background-attachment:=\"\" background-origin:=\"\" background-clip:=\"\" initial;\"=\"\">В основном мы готовим на них, еще на досках мы можем подавать любые нарезки, брускетты, фрукты, закуски.<o:p></o:p></span></p><p class=\"MsoNormal\" style=\"margin-left:-7.1pt\"><span style=\"font-size: 12pt; line-height: 107%; font-family: \" times=\"\" new=\"\" roman\",=\"\" serif;=\"\" background-image:=\"\" initial;=\"\" background-position:=\"\" background-size:=\"\" background-repeat:=\"\" background-attachment:=\"\" background-origin:=\"\" background-clip:=\"\" initial;\"=\"\">Эта доска выполнена из прекрасного дерева Абрикос и что бы вы на ней не подали, все будет выглядеть шикарно, как (в уютном ресторане).<o:p></o:p></span></p><p class=\"MsoNormal\" style=\"margin-left:-7.1pt\"><span style=\"font-size: 12pt; line-height: 107%; font-family: \" times=\"\" new=\"\" roman\",=\"\" serif;=\"\" background-image:=\"\" initial;=\"\" background-position:=\"\" background-size:=\"\" background-repeat:=\"\" background-attachment:=\"\" background-origin:=\"\" background-clip:=\"\" initial;\"=\"\">Друзья оценят такую подачу.<o:p></o:p></span></p><p class=\"MsoNormal\" style=\"margin-left:-7.1pt\"><span style=\"font-size: 12pt; line-height: 107%; font-family: \" times=\"\" new=\"\" roman\",=\"\" serif;=\"\" background-image:=\"\" initial;=\"\" background-position:=\"\" background-size:=\"\" background-repeat:=\"\" background-attachment:=\"\" background-origin:=\"\" background-clip:=\"\" initial;\"=\"\">Согласитесь, куда приятнее кушать красиво ведь это задает определенную атмосферу.</span><span style=\"font-size:12.0pt;line-height:107%;font-family:\" times=\"\" new=\"\" roman\",serif\"=\"\"><br> <br> <span style=\"background-image: initial; background-position: initial; background-size: initial; background-repeat: initial; background-attachment: initial; background-origin: initial; background-clip: initial;\">Создавая такие вещи, с умилением думаю как вы будете радоваться и рассказывать своим друзьям и близким как ее нашли, как в нее влюбились и теперь она ваша, и такая только у вас. <o:p></o:p></span></span></p><p><br></p>',	1,	'/upload/ax_catalog_product/zakat/I4M5AzlzUdEhSJM1zEVRyp0v0mJNPJogSPFIUVvp.jpeg',	0,	1,	0.00,	1651785420,	1653381238,	NULL),
(3,	2,	NULL,	1,	0,	0,	0,	NULL,	'rozmarin',	'rozmarin',	'✶ Розмарин ✶',	1100.00,	NULL,	NULL,	'<p class=\"MsoNormal\" style=\"margin-left:-7.1pt\"><span style=\"font-size: 16px;\">У Вас на кухне тоже есть доски разного калибра?</span></p><p class=\"MsoNormal\" style=\"margin-left:-7.1pt\"><span style=\"font-size: 16px;\">У меня, да.</span></p><p class=\"MsoNormal\" style=\"margin-left:-7.1pt\"><span style=\"font-size: 16px;\">Иногда, чтоб отрезать что-то небольшое, кусочек сыра, зелень нарезать или лимончик к чаю, совсем не хочется брать большую доску.</span></p><p class=\"MsoNormal\" style=\"margin-left:-7.1pt\"><span style=\"font-size: 16px;\">Именно для этих целей и делаю таких малышек. </span></p><p class=\"MsoNormal\" style=\"margin-left:-7.1pt\"><br></p>',	1,	'/upload/ax_catalog_product/rozmarin/LRdZmXFINVIPEINGeRVN5EH7fdqOSTcoJr1fkakF.jpeg',	0,	3,	0.00,	1651785360,	1653381238,	NULL),
(4,	2,	NULL,	1,	0,	0,	0,	NULL,	'kruassan',	'kruassan',	'✶ Круассан ✶',	1800.00,	NULL,	NULL,	'<h6 style=\"margin-left:-7.1pt\">Утро, вы выходите на террасу или балкон, у вас на доске стоит чашечка ароматного кофе и рядом пристроился круассан или бутерброд. </h6><h6 style=\"margin-left:-7.1pt\">Отличное начало дня, как встретишь утро так и проведешь день. </h6><h6 style=\"margin-left:-7.1pt\">Такая доска удобна как нарезки, так и для подачи.</h6><p style=\"margin-left: -7.1pt;\"><br></p>',	1,	'/upload/ax_catalog_product/kruassan/t1jUF8NpGuvCAmXgIJj0fVntf45wCZ8hp3G0BpTz.jpeg',	0,	6,	0.00,	1651784760,	1653333331,	NULL),
(5,	2,	NULL,	1,	0,	0,	0,	NULL,	'artishok',	'artishok',	'✶ Артишок ✶',	2000.00,	NULL,	NULL,	'<p class=\"MsoNormal\" style=\"margin-left:-7.1pt\"><span style=\"font-size: 16px;\">Режем все и много.</span></p><p class=\"MsoNormal\" style=\"margin-left:-7.1pt\"><span style=\"font-size: 16px;\">Один из удобных размеров для работы на кухне.</span></p>',	1,	'/upload/ax_catalog_product/artishok/Y1URWayGpmI4z7kR7Q9Jfgahbvy2IwMoTVo48N79.jpeg',	0,	6,	0.00,	1651785120,	1653377039,	NULL),
(6,	2,	NULL,	1,	0,	0,	0,	NULL,	'morkov',	'morkov',	'✶ Морковь ✶',	2000.00,	NULL,	NULL,	'<p class=\"MsoNormal\" style=\"margin-left:-7.1pt\"><span style=\"font-size: 16px;\">Все готовим и режем.</span></p><p class=\"MsoNormal\" style=\"margin-left:-7.1pt\"><span style=\"font-size: 16px;\">А еще и подаем красиво.</span></p><p class=\"MsoNormal\" style=\"margin-left:-7.1pt\"><span style=\"font-size: 16px;\">На одной стороне режем, другую оставляем без порезов для красивой подачи.</span></p><p class=\"MsoNormal\" style=\"margin-left:-7.1pt\"><br></p>',	1,	'/upload/ax_catalog_product/morkov/sY4zEEhOmWFgk8cTkoQXQoXBP9oNF4hKpwtIriF5.jpeg',	0,	7,	0.00,	1651786080,	1653385109,	NULL),
(7,	2,	NULL,	1,	0,	0,	0,	NULL,	'syr',	'syr',	'✶ Сыр ✶',	2200.00,	NULL,	NULL,	'<p class=\"MsoNormal\" style=\"margin-left:-7.1pt\"><span style=\"font-size: 16px;\">Когда места надо много. </span></p><p class=\"MsoNormal\" style=\"margin-left:-7.1pt\"><span style=\"font-size: 16px;\">Режем большой сыр. </span></p>',	1,	'/upload/ax_catalog_product/syr/HFlK4SUANdyRRFtEa6hVHZQlW32vXqUQzJgGVZJ4.jpeg',	0,	12,	0.00,	1651784940,	1653375329,	NULL),
(8,	3,	NULL,	1,	0,	0,	0,	NULL,	'vorobushek',	'vorobushek',	'✶ Воробушек ✶',	2500.00,	NULL,	NULL,	'<p><span style=\"font-size: 16px;\">Когда хочется необычного на кухне. Например доску нетрадиционного вида.</span></p><p><span style=\"font-size: 16px;\"> Доска создавалась как для нарезки, так и для интересной сервировки. </span></p><p><span style=\"font-size: 16px;\">Мне нравится такая форма доски, доска \"камушек\". </span></p><p><span style=\"font-size: 16px;\">Поверьте, она удивит ваших гостей. </span></p>',	1,	'/upload/ax_catalog_product/vorobushek/iz9EGYTYvTpEW0zFY7M1JjbLFD4K4OFqSKmlteRq.jpeg',	0,	8,	0.00,	1651784880,	1653375329,	NULL),
(9,	2,	NULL,	1,	0,	0,	0,	NULL,	'forel',	'forel',	'✶ Форель ✶',	2800.00,	NULL,	NULL,	'<p><span style=\"font-size: 16px;\">Вы тоже используете для каждых продуктов свою доску?</span></p><p><span style=\"font-size: 16px;\">Это правильно и удобно.</span></p>',	1,	'/upload/ax_catalog_product/forel/M0CR8f6T8xlLuBJpz7eyco5JTVoR6cawebs3ZmOJ.jpeg',	0,	9,	0.00,	1651785720,	1653382810,	NULL),
(10,	2,	NULL,	1,	0,	0,	0,	NULL,	'shtopor',	'shtopor',	'✶ Штопор ✶',	2300.00,	NULL,	NULL,	'<p><span style=\"font-size: 16px;\">Идеальный намёк на чудесный вечер.</span></p>',	1,	'/upload/ax_catalog_product/shtopor/3kjaLFGThRo7azz2oSutNqUlatUnvlr2elROpTUa.jpeg',	0,	11,	0.00,	1651785900,	1653385109,	NULL),
(11,	2,	NULL,	1,	0,	0,	0,	NULL,	'paporotnik',	'paporotnik',	'✶ Папоротник ✶',	1500.00,	NULL,	NULL,	'<p><span style=\"font-size: 16px;\">Готовим вкусно, подаем красиво.</span></p>',	1,	'/upload/ax_catalog_product/paporotnik/DJiOIvhybxRTee79lp5j914jUfb2ai4dMCXNFXAy.jpeg',	0,	2,	0.00,	1651784700,	1653333331,	NULL),
(12,	3,	NULL,	1,	0,	0,	0,	NULL,	'glaz-zebry',	'glaz-zebry',	'✶ Глаз зебры ✶',	1600.00,	NULL,	NULL,	'<p><span style=\"font-size: 16px;\">Интересная получилась доска. </span></p><p><span style=\"font-size: 16px;\">Годовые кольца дерева затушевала пирографом, подчеркнула природную красоту и вуаля. </span></p><p><span style=\"font-size: 16px;\">Идеальна для подачи. </span></p><p><span style=\"font-size: 16px;\">Помним, что одну сторону используем для нарезки, другую для подачи.</span></p><p><br></p>',	1,	'/upload/ax_catalog_product/glaz-zebry/MII1UI6mHTDd1oEoS827cFoJF8KSd7X0u0DXLaV7.jpeg',	0,	5,	0.00,	1651784640,	1653333331,	NULL),
(13,	2,	NULL,	1,	0,	0,	0,	NULL,	'morskaya-zvezda',	'morskaya-zvezda',	'✶ Морская Звезда ✶',	1100.00,	NULL,	NULL,	'<p><span style=\"font-size: 16px;\">Звёздочка, доска-малышка будет прекрасным напоминанием и лете и море. </span></p><p><br></p><p><br></p>',	1,	'/upload/ax_catalog_product/morskaya-zvezda/i2uYlN5T2j0pAm2d7VGhXxHhm5tIDzZtEVHKmLcW.jpeg',	0,	NULL,	0.00,	1651787520,	1653385109,	NULL),
(14,	2,	NULL,	1,	0,	0,	0,	NULL,	'solnce',	'solnce',	'✶ Солнышко ✶',	1200.00,	NULL,	NULL,	'<p><span style=\"font-size: 16px;\">Для любителей досок потолще. </span></p><p><span style=\"font-size: 16px;\">Небольшая но толстенькая доска прекрасно приживется у вас на кухне. </span></p><p><span style=\"font-size: 16px;\">А солнышко всегда будут радовать и наполнять ваш стол лучиками света и тепла. </span></p>',	1,	'/upload/ax_catalog_product/solnce/nPmsGwtsUM9CJZellFeISOmWiZpo6tNvTs4yw2Pe.jpeg',	0,	NULL,	0.00,	1651784580,	1653333331,	NULL),
(15,	2,	NULL,	1,	0,	0,	0,	NULL,	'bambuk',	'bambuk',	'✶ Бамбук ✶',	1000.00,	NULL,	NULL,	'<p><span style=\"font-size: 16px;\">Небольшие доски прекрасные помощницы на кухне.</span></p><p><span style=\"font-size: 16px;\">У досочки неповторимая текстура и прекрасный рисунок. </span></p><p><span style=\"font-size: 16px;\">Мы же помним, на одной стороне режим, на другой подаем. </span></p><p><br></p>',	1,	'/upload/ax_catalog_product/bambuk/7G60T1lkNIn2Ncel5ddOv3ANtkS1jJqaTvFDtUaN.jpeg',	0,	NULL,	0.00,	1651784520,	1653333331,	NULL),
(16,	2,	NULL,	1,	0,	0,	0,	NULL,	'solnce-1',	'solnce-1',	'✶ Солнце ✶',	1200.00,	NULL,	NULL,	'<p><span style=\"font-size: 16px;\">Доска Солнце, небольшая, лёгкая, удобная для повседневной работы и подачи.</span><br></p>',	1,	'/upload/ax_catalog_product/solnce-1/trjbrIit2qcSB5VGTZ1Ght1N49Lx5k3LnHkmLNKB.jpeg',	0,	NULL,	0.00,	1651785600,	1653382810,	NULL),
(17,	2,	NULL,	1,	0,	0,	0,	NULL,	'luna',	'luna',	'✶ Луна ✶',	1200.00,	NULL,	NULL,	'<p><span style=\"font-size: 16px;\">Доска Луна, небольшая, лёгкая, удобная для повседневной работы и подачи.</span><br></p>',	1,	'/upload/ax_catalog_product/luna/BHsXgprlPbEdLjVUz1Kxt7g7KyUjWMqmbVtk59xv.jpeg',	0,	NULL,	0.00,	1651787160,	1653385109,	NULL),
(18,	2,	NULL,	1,	0,	0,	0,	NULL,	'shokoladnaya-karamel',	'shokoladnaya-karamel',	'✶ Шоколадная Карамель ✶',	1200.00,	NULL,	NULL,	'<p><span style=\"font-size: 16px;\">Есть доски красивы сами по себе, самодостаточны, не хочется дополнять их рисунком. </span></p><p><span style=\"font-size: 16px;\">Как эта, из яркого и фактурного ясеня.</span><br></p>',	1,	'/upload/ax_catalog_product/shokoladnaya-karamel/cf6oShTigUpraezMoAXESwefkeP1IayHG7xqIJx4.jpeg',	0,	NULL,	0.00,	1651784460,	1653333331,	NULL),
(19,	3,	NULL,	1,	0,	0,	0,	NULL,	'lodochka',	'lodochka',	'✶ Лодочка ✶',	1200.00,	NULL,	NULL,	'<p><span style=\"font-size: 16px;\">Доска Лодочка HARMONIE будет однозначно привлекать внимание на вашем столе с любой нарезкой.</span><br></p>',	1,	'/upload/ax_catalog_product/lodochka/O6Tpw32brf1I987nOzV55ITkW734vmGkOkNM07Q3.jpeg',	0,	NULL,	0.00,	1651786020,	1653385109,	NULL),
(20,	3,	NULL,	1,	0,	0,	0,	NULL,	'lodochka-1',	'lodochka-1',	'✶ Лодочка ◉ ✶',	1200.00,	NULL,	NULL,	'<p><span style=\"font-size: 16px;\">Доска Лодочка HARMONIE с небольшим сучком, будет однозначно привлекать внимание на вашем столе с любой нарезкой.</span><br></p>',	1,	'/upload/ax_catalog_product/lodochka-1/vQ9A0b7vvtFjV38zLVt0RKRNvN253jsLNyh4f0TG.jpeg',	0,	NULL,	0.00,	1651786740,	1653385109,	NULL),
(21,	3,	NULL,	1,	0,	0,	0,	NULL,	'lodochka-mini',	'lodochka-mini',	'✶ Лодочка mini ◉ ✶',	600.00,	NULL,	NULL,	'<p><span style=\"font-size: 16px;\">Доска Лодочка mini HARMONIE с маленьким сучком, будет помощницей на вашей кухне. </span></p><p><span style=\"font-size: 16px;\">Или прекрасно будет смотреться со свечой на вашем столе, создавая романтическое настроение.</span><br></p>',	1,	'/upload/ax_catalog_product/lodochka-mini/qil8sk5AIJPu3Ff53uZx7xlTG1WGZVUYXvgF65ex.jpeg',	0,	NULL,	0.00,	1651785660,	1653382810,	NULL),
(22,	3,	NULL,	1,	0,	0,	0,	NULL,	'lodochka-mini-1',	'lodochka-mini-1',	'✶ Лодочка mini ✶',	600.00,	NULL,	NULL,	'<p style=\"font-size: 12.8px;\"><span style=\"font-size: 16px;\">Доска Лодочка mini HARMONIE будет помощницей на вашей кухне.</span></p><p style=\"font-size: 12.8px;\"><span style=\"font-size: 16px;\">Или прекрасно будет смотреться со свечой на вашем столе, создавая романтическое настроение.</span></p>',	1,	'/upload/ax_catalog_product/lodochka-mini-1/3yY7fW0w0KIL3tRvwa7J58WRbjfimMTA2h4faJee.jpeg',	0,	NULL,	0.00,	1651786980,	1653385109,	NULL),
(23,	2,	NULL,	1,	0,	0,	0,	NULL,	'ahoy',	'ahoy',	'✶ AHOY ✶',	1400.00,	NULL,	NULL,	'<p><span style=\"font-size: 16px;\">Доска с забавной рыбкой, всегда будет поднимать вам настроение и помогать на кухне.</span><br></p>',	1,	'/upload/ax_catalog_product/ahoy/OtIEoNibq4BOK0ayJvZRPZMlgoIOTyn3NvrDob1m.jpeg',	0,	NULL,	0.00,	1651786800,	1653385109,	NULL),
(24,	2,	NULL,	1,	0,	0,	0,	NULL,	'listik-pyoryshko',	'listik-pyoryshko',	'✶ Листик-Пёрышко ✶',	1000.00,	NULL,	NULL,	'<p><span style=\"font-size: 16px;\">Листик или Пёрышко? </span></p><p><span style=\"font-size: 16px;\">Вот так, начинаешь выжигать один рисунок а выходит другой. </span></p><p><span style=\"font-size: 16px;\">Получилась изящная доска, красивый сучок и элегантный лист. </span><br></p>',	1,	'/upload/ax_catalog_product/listik-pyoryshko/LvyYJP4QGHa3zzkyOA4FQewTnYWeWgIoxWyhGyfF.jpeg',	0,	NULL,	0.00,	1651787280,	1653385109,	NULL),
(25,	2,	NULL,	1,	0,	0,	0,	NULL,	'avokado',	'avokado',	'✶ Авокадо ✶',	1300.00,	NULL,	NULL,	'<p><span style=\"font-size: 16px;\">Доска с изящной ручкой и рисунком Авокадо, идеально подойдёт для нарезки небольших овощей.</span><br></p>',	1,	'/upload/ax_catalog_product/avokado/9WxM6Vo4QUD3NKbaLmpb0BrI9V88wwFKJNNPMCkU.jpeg',	0,	NULL,	0.00,	1651786440,	1653385109,	NULL),
(26,	2,	NULL,	1,	0,	0,	0,	NULL,	'ukrop',	'ukrop',	'✶ Укроп ✶',	1600.00,	NULL,	NULL,	'<p><span style=\"font-size: 16px;\">Доска с изящной ручкой и укропчиком, напомнит что тут мы режим зелень и овощи. </span><br></p>',	1,	'/upload/ax_catalog_product/ukrop/sPaxCuGHHKEETmssd0uB96HQ3Q0kOMxNikgPI5wG.jpeg',	0,	NULL,	0.00,	1651785180,	1653377039,	NULL),
(27,	2,	NULL,	1,	0,	0,	0,	NULL,	'plamya-fitilka',	'plamya-fitilka',	'✶ Пламя фитилька ✶',	1000.00,	NULL,	NULL,	'<p style=\"font-size: 12.8px;\"><span style=\"font-size: 16px;\">Есть доски красивы сами по себе, самодостаточны, не хочется дополнять их рисунком.</span></p><p style=\"font-size: 12.8px;\"><span style=\"font-size: 16px;\">Как эта, из яркого и фактурного ясеня с изящной ручкой.</span></p>',	1,	'/upload/ax_catalog_product/plamya-fitilka/HrAYjd2F01MlxJXvDeRAzOsGQlV9J6HFxbpsDgZu.jpeg',	0,	NULL,	0.00,	1651785060,	1653377039,	NULL),
(28,	2,	NULL,	1,	0,	0,	0,	NULL,	'kolokaziya',	'kolokaziya',	'✶ Колоказия ✶',	1500.00,	NULL,	NULL,	'<p><span style=\"font-size: 16px;\">Доска с изящным листом цветка Колоказия, будет радовать ваш взор, ведь такая есть только у вас.</span><br></p>',	1,	'/upload/ax_catalog_product/kolokaziya/bDAf2b5fQljgNNrroHDO88W6pRD5ZnXIQkGG51xo.jpeg',	0,	NULL,	0.00,	1651786380,	1653385109,	NULL),
(29,	2,	NULL,	1,	0,	0,	0,	NULL,	'obereg',	'obereg',	'✶ Оберег ✶',	1000.00,	NULL,	NULL,	'<p><span style=\"font-size: 16px;\">Еще одна доска для любителей потолще. </span></p><p><span style=\"font-size: 16px;\">Изящные перышки в виде оберега помогут вам создавать шедевры на вашей кухне. </span><br></p>',	1,	'/upload/ax_catalog_product/obereg/kqdZUPBaHXWmxHdIbFrFNT2N4O82GSswUAbEWSKp.jpeg',	0,	NULL,	0.00,	1651786860,	1653385109,	NULL),
(30,	3,	NULL,	1,	0,	0,	0,	NULL,	'karamel-max',	'karamel-max',	'✶ Карамель max ✶',	2500.00,	NULL,	NULL,	'<p><span style=\"font-size: 16px;\">Удивите ваших гостей необычной подачей, они будут в восторге.</span></p><p><br></p>',	1,	'/upload/ax_catalog_product/karamel-max/9SjDUIdV13SMyqHHRGxNbsIFqO5O25Txdi09ZG6H.jpeg',	0,	NULL,	0.00,	1651786920,	1653385109,	NULL),
(31,	3,	NULL,	1,	0,	0,	0,	NULL,	'karamel-max-1',	'karamel-max-1',	'✶ Карамель max ◉ ✶',	2500.00,	NULL,	NULL,	'<p><span style=\"font-size: 16px;\">Удивите ваших гостей необычной подачей, они будут в восторге.</span><br></p>',	1,	'/upload/ax_catalog_product/karamel-max-1/cfp5dz8SAcR18dzNDD67grqOdVSCBeXGf4Wb5F8P.jpeg',	0,	NULL,	0.00,	1651786680,	1653385109,	NULL),
(32,	2,	NULL,	1,	0,	0,	0,	NULL,	'lukovka',	'lukovka',	'✶ Луковка ✶',	1100.00,	NULL,	NULL,	'<p><span style=\"font-size: 16px;\">У каждого вида продуктов своя доска.</span><br></p>',	1,	'/upload/ax_catalog_product/lukovka/K9ttcfu8qbSUApw5rVEF3pCbb6gtZrjJAjkKwx78.jpeg',	0,	NULL,	0.00,	1651787100,	1653385109,	NULL),
(33,	2,	NULL,	1,	0,	0,	0,	NULL,	'fuksiya',	'fuksiya',	'✶ Фуксия ✶',	1600.00,	NULL,	NULL,	'<p><span style=\"font-size: 16px;\">Универсальная доска. Для каких продуктов и подачи чего, выбирать вам.</span><br></p>',	1,	'/upload/ax_catalog_product/fuksiya/8cU8p5hwfflkg0l7OeSkwVCheFyi5ahPjoK2HsOC.jpeg',	0,	NULL,	0.00,	1651785960,	1653385109,	NULL),
(34,	2,	NULL,	1,	0,	0,	0,	NULL,	'zebra',	'zebra',	'✶ Зебра ✶',	1800.00,	NULL,	NULL,	'<p><span style=\"font-size: 16px;\">Яркая, выразительная доска. </span></p><p><span style=\"font-size: 16px;\">А эта зебра всегда будет </span><span style=\"font-size: 16px;\">вас</span><span style=\"font-size: 16px;\"> радовать и ассоциироваться с самыми приятными и веселыми моментами.</span></p>',	1,	'/upload/ax_catalog_product/zebra/nqIT8DkYd2Z0wMpfZATmzpwWNFEcxrM0rfMVBKOY.jpeg',	0,	NULL,	0.00,	1651787040,	1653385109,	NULL),
(35,	2,	NULL,	1,	0,	0,	0,	NULL,	'babochka',	'babochka',	'✶ Бабочка ✶',	1200.00,	NULL,	NULL,	'<p><span style=\"font-size: 16px;\">На доске с бабочкой будет прекрасно смотреться любая нарезка. </span></p><p><span style=\"font-size: 16px;\">А другую сторону используем по назначению, режем.</span><br></p>',	1,	'/upload/ax_catalog_product/babochka/hBsyCCIFrm9rfVPpOwx01Y1j3yJ0k87HWk9hMKqI.jpeg',	0,	NULL,	0.00,	1651786500,	1653385109,	NULL),
(36,	2,	NULL,	1,	0,	0,	0,	NULL,	'baguette',	'baguette',	'✶ Baguette ✶',	2800.00,	NULL,	NULL,	'<p><span style=\"font-size: 16px;\">Хлебная доска Baguette прекрасно подойдет для нарезки батона, колбас да всего чего захотите.</span></p>',	1,	'/upload/ax_catalog_product/baguette/Y4PuPO4IjIH33b3GLWoS3eMkvSFBOeIAJvKbnVMw.jpeg',	0,	NULL,	0.00,	1651786260,	1653385109,	NULL),
(37,	2,	NULL,	1,	0,	0,	0,	NULL,	'limon',	'limon',	'✶ Лимон ✶',	2700.00,	NULL,	NULL,	'<p><span style=\"font-size: 16px;\">Один из самых удобных размеров для работы с любыми продуктами. </span></p><p><span style=\"font-size: 16px;\">Она станет прекрасной помощницей на вашей кухне. </span><br></p>',	1,	'/upload/ax_catalog_product/limon/y1XaroBOiG2bpEwbtMUeDmZvK8tbH2yaQopZeFyk.jpeg',	0,	NULL,	0.00,	1651785840,	1653385109,	NULL),
(38,	2,	NULL,	1,	0,	0,	0,	NULL,	'sinij-kit',	'sinij-kit',	'✶ Синий Кит ✶',	2700.00,	NULL,	NULL,	'<p><span style=\"font-size: 16px;\">Доска из серии самых удобных размеров на кухне.</span><br></p>',	1,	'/upload/ax_catalog_product/sinij-kit/iyFc6uUzI5olqrcrRbwzY0fbT4yA9Y9W7PQGJs0L.jpeg',	0,	NULL,	0.00,	1651786560,	1653385109,	NULL),
(39,	2,	NULL,	1,	0,	0,	0,	NULL,	'forel-karandashom',	'forel-karandashom',	'✶ Форель карандашом ✶',	3000.00,	NULL,	NULL,	'<p><span style=\"font-size: 16px;\">Режем много и всё сразу.</span><br></p>',	1,	'/upload/ax_catalog_product/forel-karandashom/TYfjuvxL4v56Mo11uLrgR3smzpeRLYAkpdpIzLLu.jpeg',	0,	NULL,	0.00,	1651786200,	1653385109,	NULL),
(40,	2,	NULL,	1,	0,	0,	0,	NULL,	'cvetok-mandala',	'cvetok-mandala',	'✶ Цветок Мандала ✶',	1600.00,	NULL,	NULL,	'<p><span style=\"font-size: 16px;\">Еще один экземпляр для любителей толстеньких досок.</span><br></p>',	1,	'/upload/ax_catalog_product/cvetok-mandala/izZNiM0o2dGF6iRzvAdaiWQ8Vl0YHJxzp0TYjCK9.jpeg',	0,	NULL,	0.00,	1651786140,	1653385109,	NULL),
(41,	2,	NULL,	1,	0,	0,	0,	NULL,	'izyashnyj-rozmarin',	'izyashnyj-rozmarin',	'✶ Изящный Розмарин ✶',	2000.00,	NULL,	NULL,	'<p><span style=\"font-size: 16px;\">Доска  живыми краями и легким рисунком розмарина прекрасно впишется в любой интерьер кухни.</span><br></p>',	1,	'/upload/ax_catalog_product/izyashnyj-rozmarin/IJ228m0P6Lyx82kuIZczlXJdIo1VCqZw5Rq1ShDn.jpeg',	0,	NULL,	0.00,	1651787220,	1653385109,	NULL),
(42,	2,	NULL,	1,	0,	0,	0,	NULL,	'neptuneya',	'neptuneya',	'✶ Нептунея ✶',	1500.00,	NULL,	NULL,	'<p><span style=\"font-size: 16px;\">Доска с моллюском Нептунея напомнит вам о лете и море.</span><br></p>',	1,	'/upload/ax_catalog_product/neptuneya/LYnvItD79YTfSvtkVjxZIlL4BltSpjmeFp8RFRKH.jpeg',	0,	NULL,	0.00,	1651786620,	1653385109,	NULL),
(43,	2,	NULL,	1,	0,	0,	0,	NULL,	'nautilida',	'nautilida',	'✶ Наутилида ✶',	1000.00,	NULL,	NULL,	'<p><span style=\"font-size: 16px;\">Доска с ракушкой Наутилида напомнит вам о лете и море.</span><br></p>',	1,	'/upload/ax_catalog_product/nautilida/VhCoI6tPEiff6IiRFCzR3VVeqZAoP2TFyFMgLwUR.jpeg',	0,	NULL,	0.00,	1651787400,	1653385109,	NULL),
(44,	2,	NULL,	1,	0,	0,	0,	NULL,	'ryby-ryby',	'ryby-ryby',	'✶ Рыбы-Рыбы ✶',	1300.00,	NULL,	NULL,	'<p><span style=\"font-size: 16px;\">Как в том мультике, арменфильм, \"В синем море....\". </span></p><p><span style=\"font-size: 16px;\">При взгляде на эту доску она будет вызывать у вас улыбку.</span><br></p>',	1,	'/upload/ax_catalog_product/ryby-ryby/4gvvWxM4BCqAaIL2efCGojOaPi0gpyDeQg2wZXYX.jpeg',	0,	NULL,	0.00,	1651787340,	1653385109,	NULL),
(45,	2,	NULL,	1,	0,	0,	0,	NULL,	'trubach',	'trubach',	'✶ Трубач ✶',	500.00,	NULL,	NULL,	'<p><span style=\"font-size: 16px;\">Доска - малышка с изящной ручкой, прекрасно подойдет для того чтоб отрезать лимончик к чаю.  </span><br></p>',	1,	'/upload/ax_catalog_product/trubach/adrWjsc211tO4JHUT0J7nNCOjEG6FsfuoF1kEd4A.jpeg',	0,	NULL,	0.00,	1651787580,	1653385109,	NULL),
(46,	2,	NULL,	1,	0,	0,	0,	NULL,	'kubiki-lda',	'kubiki-lda',	'✶ Кубики Льда ✶',	400.00,	NULL,	NULL,	'<p><span style=\"font-size: 16px;\">Еще доска - малышка.  </span></p><p><span style=\"font-size: 16px;\">Отлично подойдет для небольшой нарезки или для свечи, чтоб создать уют у вас дома.</span><br></p>',	1,	'/upload/ax_catalog_product/kubiki-lda/RYtrt8ym4Byy6vulHk6LHCcCtscLa24UPmglpZBp.jpeg',	0,	NULL,	0.00,	1651786320,	1653385109,	NULL),
(47,	2,	NULL,	1,	0,	0,	0,	NULL,	'sardiny-moryachki',	'sardiny-moryachki',	'✶ Сардины Морячки ✶',	1400.00,	NULL,	NULL,	'<p><span style=\"font-size: 16px;\">Выбираем доску под настроение.  </span><br></p>',	1,	'/upload/ax_catalog_product/sardiny-moryachki/NacrXeIxJYsha5F5LZanmePGVRCs4DzISqOK0rjy.jpeg',	0,	NULL,	0.00,	1651787460,	1653385109,	NULL),
(48,	2,	NULL,	1,	0,	0,	0,	NULL,	'lisichki',	'lisichki',	'✶ Лисички ✶',	1300.00,	NULL,	NULL,	'<p><span style=\"font-size: 16px;\">Овальная форма доски с отверстием под пальчик, очень удобна для подачи.  </span></p><p><span style=\"font-size: 16px;\">И конечно же не забываем о прямом назначении.</span><br></p>',	1,	'/upload/ax_catalog_product/lisichki/qrQ7TnUYb8OfgOZiAiWtiGslhI6L0yNeaacqaG9s.jpeg',	0,	NULL,	0.00,	1653339600,	1653385494,	NULL),
(49,	3,	NULL,	1,	0,	0,	0,	NULL,	'lev',	'lev',	'✶ Лев ✶',	2200.00,	NULL,	NULL,	'<p><span style=\"font-size: 16px;\">Доска - камень притянет внимание ваших гостей, это точно. </span></p><p><span style=\"font-size: 16px;\">Мясная и сырная нарезка на ней дополнит чудесный вечер.</span></p><p><span style=\"font-size: 16px;\">А так-же необычная, для дома, подача роллов. </span><br></p>',	1,	'/upload/ax_catalog_product/lev/N6ZkpUPZLNzHnl5XJwJ6018xT3VnWVUDLCU6h5m8.jpeg',	0,	NULL,	0.00,	1653339600,	1653388341,	NULL),
(50,	2,	NULL,	1,	0,	0,	0,	NULL,	'mollyuski',	'mollyuski',	'✶ Моллюски ✶',	2000.00,	NULL,	NULL,	'<p><span style=\"font-size: 16px;\">Такая доска подойдет как для подачи так и нарезки.</span><br></p>',	1,	'/upload/ax_catalog_product/mollyuski/uLkEuvVp18KzXiezwzGPaCcrRInzMpeAw7eIxeQh.jpeg',	0,	NULL,	0.00,	1653339600,	1653388971,	NULL),
(51,	2,	NULL,	1,	0,	0,	0,	NULL,	'baton',	'baton',	'✶ Батон ✶',	2000.00,	NULL,	NULL,	'<p><span style=\"font-size: 16px;\">Хлебная доска прекрасно подойдет для нарезки батона, колбас да всего чего захотите.</span><br></p>',	1,	'/upload/ax_catalog_product/baton/8rQZhcxkl2KBKfNFltHZZyGWfltimFL0G8waf7su.jpeg',	0,	NULL,	0.00,	1653339600,	1653390063,	NULL),
(52,	3,	NULL,	1,	0,	0,	0,	NULL,	'ezhevika',	'ezhevika',	'✶ Ежевика ✶',	1300.00,	NULL,	NULL,	'<p><span style=\"font-size: 16px;\">Доска - камушек, красиво подаем или красиво ставим. </span></p><p><span style=\"font-size: 16px;\">И конечно-же на другой стороне режем.</span><br></p>',	1,	'/upload/ax_catalog_product/ezhevika/nv1szLGy6F1JPif5xmHeaRdqrz9fJ0JITP9TIiH9.jpeg',	0,	NULL,	0.00,	1653339600,	1653390495,	NULL),
(53,	7,	NULL,	0,	0,	0,	0,	NULL,	'maslo-vosk',	'maslo-vosk',	'Масло-Воск',	180.00,	NULL,	NULL,	'<p><span style=\"font-size: 16px;\">Масло-воск для обработки разделочных досок.</span></p><p><span style=\"font-size: 16px;\"> </span></p><p><span style=\"font-size: 16px;\">Подходит для всех видов деревянных досок.</span></p><p><span style=\"font-size: 16px;\">В его состав входит пчелиный воск и масло медицинское вазелиновое.</span><br></p>',	1,	'/upload/ax_catalog_product/maslo-vosk/a25GZlIg9Ga3LnXn2bKyYxhWcVGTQE8FfiHEWa0x.jpeg',	0,	NULL,	0.00,	1653339600,	1653390954,	NULL),
(54,	2,	NULL,	1,	0,	0,	0,	NULL,	'izyashnyj-bambuk',	'izyashnyj-bambuk',	'✶ Изящный Бамбук ✶',	1800.00,	NULL,	NULL,	'<p><span style=\"font-size: 16px;\">Доска с элегантной ручкой и изящным рисунком прекрасно будет смотреться в любом интерьере кухни.</span><br></p>',	1,	'/upload/ax_catalog_product/izyashnyj-bambuk/aPUJ9xd7Xw71TiWdwYgmXp9neDrqbTtp6N8XghLz.jpeg',	0,	NULL,	0.00,	1653339600,	1653391682,	NULL);

INSERT INTO `ax_catalog_storage` (`id`, `catalog_storage_place_id`, `catalog_product_id`, `in_stock`, `in_reserve`, `reserve_expired_at`, `price_in`, `price_out`, `created_at`, `updated_at`, `deleted_at`) VALUES
(1,	1,	2,	0,	0,	NULL,	0,	2000,	1653333331,	1653363014,	NULL),
(2,	1,	3,	1,	0,	NULL,	0,	1100,	1653333331,	1653333331,	NULL),
(3,	1,	4,	1,	0,	NULL,	0,	1800,	1653333331,	1653333331,	NULL),
(4,	1,	5,	1,	0,	NULL,	0,	2000,	1653333331,	1653333331,	NULL),
(5,	1,	6,	1,	0,	NULL,	0,	2000,	1653333331,	1653333331,	NULL),
(6,	1,	7,	0,	0,	NULL,	0,	2200,	1653333331,	1653363014,	NULL),
(7,	1,	8,	1,	0,	NULL,	0,	2500,	1653333331,	1653333331,	NULL),
(8,	1,	9,	1,	0,	NULL,	0,	2800,	1653333331,	1653333331,	NULL),
(9,	1,	10,	1,	0,	NULL,	0,	2300,	1653333331,	1653333331,	NULL),
(10,	1,	11,	1,	0,	NULL,	0,	1500,	1653333331,	1653333331,	NULL),
(11,	1,	12,	0,	0,	NULL,	0,	1600,	1653333331,	1653362858,	NULL),
(12,	1,	13,	0,	0,	NULL,	0,	1100,	1653333331,	1653500647,	NULL),
(13,	1,	14,	1,	0,	NULL,	0,	1200,	1653333331,	1653333331,	NULL),
(14,	1,	15,	1,	0,	NULL,	0,	1000,	1653333331,	1653333331,	NULL),
(15,	1,	16,	1,	0,	NULL,	0,	1200,	1653333331,	1653333331,	NULL),
(16,	1,	17,	1,	0,	NULL,	0,	1200,	1653333331,	1653333331,	NULL),
(17,	1,	18,	1,	0,	NULL,	0,	1200,	1653333331,	1653333331,	NULL),
(18,	1,	19,	1,	0,	NULL,	0,	1200,	1653333331,	1653333331,	NULL),
(19,	1,	20,	1,	0,	NULL,	0,	1200,	1653333331,	1653333331,	NULL),
(20,	1,	21,	1,	0,	NULL,	0,	600,	1653333331,	1653333331,	NULL),
(21,	1,	22,	1,	0,	NULL,	0,	600,	1653333331,	1653333331,	NULL),
(22,	1,	23,	1,	0,	NULL,	0,	1400,	1653333331,	1653333331,	NULL),
(23,	1,	24,	1,	0,	NULL,	0,	1000,	1653333331,	1653333331,	NULL),
(24,	1,	25,	1,	0,	NULL,	0,	1300,	1653333331,	1653333331,	NULL),
(25,	1,	26,	1,	0,	NULL,	0,	1600,	1653333331,	1653333331,	NULL),
(26,	1,	27,	1,	0,	NULL,	0,	1000,	1653333331,	1653333331,	NULL),
(27,	1,	28,	1,	0,	NULL,	0,	1500,	1653333331,	1653333331,	NULL),
(28,	1,	29,	1,	0,	NULL,	0,	1000,	1653367609,	1653367609,	NULL),
(29,	1,	30,	1,	0,	NULL,	0,	2500,	1653369320,	1653369320,	NULL),
(30,	1,	31,	1,	0,	NULL,	0,	2500,	1653369906,	1653369906,	NULL),
(31,	1,	32,	1,	0,	NULL,	0,	1100,	1653371682,	1653371682,	NULL),
(32,	1,	33,	1,	0,	NULL,	0,	1600,	1653372215,	1653372215,	NULL),
(33,	1,	34,	1,	0,	NULL,	0,	1800,	1653373045,	1653373045,	NULL),
(34,	1,	35,	1,	0,	NULL,	0,	1200,	1653373820,	1653373820,	NULL),
(35,	1,	36,	1,	0,	NULL,	0,	2800,	1653374302,	1653374302,	NULL),
(36,	1,	37,	1,	0,	NULL,	0,	2700,	1653375243,	1653375243,	NULL),
(37,	1,	38,	1,	0,	NULL,	0,	2700,	1653376122,	1653376122,	NULL),
(38,	1,	39,	1,	0,	NULL,	0,	3000,	1653377011,	1653377011,	NULL),
(39,	1,	40,	1,	0,	NULL,	0,	1600,	1653377639,	1653377639,	NULL),
(40,	1,	41,	1,	0,	NULL,	0,	2000,	1653379570,	1653379570,	NULL),
(41,	1,	42,	1,	0,	NULL,	0,	1500,	1653381142,	1653381142,	NULL),
(42,	1,	43,	1,	0,	NULL,	0,	1000,	1653381908,	1653381908,	NULL),
(43,	1,	44,	1,	0,	NULL,	0,	1300,	1653382697,	1653382697,	NULL),
(44,	1,	45,	1,	0,	NULL,	0,	500,	1653383699,	1653383699,	NULL),
(45,	1,	46,	1,	0,	NULL,	0,	400,	1653384501,	1653384501,	NULL),
(46,	1,	47,	1,	0,	NULL,	0,	1400,	1653385050,	1653385050,	NULL),
(47,	1,	48,	1,	0,	NULL,	0,	1300,	1653385494,	1653385494,	NULL),
(48,	1,	49,	1,	0,	NULL,	0,	2200,	1653388341,	1653388341,	NULL),
(49,	1,	50,	1,	0,	NULL,	0,	2000,	1653388971,	1653388971,	NULL),
(50,	1,	51,	1,	0,	NULL,	0,	2000,	1653390063,	1653390063,	NULL),
(51,	1,	52,	1,	0,	NULL,	0,	1300,	1653390495,	1653390495,	NULL),
(52,	1,	53,	32,	0,	NULL,	0,	180,	1653390916,	1653390916,	NULL),
(53,	1,	54,	1,	0,	NULL,	0,	1800,	1653391682,	1653391682,	NULL);

INSERT INTO `ax_main_ips` (`id`, `ip`, `status`, `created_at`, `updated_at`, `deleted_at`) VALUES
(1,	'46.159.206.136',	1,	1652123811,	1652123811,	NULL),
(2,	'127.0.0.1',	1,	1652175839,	1652175839,	NULL),
(3,	'45.157.215.217',	1,	1652518265,	1652518265,	NULL),
(4,	'45.157.215.64',	1,	1653288715,	1653288715,	NULL),
(5,	'85.174.199.10',	1,	1653333230,	1653333230,	NULL);

INSERT INTO `ax_main_migrations` (`id`, `migration`, `batch`) VALUES
(1,	'2022_01_01_075639_first_dump',	1),
(2,	'2022_03_22_162143_create_permission_tables',	1),
(3,	'2022_04_02_095219_insert_permission_tables',	1),
(4,	'2022_04_07_182444_insert_first_data',	1),
(5,	'2019_12_14_000001_create_personal_access_tokens_table',	2),
(12,	'2022_05_09_193948_create_fix_address_coupon_document_storage',	3);

INSERT INTO `ax_page` (`id`, `user_id`, `page_type_id`, `render_id`, `is_published`, `is_favourites`, `is_comments`, `is_watermark`, `url`, `alias`, `title`, `title_short`, `description`, `image`, `media`, `hits`, `sort`, `created_at`, `updated_at`, `deleted_at`) VALUES
(1,	6,	3,	1,	0,	0,	0,	0,	'history',	'history',	'История',	NULL,	'\n            <p class=\"history__paragraph\">\n                Привет, я Ира, и я делаю кухонные доски для Вас.\n            </p>\n            <p class=\"history__paragraph\">\n                Расскажу вам краткую историю как все началось.\n            </p>\n            <p class=\"history__paragraph\">\n                Возвращаясь после очередной поездки в горы, заряженные энергией природы, мы с супругом, как всегда,\n                всю дорогу разговаривали, обсуждая наши планы и как их можно реализовать.\n            </p>\n            <p class=\"history__paragraph\">\n                В один момент говорю ему, я хочу что-то создавать! Создавать сама, создавать такое, чтоб нравилось мне, чтоб получала удовольствие от процесса, и чтобы это было нужно и полезно людям.\n            </p>\n            <p class=\"history__paragraph\">\n                На тот момент я даже не подозревала о своей любви к дереву, что смогу работать с таки не простым материалом, ведь это совсем не легкий труд и прямо скажем не для девочки.\n            </p>\n            <p class=\"history__paragraph\">\n                В это время я трудилась в компании, в чистом, комфортном офисе.\n                Я понятия не имела что такого хочу создавать, но создавать я хотела это точно.\n            </p>\n            <p class=\"history__paragraph\">\n                Так произошло, что, приехав в гости к родителям, мы обнаружили у них в подвале доски из дуба, которые папа зачем-то туда положил много лет назад. И эти доски поехали к нам.\n            </p>\n            <p class=\"history__paragraph\">\n                Дело было перед новым годом, и мы решили из этого дуба сделать всем родным подарки в виде торцевых разделочных досок. Даже и не знаю почему мы это решили, наверное, судьба.\n            </p>\n            <p class=\"history__paragraph\">\n                Посмотрев кучу видео, как сие чудо делается, мы принялись за дело.\n                И у нас получилось это самое чудо, не с первого раза конечно, но получилось.\n            </p>\n            <p class=\"history__paragraph\">\n                Родные были в восторге от таких подарков, не веря, что они сделаны нами. Но мы были убедительны.\n            </p>\n            <p class=\"history__paragraph\">\n                Мне настолько понравился процесс их создания, я была полностью захвачена им. Особенно моментом, после финального распила, когда бруски переворачиваются торцами вверх, происходит магия. Появляется рисунок, рисунок, который создала сама природа. Он прекрасен, и повторить его невозможно, от слова совсем. Наверное, в этот момент я обнаружила свою страсть и любовь к этому замечательному ремеслу.\n            </p>\n            <p class=\"history__paragraph\">\n                Так как у супруга нет времени мне помогать, и я взялась за дело сама.\n            </p>\n            <p class=\"history__paragraph\">\n                Выяснилось, что не получится совмещать работу с деревом и работу в офисе, мы приняли решение о моем увольнение, и я ушла с основного места работы в свободное плавание, в шумную, пыльную мастерскую.\n            </p>\n            <p class=\"history__paragraph\">\n                Так я начала делать торцевые разделочные доски.\n            </p>\n            <p class=\"history__paragraph\">\n                В один прекрасный момент, мне попалась широкая необрезная доска, отстрогав ее я увидела потрясающий рисунок дерева, решила его не распускать на брус, а отложить.\n            </p>\n            <p class=\"history__paragraph\">\n                Так пришла мысль сделать доску из массива.\n            </p>\n            <p class=\"history__paragraph\">\n                Изготовив несколько досок, захотелось добавить что-то, какую-то изюминку, вишенку на торте.\n            </p>\n            <p class=\"history__paragraph\">\n                Пришла идея нанести рисунок с помощью обычного советского выжигателя.\n                Фокус не удался, мощность маловата, доска же из дуба.\n            </p>\n            <p class=\"history__paragraph\">\n                Так я приобрела себе профессиональный пирограф.\n            </p>\n            <p class=\"history__paragraph\">\n                С ним все получилось и понеслось. Хотелось выжигать на всех досках, а так как на торцевых такой возможности нет, я перешла на изделия из массива.\n            </p>\n            <p class=\"history__paragraph\">\n                Выпиливаю разные формы, подбираю к каждой рисунок, и получается вот такая уникальная доска, единственная в своем роде.\n            </p>\n            <p class=\"history__paragraph\">\n                Вот краткая история как я нашла себя в деревообработке.\n            </p>\n            <p class=\"history__paragraph\">\n                Все изделия, которые видите на сайте, сделано мной вручную. Я не пользуюсь современным оборудованием, которым управляет компьютер, станок с ЧПУ и лазер.\n            </p>\n            <p class=\"history__paragraph\">\n                Это говорит о том, что изделия не будут абсолютно одинаковыми.\n            </p>\n            <p class=\"history__paragraph\">\n                Форму доски подсказывает само дерево, рисунок наношу пирографом (возжигателем).\n            </p>\n            <p class=\"history__paragraph\">\n                В финишной обработке предпочитаю использовать только натуральные и безопасные материалы для человека и его здоровья.\n                Всё, чего касаются продукты, должно быть безопасным.\n            </p>\n            <p class=\"history__paragraph\">\n                Я против тонирующих и красящих веществ на химической основе. Да, они придают красивые цвета и оттенки, но как по мне, это не безопасно.\n            </p>\n            <p class=\"history__paragraph\">\n                Все цвета изделий что вы видите, это натуральный цвет дерева.\n            </p>\n            <p class=\"history__paragraph\">\n                Как сказал мой коллега: «Я считаю, что истинное мастерство, функциональность и простота, которые воплощают в жизнь ремесленные изделия, являются наиболее важными аспектами деревообработки.»\n            </p>\n        ',	NULL,	NULL,	0,	NULL,	1651608268,	1651608268,	NULL),
(2,	6,	3,	2,	0,	0,	0,	0,	'portfolio',	'portfolio',	'Портфолио',	NULL,	NULL,	NULL,	NULL,	0,	NULL,	1651608268,	1651608268,	NULL),
(3,	6,	3,	3,	0,	0,	0,	0,	'contact',	'contact',	'Контакты',	NULL,	NULL,	NULL,	NULL,	0,	NULL,	1651608269,	1651608269,	NULL);

-- 2022-06-03 21:49:24
